{"event":"get all categories","level":"info","msg":"Success to get all categories","time":"2025-03-27T14:32:35+08:00"}
{"event":"get all categories","level":"info","msg":"Success to get all categories","time":"2025-03-27T14:32:35+08:00"}
{"event":"get get articleCategoryList by categoryId","level":"info","msg":"Success to get articleCategoryList by categoryId","time":"2025-03-27T14:32:35+08:00"}
{"event":"get get articleCategoryList by categoryId","level":"info","msg":"Success to get articleCategoryList by categoryId","time":"2025-03-27T14:32:35+08:00"}
{"event":"get a articleDTO by id","level":"info","msg":"Success","time":"2025-03-27T14:32:35+08:00"}
{"event":"get a articleDTO by id","level":"info","msg":"Success","time":"2025-03-27T14:32:35+08:00"}
{"event":"get a articleDTO by id","level":"info","msg":"Success","time":"2025-03-27T14:32:35+08:00"}
{"event":"get a articleDTO by id","level":"info","msg":"Success","time":"2025-03-27T14:32:35+08:00"}
{"event":"get a articleDTO by id","level":"info","msg":"Success","time":"2025-03-27T14:32:35+08:00"}
{"event":"get get articleCategoryList by categoryId","level":"info","msg":"Success to get articleCategoryList by categoryId","time":"2025-03-27T14:32:35+08:00"}
{"event":"get get articleCategoryList by categoryId","level":"info","msg":"Success to get articleCategoryList by categoryId","time":"2025-03-27T14:32:35+08:00"}
{"event":"get a articleDTO by id","level":"info","msg":"Success","time":"2025-03-27T14:32:35+08:00"}
{"event":"get a articleDTO by id","level":"info","msg":"Success","time":"2025-03-27T14:32:35+08:00"}
{"event":"get a articleDTO by id","level":"info","msg":"Success","time":"2025-03-27T14:32:35+08:00"}
{"event":"get a articleDTO by id","level":"info","msg":"Success","time":"2025-03-27T14:32:35+08:00"}
{"event":"get a articleDTO by id","level":"info","msg":"Success","time":"2025-03-27T14:32:35+08:00"}
{"event":"get get articleCategoryList by categoryId","level":"info","msg":"Success to get articleCategoryList by categoryId","time":"2025-03-27T14:32:35+08:00"}
{"event":"get a articleDTO by id","level":"info","msg":"Success","time":"2025-03-27T14:32:35+08:00"}
{"event":"get get articleCategoryList by categoryId","level":"info","msg":"Success to get articleCategoryList by categoryId","time":"2025-03-27T14:32:35+08:00"}
{"event":"get a articleDTO by id","level":"info","msg":"Success","time":"2025-03-27T14:32:35+08:00"}
{"event":"get a articleDTO by id","level":"info","msg":"Success","time":"2025-03-27T14:32:35+08:00"}
{"event":"get a articleDTO by id","level":"info","msg":"Success","time":"2025-03-27T14:32:35+08:00"}
{"event":"get a articleDTO by id","level":"info","msg":"Success","time":"2025-03-27T14:32:35+08:00"}
{"event":"get get articleCategoryList by categoryId","level":"info","msg":"Success to get articleCategoryList by categoryId","time":"2025-03-27T14:32:45+08:00"}
{"event":"get a articleDTO by id","level":"info","msg":"Success","time":"2025-03-27T14:32:45+08:00"}
{"event":"get a articleDTO by id","level":"info","msg":"Success","time":"2025-03-27T14:32:45+08:00"}
{"event":"get a articleDTO by id","level":"info","msg":"Success","time":"2025-03-27T14:32:45+08:00"}
{"event":"get get articleCategoryList by categoryId","level":"info","msg":"Success to get articleCategoryList by categoryId","time":"2025-03-27T14:32:45+08:00"}
{"event":"get a articleDTO by id","level":"info","msg":"Success","time":"2025-03-27T14:32:45+08:00"}
{"event":"get a articleDTO by id","level":"info","msg":"Success","time":"2025-03-27T14:32:45+08:00"}
{"event":"get a articleDTO by id","level":"info","msg":"Success","time":"2025-03-27T14:32:45+08:00"}
{"event":"get all categories","level":"info","msg":"Success to get all categories","time":"2025-03-27T14:32:47+08:00"}
{"event":"get all categories","level":"info","msg":"Success to get all categories","time":"2025-03-27T14:32:47+08:00"}
{"event":"get get articleCategoryList by categoryId","level":"info","msg":"Success to get articleCategoryList by categoryId","time":"2025-03-27T14:32:48+08:00"}
{"event":"get a articleDTO by id","level":"info","msg":"Success","time":"2025-03-27T14:32:48+08:00"}
{"event":"get a articleDTO by id","level":"info","msg":"Success","time":"2025-03-27T14:32:48+08:00"}
{"event":"get get articleCategoryList by categoryId","level":"info","msg":"Success to get articleCategoryList by categoryId","time":"2025-03-27T14:32:48+08:00"}
{"event":"get a articleDTO by id","level":"info","msg":"Success","time":"2025-03-27T14:32:48+08:00"}
{"event":"get a articleDTO by id","level":"info","msg":"Success","time":"2025-03-27T14:32:48+08:00"}
{"event":"get all categories","level":"info","msg":"Success to get all categories","time":"2025-03-27T14:32:49+08:00"}
{"event":"get all categories","level":"info","msg":"Success to get all categories","time":"2025-03-27T14:32:49+08:00"}
{"event":"get get articleCategoryList by categoryId","level":"info","msg":"Success to get articleCategoryList by categoryId","time":"2025-03-27T14:32:49+08:00"}
{"event":"get a articleDTO by id","level":"info","msg":"Success","time":"2025-03-27T14:32:49+08:00"}
{"event":"get a articleDTO by id","level":"info","msg":"Success","time":"2025-03-27T14:32:49+08:00"}
{"event":"get a articleDTO by id","level":"info","msg":"Success","time":"2025-03-27T14:32:49+08:00"}
{"event":"get get articleCategoryList by categoryId","level":"info","msg":"Success to get articleCategoryList by categoryId","time":"2025-03-27T14:32:49+08:00"}
{"event":"get a articleDTO by id","level":"info","msg":"Success","time":"2025-03-27T14:32:49+08:00"}
{"event":"get a articleDTO by id","level":"info","msg":"Success","time":"2025-03-27T14:32:49+08:00"}
{"event":"get a articleDTO by id","level":"info","msg":"Success","time":"2025-03-27T14:32:49+08:00"}
{"event":"get all categories","level":"info","msg":"Success to get all categories","time":"2025-03-27T14:32:51+08:00"}
{"event":"get all categories","level":"info","msg":"Success to get all categories","time":"2025-03-27T14:32:51+08:00"}
{"event":"get all categories","level":"info","msg":"Success to get all categories","time":"2025-03-27T14:32:51+08:00"}
{"event":"get all categories","level":"info","msg":"Success to get all categories","time":"2025-03-27T14:32:51+08:00"}
{"event":"get get articleCategoryList by categoryId","level":"info","msg":"Success to get articleCategoryList by categoryId","time":"2025-03-27T14:32:51+08:00"}
{"event":"get get articleCategoryList by categoryId","level":"info","msg":"Success to get articleCategoryList by categoryId","time":"2025-03-27T14:32:51+08:00"}
{"event":"get a articleDTO by id","level":"info","msg":"Success","time":"2025-03-27T14:32:51+08:00"}
{"event":"get a articleDTO by id","level":"info","msg":"Success","time":"2025-03-27T14:32:51+08:00"}
{"event":"get a articleDTO by id","level":"info","msg":"Success","time":"2025-03-27T14:32:51+08:00"}
{"event":"get a articleDTO by id","level":"info","msg":"Success","time":"2025-03-27T14:32:51+08:00"}
{"event":"get a articleDTO by id","level":"info","msg":"Success","time":"2025-03-27T14:32:51+08:00"}
{"event":"get get articleCategoryList by categoryId","level":"info","msg":"Success to get articleCategoryList by categoryId","time":"2025-03-27T14:32:51+08:00"}
{"event":"get a articleDTO by id","level":"info","msg":"Success","time":"2025-03-27T14:32:51+08:00"}
{"event":"get get articleCategoryList by categoryId","level":"info","msg":"Success to get articleCategoryList by categoryId","time":"2025-03-27T14:32:51+08:00"}
{"event":"get a articleDTO by id","level":"info","msg":"Success","time":"2025-03-27T14:32:51+08:00"}
{"event":"get a articleDTO by id","level":"info","msg":"Success","time":"2025-03-27T14:32:51+08:00"}
{"event":"get a articleDTO by id","level":"info","msg":"Success","time":"2025-03-27T14:32:51+08:00"}
{"event":"get get articleCategoryList by categoryId","level":"info","msg":"Success to get articleCategoryList by categoryId","time":"2025-03-27T14:32:51+08:00"}
{"event":"get a articleDTO by id","level":"info","msg":"Success","time":"2025-03-27T14:32:51+08:00"}
{"event":"get a articleDTO by id","level":"info","msg":"Success","time":"2025-03-27T14:32:51+08:00"}
{"event":"get a articleDTO by id","level":"info","msg":"Success","time":"2025-03-27T14:32:51+08:00"}
{"event":"get get articleCategoryList by categoryId","level":"info","msg":"Success to get articleCategoryList by categoryId","time":"2025-03-27T14:32:51+08:00"}
{"event":"get a articleDTO by id","level":"info","msg":"Success","time":"2025-03-27T14:32:51+08:00"}
{"event":"get a articleDTO by id","level":"info","msg":"Success","time":"2025-03-27T14:32:51+08:00"}
{"event":"get a articleDTO by id","level":"info","msg":"Success","time":"2025-03-27T14:32:51+08:00"}
{"event":"get all categories","level":"info","msg":"Success to get all categories","time":"2025-03-27T14:32:52+08:00"}
{"event":"get all categories","level":"info","msg":"Success to get all categories","time":"2025-03-27T14:32:52+08:00"}
{"event":"get all categories","level":"info","msg":"Success to get all categories","time":"2025-03-27T14:32:58+08:00"}
{"event":"get all categories","level":"info","msg":"Success to get all categories","time":"2025-03-27T14:32:58+08:00"}
{"event":"get get articleCategoryList by categoryId","level":"info","msg":"Success to get articleCategoryList by categoryId","time":"2025-03-27T14:32:58+08:00"}
{"event":"get get articleCategoryList by categoryId","level":"info","msg":"Success to get articleCategoryList by categoryId","time":"2025-03-27T14:32:58+08:00"}
{"event":"get a articleDTO by id","level":"info","msg":"Success","time":"2025-03-27T14:32:58+08:00"}
{"event":"get a articleDTO by id","level":"info","msg":"Success","time":"2025-03-27T14:32:58+08:00"}
{"event":"get a articleDTO by id","level":"info","msg":"Success","time":"2025-03-27T14:32:58+08:00"}
{"event":"get a articleDTO by id","level":"info","msg":"Success","time":"2025-03-27T14:32:58+08:00"}
{"event":"get a articleDTO by id","level":"info","msg":"Success","time":"2025-03-27T14:32:58+08:00"}
{"event":"get get articleCategoryList by categoryId","level":"info","msg":"Success to get articleCategoryList by categoryId","time":"2025-03-27T14:32:58+08:00"}
{"event":"get a articleDTO by id","level":"info","msg":"Success","time":"2025-03-27T14:32:58+08:00"}
{"event":"get get articleCategoryList by categoryId","level":"info","msg":"Success to get articleCategoryList by categoryId","time":"2025-03-27T14:32:58+08:00"}
{"event":"get a articleDTO by id","level":"info","msg":"Success","time":"2025-03-27T14:32:58+08:00"}
{"event":"get a articleDTO by id","level":"info","msg":"Success","time":"2025-03-27T14:32:58+08:00"}
{"event":"get a articleDTO by id","level":"info","msg":"Success","time":"2025-03-27T14:32:58+08:00"}
{"event":"get a articleDTO by id","level":"info","msg":"Success","time":"2025-03-27T14:32:58+08:00"}
{"event":"get get articleCategoryList by categoryId","level":"info","msg":"Success to get articleCategoryList by categoryId","time":"2025-03-27T14:32:58+08:00"}
{"event":"get a articleDTO by id","level":"info","msg":"Success","time":"2025-03-27T14:32:58+08:00"}
{"event":"get a articleDTO by id","level":"info","msg":"Success","time":"2025-03-27T14:32:58+08:00"}
{"event":"get get articleCategoryList by categoryId","level":"info","msg":"Success to get articleCategoryList by categoryId","time":"2025-03-27T14:32:58+08:00"}
{"event":"get a articleDTO by id","level":"info","msg":"Success","time":"2025-03-27T14:32:58+08:00"}
{"event":"get a articleDTO by id","level":"info","msg":"Success","time":"2025-03-27T14:32:58+08:00"}
{"event":"get a articleDTO by id","level":"info","msg":"Success","time":"2025-03-27T14:32:58+08:00"}
{"event":"get a article by id","level":"info","msg":"Success","time":"2025-03-27T14:33:00+08:00"}
{"event":"get a article by id","level":"info","msg":"Success","time":"2025-03-27T14:33:00+08:00"}
{"event":"get all categories","level":"info","msg":"Success to get all categories","time":"2025-03-27T14:33:06+08:00"}
{"event":"get all categories","level":"info","msg":"Success to get all categories","time":"2025-03-27T14:33:06+08:00"}
{"event":"get get articleCategoryList by categoryId","level":"info","msg":"Success to get articleCategoryList by categoryId","time":"2025-03-27T14:33:06+08:00"}
{"event":"get get articleCategoryList by categoryId","level":"info","msg":"Success to get articleCategoryList by categoryId","time":"2025-03-27T14:33:06+08:00"}
{"event":"get a articleDTO by id","level":"info","msg":"Success","time":"2025-03-27T14:33:06+08:00"}
{"event":"get a articleDTO by id","level":"info","msg":"Success","time":"2025-03-27T14:33:06+08:00"}
{"event":"get a articleDTO by id","level":"info","msg":"Success","time":"2025-03-27T14:33:06+08:00"}
{"event":"get a articleDTO by id","level":"info","msg":"Success","time":"2025-03-27T14:33:06+08:00"}
{"event":"get a articleDTO by id","level":"info","msg":"Success","time":"2025-03-27T14:33:06+08:00"}
{"event":"get get articleCategoryList by categoryId","level":"info","msg":"Success to get articleCategoryList by categoryId","time":"2025-03-27T14:33:06+08:00"}
{"event":"get get articleCategoryList by categoryId","level":"info","msg":"Success to get articleCategoryList by categoryId","time":"2025-03-27T14:33:06+08:00"}
{"event":"get a articleDTO by id","level":"info","msg":"Success","time":"2025-03-27T14:33:06+08:00"}
{"event":"get a articleDTO by id","level":"info","msg":"Success","time":"2025-03-27T14:33:06+08:00"}
{"event":"get a articleDTO by id","level":"info","msg":"Success","time":"2025-03-27T14:33:06+08:00"}
{"event":"get a articleDTO by id","level":"info","msg":"Success","time":"2025-03-27T14:33:06+08:00"}
{"event":"get get articleCategoryList by categoryId","level":"info","msg":"Success to get articleCategoryList by categoryId","time":"2025-03-27T14:33:06+08:00"}
{"event":"get a articleDTO by id","level":"info","msg":"Success","time":"2025-03-27T14:33:06+08:00"}
{"event":"get a articleDTO by id","level":"info","msg":"Success","time":"2025-03-27T14:33:06+08:00"}
{"event":"get a articleDTO by id","level":"info","msg":"Success","time":"2025-03-27T14:33:06+08:00"}
{"event":"get get articleCategoryList by categoryId","level":"info","msg":"Success to get articleCategoryList by categoryId","time":"2025-03-27T14:33:06+08:00"}
{"event":"get a articleDTO by id","level":"info","msg":"Success","time":"2025-03-27T14:33:06+08:00"}
{"event":"get a articleDTO by id","level":"info","msg":"Success","time":"2025-03-27T14:33:06+08:00"}
{"event":"get a articleDTO by id","level":"info","msg":"Success","time":"2025-03-27T14:33:06+08:00"}
{"event":"get a article by id","level":"info","msg":"Success","time":"2025-03-27T14:33:08+08:00"}
{"event":"get a article by id","level":"info","msg":"Success","time":"2025-03-27T14:33:08+08:00"}
{"event":"get all categories","level":"info","msg":"Success to get all categories","time":"2025-03-27T14:33:13+08:00"}
{"event":"get all categories","level":"info","msg":"Success to get all categories","time":"2025-03-27T14:33:13+08:00"}
{"event":"get get articleCategoryList by categoryId","level":"info","msg":"Success to get articleCategoryList by categoryId","time":"2025-03-27T14:33:13+08:00"}
{"event":"get get articleCategoryList by categoryId","level":"info","msg":"Success to get articleCategoryList by categoryId","time":"2025-03-27T14:33:13+08:00"}
{"event":"get a articleDTO by id","level":"info","msg":"Success","time":"2025-03-27T14:33:13+08:00"}
{"event":"get a articleDTO by id","level":"info","msg":"Success","time":"2025-03-27T14:33:13+08:00"}
{"event":"get a articleDTO by id","level":"info","msg":"Success","time":"2025-03-27T14:33:13+08:00"}
{"event":"get a articleDTO by id","level":"info","msg":"Success","time":"2025-03-27T14:33:13+08:00"}
{"event":"get a articleDTO by id","level":"info","msg":"Success","time":"2025-03-27T14:33:13+08:00"}
{"event":"get get articleCategoryList by categoryId","level":"info","msg":"Success to get articleCategoryList by categoryId","time":"2025-03-27T14:33:13+08:00"}
{"event":"get a articleDTO by id","level":"info","msg":"Success","time":"2025-03-27T14:33:13+08:00"}
{"event":"get a articleDTO by id","level":"info","msg":"Success","time":"2025-03-27T14:33:13+08:00"}
{"event":"get get articleCategoryList by categoryId","level":"info","msg":"Success to get articleCategoryList by categoryId","time":"2025-03-27T14:33:13+08:00"}
{"event":"get a articleDTO by id","level":"info","msg":"Success","time":"2025-03-27T14:33:13+08:00"}
{"event":"get get articleCategoryList by categoryId","level":"info","msg":"Success to get articleCategoryList by categoryId","time":"2025-03-27T14:33:13+08:00"}
{"event":"get a articleDTO by id","level":"info","msg":"Success","time":"2025-03-27T14:33:13+08:00"}
{"event":"get a articleDTO by id","level":"info","msg":"Success","time":"2025-03-27T14:33:13+08:00"}
{"event":"get a articleDTO by id","level":"info","msg":"Success","time":"2025-03-27T14:33:13+08:00"}
{"event":"get a articleDTO by id","level":"info","msg":"Success","time":"2025-03-27T14:33:13+08:00"}
{"event":"get get articleCategoryList by categoryId","level":"info","msg":"Success to get articleCategoryList by categoryId","time":"2025-03-27T14:33:13+08:00"}
{"event":"get a articleDTO by id","level":"info","msg":"Success","time":"2025-03-27T14:33:13+08:00"}
{"event":"get a articleDTO by id","level":"info","msg":"Success","time":"2025-03-27T14:33:13+08:00"}
{"event":"get a articleDTO by id","level":"info","msg":"Success","time":"2025-03-27T14:33:13+08:00"}
{"event":"get a article by id","level":"info","msg":"Success","time":"2025-03-27T14:33:14+08:00"}
{"event":"get a article by id","level":"info","msg":"Success","time":"2025-03-27T14:33:14+08:00"}
{"event":"get all categories","level":"info","msg":"Success to get all categories","time":"2025-03-27T14:34:06+08:00"}
{"event":"get all categories","level":"info","msg":"Success to get all categories","time":"2025-03-27T14:34:06+08:00"}
{"event":"get all categories","level":"info","msg":"Success to get all categories","time":"2025-03-27T14:34:06+08:00"}
{"event":"get get articleCategoryList by categoryId","level":"info","msg":"Success to get articleCategoryList by categoryId","time":"2025-03-27T14:34:06+08:00"}
{"event":"get get articleCategoryList by categoryId","level":"info","msg":"Success to get articleCategoryList by categoryId","time":"2025-03-27T14:34:06+08:00"}
{"event":"get a articleDTO by id","level":"info","msg":"Success","time":"2025-03-27T14:34:06+08:00"}
{"event":"get a articleDTO by id","level":"info","msg":"Success","time":"2025-03-27T14:34:06+08:00"}
{"event":"get a articleDTO by id","level":"info","msg":"Success","time":"2025-03-27T14:34:06+08:00"}
{"event":"get a articleDTO by id","level":"info","msg":"Success","time":"2025-03-27T14:34:06+08:00"}
{"event":"get a articleDTO by id","level":"info","msg":"Success","time":"2025-03-27T14:34:06+08:00"}
{"event":"get get articleCategoryList by categoryId","level":"info","msg":"Success to get articleCategoryList by categoryId","time":"2025-03-27T14:34:06+08:00"}
{"event":"get a articleDTO by id","level":"info","msg":"Success","time":"2025-03-27T14:34:06+08:00"}
{"event":"get get articleCategoryList by categoryId","level":"info","msg":"Success to get articleCategoryList by categoryId","time":"2025-03-27T14:34:06+08:00"}
{"event":"get a articleDTO by id","level":"info","msg":"Success","time":"2025-03-27T14:34:06+08:00"}
{"event":"get a articleDTO by id","level":"info","msg":"Success","time":"2025-03-27T14:34:06+08:00"}
{"event":"get a articleDTO by id","level":"info","msg":"Success","time":"2025-03-27T14:34:06+08:00"}
{"event":"get a articleDTO by id","level":"info","msg":"Success","time":"2025-03-27T14:34:06+08:00"}
{"event":"get get articleCategoryList by categoryId","level":"info","msg":"Success to get articleCategoryList by categoryId","time":"2025-03-27T14:34:06+08:00"}
{"event":"get a articleDTO by id","level":"info","msg":"Success","time":"2025-03-27T14:34:06+08:00"}
{"event":"get get articleCategoryList by categoryId","level":"info","msg":"Success to get articleCategoryList by categoryId","time":"2025-03-27T14:34:06+08:00"}
{"event":"get a articleDTO by id","level":"info","msg":"Success","time":"2025-03-27T14:34:06+08:00"}
{"event":"get a articleDTO by id","level":"info","msg":"Success","time":"2025-03-27T14:34:06+08:00"}
{"event":"get a articleDTO by id","level":"info","msg":"Success","time":"2025-03-27T14:34:06+08:00"}
{"event":"get a articleDTO by id","level":"info","msg":"Success","time":"2025-03-27T14:34:06+08:00"}
{"event":"get all categories","level":"info","msg":"Success to get all categories","time":"2025-03-27T14:35:11+08:00"}
{"event":"get all categories","level":"info","msg":"Success to get all categories","time":"2025-03-27T14:35:11+08:00"}
{"event":"get get articleCategoryList by categoryId","level":"info","msg":"Success to get articleCategoryList by categoryId","time":"2025-03-27T14:35:11+08:00"}
{"event":"get get articleCategoryList by categoryId","level":"info","msg":"Success to get articleCategoryList by categoryId","time":"2025-03-27T14:35:11+08:00"}
{"event":"get a articleDTO by id","level":"info","msg":"Success","time":"2025-03-27T14:35:11+08:00"}
{"event":"get a articleDTO by id","level":"info","msg":"Success","time":"2025-03-27T14:35:11+08:00"}
{"event":"get a articleDTO by id","level":"info","msg":"Success","time":"2025-03-27T14:35:11+08:00"}
{"event":"get a articleDTO by id","level":"info","msg":"Success","time":"2025-03-27T14:35:11+08:00"}
{"event":"get a articleDTO by id","level":"info","msg":"Success","time":"2025-03-27T14:35:11+08:00"}
{"event":"get get articleCategoryList by categoryId","level":"info","msg":"Success to get articleCategoryList by categoryId","time":"2025-03-27T14:35:11+08:00"}
{"event":"get get articleCategoryList by categoryId","level":"info","msg":"Success to get articleCategoryList by categoryId","time":"2025-03-27T14:35:11+08:00"}
{"event":"get a articleDTO by id","level":"info","msg":"Success","time":"2025-03-27T14:35:11+08:00"}
{"event":"get a articleDTO by id","level":"info","msg":"Success","time":"2025-03-27T14:35:11+08:00"}
{"event":"get a articleDTO by id","level":"info","msg":"Success","time":"2025-03-27T14:35:11+08:00"}
{"event":"get a articleDTO by id","level":"info","msg":"Success","time":"2025-03-27T14:35:11+08:00"}
{"event":"get a articleDTO by id","level":"info","msg":"Success","time":"2025-03-27T14:35:11+08:00"}
{"event":"get a article by id","level":"info","msg":"Success","time":"2025-03-27T14:35:14+08:00"}
{"event":"get a article by id","level":"info","msg":"Success","time":"2025-03-27T14:35:14+08:00"}
{"event":"get a article by id","level":"info","msg":"Success","time":"2025-03-27T14:38:17+08:00"}
{"event":"get a article by id","level":"info","msg":"Success","time":"2025-03-27T14:38:17+08:00"}
{"event":"get a article by id","level":"info","msg":"Success","time":"2025-03-27T14:41:48+08:00"}
{"event":"get a article by id","level":"info","msg":"Success","time":"2025-03-27T14:46:17+08:00"}
{"event":"get a article by id","level":"info","msg":"Success","time":"2025-03-27T14:46:28+08:00"}
{"event":"get a article by id","level":"info","msg":"Success","time":"2025-03-27T14:54:09+08:00"}
{"event":"get a article by id","level":"info","msg":"Success","time":"2025-03-27T14:54:40+08:00"}
{"event":"get a article by id","level":"info","msg":"Success","time":"2025-03-27T14:54:40+08:00"}
{"event":"get a article by id","level":"info","msg":"Success","time":"2025-03-27T14:55:02+08:00"}
{"event":"get a article by id","level":"info","msg":"Success","time":"2025-03-27T14:58:34+08:00"}
{"event":"get a article by id","level":"info","msg":"Success","time":"2025-03-27T14:58:34+08:00"}
{"event":"get all categories","level":"info","msg":"Success to get all categories","time":"2025-03-27T14:58:37+08:00"}
{"event":"get all categories","level":"info","msg":"Success to get all categories","time":"2025-03-27T14:58:37+08:00"}
{"event":"get get articleCategoryList by categoryId","level":"info","msg":"Success to get articleCategoryList by categoryId","time":"2025-03-27T14:58:37+08:00"}
{"event":"get get articleCategoryList by categoryId","level":"info","msg":"Success to get articleCategoryList by categoryId","time":"2025-03-27T14:58:37+08:00"}
{"event":"get a articleDTO by id","level":"info","msg":"Success","time":"2025-03-27T14:58:37+08:00"}
{"event":"get a articleDTO by id","level":"info","msg":"Success","time":"2025-03-27T14:58:37+08:00"}
{"event":"get a articleDTO by id","level":"info","msg":"Success","time":"2025-03-27T14:58:37+08:00"}
{"event":"get a articleDTO by id","level":"info","msg":"Success","time":"2025-03-27T14:58:37+08:00"}
{"event":"get a articleDTO by id","level":"info","msg":"Success","time":"2025-03-27T14:58:37+08:00"}
{"event":"get get articleCategoryList by categoryId","level":"info","msg":"Success to get articleCategoryList by categoryId","time":"2025-03-27T14:58:37+08:00"}
{"event":"get get articleCategoryList by categoryId","level":"info","msg":"Success to get articleCategoryList by categoryId","time":"2025-03-27T14:58:37+08:00"}
{"event":"get a articleDTO by id","level":"info","msg":"Success","time":"2025-03-27T14:58:37+08:00"}
{"event":"get a articleDTO by id","level":"info","msg":"Success","time":"2025-03-27T14:58:37+08:00"}
{"event":"get a articleDTO by id","level":"info","msg":"Success","time":"2025-03-27T14:58:37+08:00"}
{"event":"get a articleDTO by id","level":"info","msg":"Success","time":"2025-03-27T14:58:37+08:00"}
{"event":"get a articleDTO by id","level":"info","msg":"Success","time":"2025-03-27T14:58:37+08:00"}
{"event":"get get articleCategoryList by categoryId","level":"info","msg":"Success to get articleCategoryList by categoryId","time":"2025-03-27T14:58:37+08:00"}
{"event":"get a articleDTO by id","level":"info","msg":"Success","time":"2025-03-27T14:58:37+08:00"}
{"event":"get get articleCategoryList by categoryId","level":"info","msg":"Success to get articleCategoryList by categoryId","time":"2025-03-27T14:58:37+08:00"}
{"event":"get a articleDTO by id","level":"info","msg":"Success","time":"2025-03-27T14:58:37+08:00"}
{"event":"get a articleDTO by id","level":"info","msg":"Success","time":"2025-03-27T14:58:37+08:00"}
{"event":"get a articleDTO by id","level":"info","msg":"Success","time":"2025-03-27T14:58:37+08:00"}
{"event":"get a articleDTO by id","level":"info","msg":"Success","time":"2025-03-27T14:58:37+08:00"}
{"event":"get all categories","level":"info","msg":"Success to get all categories","time":"2025-03-27T14:58:38+08:00"}
{"event":"get all categories","level":"info","msg":"Success to get all categories","time":"2025-03-27T14:58:38+08:00"}
{"event":"get all categories","level":"info","msg":"Success to get all categories","time":"2025-03-27T14:58:38+08:00"}
{"event":"get all categories","level":"info","msg":"Success to get all categories","time":"2025-03-27T14:58:38+08:00"}
{"event":"get get articleCategoryList by categoryId","level":"info","msg":"Success to get articleCategoryList by categoryId","time":"2025-03-27T14:58:38+08:00"}
{"event":"get get articleCategoryList by categoryId","level":"info","msg":"Success to get articleCategoryList by categoryId","time":"2025-03-27T14:58:38+08:00"}
{"event":"get a articleDTO by id","level":"info","msg":"Success","time":"2025-03-27T14:58:38+08:00"}
{"event":"get a articleDTO by id","level":"info","msg":"Success","time":"2025-03-27T14:58:38+08:00"}
{"event":"get a articleDTO by id","level":"info","msg":"Success","time":"2025-03-27T14:58:38+08:00"}
{"event":"get a articleDTO by id","level":"info","msg":"Success","time":"2025-03-27T14:58:38+08:00"}
{"event":"get a articleDTO by id","level":"info","msg":"Success","time":"2025-03-27T14:58:38+08:00"}
{"event":"get get articleCategoryList by categoryId","level":"info","msg":"Success to get articleCategoryList by categoryId","time":"2025-03-27T14:58:38+08:00"}
{"event":"get get articleCategoryList by categoryId","level":"info","msg":"Success to get articleCategoryList by categoryId","time":"2025-03-27T14:58:38+08:00"}
{"event":"get a articleDTO by id","level":"info","msg":"Success","time":"2025-03-27T14:58:38+08:00"}
{"event":"get a articleDTO by id","level":"info","msg":"Success","time":"2025-03-27T14:58:38+08:00"}
{"event":"get a articleDTO by id","level":"info","msg":"Success","time":"2025-03-27T14:58:38+08:00"}
{"event":"get a articleDTO by id","level":"info","msg":"Success","time":"2025-03-27T14:58:38+08:00"}
{"event":"get a articleDTO by id","level":"info","msg":"Success","time":"2025-03-27T14:58:38+08:00"}
{"event":"get get articleCategoryList by categoryId","level":"info","msg":"Success to get articleCategoryList by categoryId","time":"2025-03-27T14:58:38+08:00"}
{"event":"get get articleCategoryList by categoryId","level":"info","msg":"Success to get articleCategoryList by categoryId","time":"2025-03-27T14:58:38+08:00"}
{"event":"get a articleDTO by id","level":"info","msg":"Success","time":"2025-03-27T14:58:38+08:00"}
{"event":"get a articleDTO by id","level":"info","msg":"Success","time":"2025-03-27T14:58:38+08:00"}
{"event":"get a articleDTO by id","level":"info","msg":"Success","time":"2025-03-27T14:58:38+08:00"}
{"event":"get a articleDTO by id","level":"info","msg":"Success","time":"2025-03-27T14:58:38+08:00"}
{"event":"get a articleDTO by id","level":"info","msg":"Success","time":"2025-03-27T14:58:38+08:00"}
{"event":"get all categories","level":"info","msg":"Success to get all categories","time":"2025-03-27T14:58:39+08:00"}
{"event":"get all categories","level":"info","msg":"Success to get all categories","time":"2025-03-27T14:58:39+08:00"}
{"event":"get all categories","level":"info","msg":"Success to get all categories","time":"2025-03-27T14:58:40+08:00"}
{"event":"get all categories","level":"info","msg":"Success to get all categories","time":"2025-03-27T14:58:40+08:00"}
{"event":"get get articleCategoryList by categoryId","level":"info","msg":"Success to get articleCategoryList by categoryId","time":"2025-03-27T14:58:40+08:00"}
{"event":"get get articleCategoryList by categoryId","level":"info","msg":"Success to get articleCategoryList by categoryId","time":"2025-03-27T14:58:40+08:00"}
{"event":"get a articleDTO by id","level":"info","msg":"Success","time":"2025-03-27T14:58:40+08:00"}
{"event":"get a articleDTO by id","level":"info","msg":"Success","time":"2025-03-27T14:58:40+08:00"}
{"event":"get a articleDTO by id","level":"info","msg":"Success","time":"2025-03-27T14:58:40+08:00"}
{"event":"get a articleDTO by id","level":"info","msg":"Success","time":"2025-03-27T14:58:40+08:00"}
{"event":"get a articleDTO by id","level":"info","msg":"Success","time":"2025-03-27T14:58:40+08:00"}
{"event":"get get articleCategoryList by categoryId","level":"info","msg":"Success to get articleCategoryList by categoryId","time":"2025-03-27T14:58:40+08:00"}
{"event":"get a articleDTO by id","level":"info","msg":"Success","time":"2025-03-27T14:58:40+08:00"}
{"event":"get get articleCategoryList by categoryId","level":"info","msg":"Success to get articleCategoryList by categoryId","time":"2025-03-27T14:58:40+08:00"}
{"event":"get a articleDTO by id","level":"info","msg":"Success","time":"2025-03-27T14:58:40+08:00"}
{"event":"get a articleDTO by id","level":"info","msg":"Success","time":"2025-03-27T14:58:40+08:00"}
{"event":"get a articleDTO by id","level":"info","msg":"Success","time":"2025-03-27T14:58:40+08:00"}
{"event":"get a articleDTO by id","level":"info","msg":"Success","time":"2025-03-27T14:58:40+08:00"}
{"event":"get get articleCategoryList by categoryId","level":"info","msg":"Success to get articleCategoryList by categoryId","time":"2025-03-27T14:58:40+08:00"}
{"event":"get a articleDTO by id","level":"info","msg":"Success","time":"2025-03-27T14:58:40+08:00"}
{"event":"get get articleCategoryList by categoryId","level":"info","msg":"Success to get articleCategoryList by categoryId","time":"2025-03-27T14:58:40+08:00"}
{"event":"get a articleDTO by id","level":"info","msg":"Success","time":"2025-03-27T14:58:40+08:00"}
{"event":"get a articleDTO by id","level":"info","msg":"Success","time":"2025-03-27T14:58:40+08:00"}
{"event":"get a articleDTO by id","level":"info","msg":"Success","time":"2025-03-27T14:58:40+08:00"}
{"event":"get a articleDTO by id","level":"info","msg":"Success","time":"2025-03-27T14:58:40+08:00"}
{"event":"get a article by id","level":"info","msg":"Success","time":"2025-03-27T14:58:43+08:00"}
{"event":"get a article by id","level":"info","msg":"Success","time":"2025-03-27T14:58:43+08:00"}
{"event":"get a article by id","level":"info","msg":"Success","time":"2025-03-27T14:59:48+08:00"}
{"event":"get a article by id","level":"info","msg":"Success","time":"2025-03-27T15:03:41+08:00"}
{"event":"get a article by id","level":"info","msg":"Success","time":"2025-03-27T15:03:41+08:00"}
{"event":"get a article by id","level":"info","msg":"Success","time":"2025-03-27T15:04:06+08:00"}
{"event":"get a article by id","level":"info","msg":"Success","time":"2025-03-27T15:04:06+08:00"}
{"event":"get a article by id","level":"info","msg":"Success","time":"2025-03-27T15:08:03+08:00"}
{"event":"get a article by id","level":"info","msg":"Success","time":"2025-03-27T15:08:03+08:00"}
{"event":"get a article by id","level":"info","msg":"Success","time":"2025-03-27T15:21:16+08:00"}
{"event":"get a article by id","level":"info","msg":"Success","time":"2025-03-27T15:21:16+08:00"}
{"event":"get a article by id","level":"info","msg":"Success","time":"2025-03-27T16:31:57+08:00"}
{"event":"get all categories","level":"info","msg":"Success to get all categories","time":"2025-03-27T16:45:29+08:00"}
{"event":"get all categories","level":"info","msg":"Success to get all categories","time":"2025-03-27T16:45:29+08:00"}
{"event":"get get articleCategoryList by categoryId","level":"info","msg":"Success to get articleCategoryList by categoryId","time":"2025-03-27T16:45:29+08:00"}
{"event":"get a articleDTO by id","level":"info","msg":"Success","time":"2025-03-27T16:45:29+08:00"}
{"event":"get a articleDTO by id","level":"info","msg":"Success","time":"2025-03-27T16:45:29+08:00"}
{"event":"get a articleDTO by id","level":"info","msg":"Success","time":"2025-03-27T16:45:29+08:00"}
{"event":"get get articleCategoryList by categoryId","level":"info","msg":"Success to get articleCategoryList by categoryId","time":"2025-03-27T16:45:29+08:00"}
{"event":"get a articleDTO by id","level":"info","msg":"Success","time":"2025-03-27T16:45:29+08:00"}
{"event":"get a articleDTO by id","level":"info","msg":"Success","time":"2025-03-27T16:45:29+08:00"}
{"event":"get a articleDTO by id","level":"info","msg":"Success","time":"2025-03-27T16:45:29+08:00"}
{"event":"get get articleCategoryList by categoryId","level":"info","msg":"Success to get articleCategoryList by categoryId","time":"2025-03-27T16:45:29+08:00"}
{"event":"get a articleDTO by id","level":"info","msg":"Success","time":"2025-03-27T16:45:29+08:00"}
{"event":"get a articleDTO by id","level":"info","msg":"Success","time":"2025-03-27T16:45:29+08:00"}
{"event":"get a articleDTO by id","level":"info","msg":"Success","time":"2025-03-27T16:45:29+08:00"}
{"event":"get get articleCategoryList by categoryId","level":"info","msg":"Success to get articleCategoryList by categoryId","time":"2025-03-27T16:45:29+08:00"}
{"event":"get a articleDTO by id","level":"info","msg":"Success","time":"2025-03-27T16:45:29+08:00"}
{"event":"get a articleDTO by id","level":"info","msg":"Success","time":"2025-03-27T16:45:29+08:00"}
{"event":"get get articleCategoryList by categoryId","level":"info","msg":"Success to get articleCategoryList by categoryId","time":"2025-03-27T16:45:29+08:00"}
{"event":"get a articleDTO by id","level":"info","msg":"Success","time":"2025-03-27T16:45:29+08:00"}
{"event":"get a articleDTO by id","level":"info","msg":"Success","time":"2025-03-27T16:45:29+08:00"}
{"event":"get get articleCategoryList by categoryId","level":"info","msg":"Success to get articleCategoryList by categoryId","time":"2025-03-27T16:45:29+08:00"}
{"event":"get a articleDTO by id","level":"info","msg":"Success","time":"2025-03-27T16:45:29+08:00"}
{"event":"get a articleDTO by id","level":"info","msg":"Success","time":"2025-03-27T16:45:29+08:00"}
{"event":"get all categories","level":"info","msg":"Success to get all categories","time":"2025-03-27T16:48:27+08:00"}
{"event":"get all categories","level":"info","msg":"Success to get all categories","time":"2025-03-27T16:48:27+08:00"}
{"event":"get get articleCategoryList by categoryId","level":"info","msg":"Success to get articleCategoryList by categoryId","time":"2025-03-27T16:48:27+08:00"}
{"event":"get get articleCategoryList by categoryId","level":"info","msg":"Success to get articleCategoryList by categoryId","time":"2025-03-27T16:48:27+08:00"}
{"event":"get a articleDTO by id","level":"info","msg":"Success","time":"2025-03-27T16:48:27+08:00"}
{"event":"get a articleDTO by id","level":"info","msg":"Success","time":"2025-03-27T16:48:27+08:00"}
{"event":"get a articleDTO by id","level":"info","msg":"Success","time":"2025-03-27T16:48:27+08:00"}
{"event":"get a articleDTO by id","level":"info","msg":"Success","time":"2025-03-27T16:48:27+08:00"}
{"event":"get a articleDTO by id","level":"info","msg":"Success","time":"2025-03-27T16:48:27+08:00"}
{"event":"get get articleCategoryList by categoryId","level":"info","msg":"Success to get articleCategoryList by categoryId","time":"2025-03-27T16:48:27+08:00"}
{"event":"get get articleCategoryList by categoryId","level":"info","msg":"Success to get articleCategoryList by categoryId","time":"2025-03-27T16:48:27+08:00"}
{"event":"get a articleDTO by id","level":"info","msg":"Success","time":"2025-03-27T16:48:27+08:00"}
{"event":"get a articleDTO by id","level":"info","msg":"Success","time":"2025-03-27T16:48:27+08:00"}
{"event":"get a articleDTO by id","level":"info","msg":"Success","time":"2025-03-27T16:48:27+08:00"}
{"event":"get a articleDTO by id","level":"info","msg":"Success","time":"2025-03-27T16:48:27+08:00"}
{"event":"get a articleDTO by id","level":"info","msg":"Success","time":"2025-03-27T16:48:27+08:00"}
{"event":"get all categories","level":"info","msg":"Success to get all categories","time":"2025-03-27T17:58:59+08:00"}
{"event":"get all categories","level":"info","msg":"Success to get all categories","time":"2025-03-27T17:58:59+08:00"}
{"event":"get get articleCategoryList by categoryId","level":"info","msg":"Success to get articleCategoryList by categoryId","time":"2025-03-27T17:58:59+08:00"}
{"event":"get a articleDTO by id","level":"info","msg":"Success","time":"2025-03-27T17:58:59+08:00"}
{"event":"get a articleDTO by id","level":"info","msg":"Success","time":"2025-03-27T17:58:59+08:00"}
{"event":"get get articleCategoryList by categoryId","level":"info","msg":"Success to get articleCategoryList by categoryId","time":"2025-03-27T17:58:59+08:00"}
{"event":"get a articleDTO by id","level":"info","msg":"Success","time":"2025-03-27T17:58:59+08:00"}
{"event":"get a articleDTO by id","level":"info","msg":"Success","time":"2025-03-27T17:58:59+08:00"}
{"event":"get get articleCategoryList by categoryId","level":"info","msg":"Success to get articleCategoryList by categoryId","time":"2025-03-27T17:58:59+08:00"}
{"event":"get a articleDTO by id","level":"info","msg":"Success","time":"2025-03-27T17:58:59+08:00"}
{"event":"get a articleDTO by id","level":"info","msg":"Success","time":"2025-03-27T17:58:59+08:00"}
{"event":"get get articleCategoryList by categoryId","level":"info","msg":"Success to get articleCategoryList by categoryId","time":"2025-03-27T17:58:59+08:00"}
{"event":"get a articleDTO by id","level":"info","msg":"Success","time":"2025-03-27T17:58:59+08:00"}
{"event":"get a articleDTO by id","level":"info","msg":"Success","time":"2025-03-27T17:58:59+08:00"}
{"event":"get a articleDTO by id","level":"info","msg":"Success","time":"2025-03-27T17:58:59+08:00"}
{"event":"get get articleCategoryList by categoryId","level":"info","msg":"Success to get articleCategoryList by categoryId","time":"2025-03-27T17:58:59+08:00"}
{"event":"get a articleDTO by id","level":"info","msg":"Success","time":"2025-03-27T17:58:59+08:00"}
{"event":"get a articleDTO by id","level":"info","msg":"Success","time":"2025-03-27T17:58:59+08:00"}
{"event":"get a articleDTO by id","level":"info","msg":"Success","time":"2025-03-27T17:58:59+08:00"}
{"event":"get get articleCategoryList by categoryId","level":"info","msg":"Success to get articleCategoryList by categoryId","time":"2025-03-27T17:58:59+08:00"}
{"event":"get a articleDTO by id","level":"info","msg":"Success","time":"2025-03-27T17:58:59+08:00"}
{"event":"get a articleDTO by id","level":"info","msg":"Success","time":"2025-03-27T17:58:59+08:00"}
{"event":"get a articleDTO by id","level":"info","msg":"Success","time":"2025-03-27T17:58:59+08:00"}
{"event":"get a articleDTOs by keywords","level":"info","msg":"Success","time":"2025-03-27T17:59:04+08:00"}
{"event":"get a articleDTOs by keywords","level":"info","msg":"Success","time":"2025-03-27T17:59:04+08:00"}
{"event":"get a articleDTOs by keywords","level":"info","msg":"Success","time":"2025-03-27T17:59:04+08:00"}
{"event":"get all categories","level":"info","msg":"Success to get all categories","time":"2025-03-27T18:09:32+08:00"}
{"event":"get all categories","level":"info","msg":"Success to get all categories","time":"2025-03-27T18:09:38+08:00"}
{"event":"get all categories","level":"info","msg":"Success to get all categories","time":"2025-03-27T18:09:38+08:00"}
{"event":"get get articleCategoryList by categoryId","level":"info","msg":"Success to get articleCategoryList by categoryId","time":"2025-03-27T18:09:38+08:00"}
{"event":"get get articleCategoryList by categoryId","level":"info","msg":"Success to get articleCategoryList by categoryId","time":"2025-03-27T18:09:38+08:00"}
{"event":"get a articleDTO by id","level":"info","msg":"Success","time":"2025-03-27T18:09:38+08:00"}
{"event":"get a articleDTO by id","level":"info","msg":"Success","time":"2025-03-27T18:09:38+08:00"}
{"event":"get a articleDTO by id","level":"info","msg":"Success","time":"2025-03-27T18:09:38+08:00"}
{"event":"get a articleDTO by id","level":"info","msg":"Success","time":"2025-03-27T18:09:38+08:00"}
{"event":"get a articleDTO by id","level":"info","msg":"Success","time":"2025-03-27T18:09:38+08:00"}
{"event":"get get articleCategoryList by categoryId","level":"info","msg":"Success to get articleCategoryList by categoryId","time":"2025-03-27T18:09:38+08:00"}
{"event":"get get articleCategoryList by categoryId","level":"info","msg":"Success to get articleCategoryList by categoryId","time":"2025-03-27T18:09:38+08:00"}
{"event":"get a articleDTO by id","level":"info","msg":"Success","time":"2025-03-27T18:09:38+08:00"}
{"event":"get a articleDTO by id","level":"info","msg":"Success","time":"2025-03-27T18:09:38+08:00"}
{"event":"get a articleDTO by id","level":"info","msg":"Success","time":"2025-03-27T18:09:38+08:00"}
{"event":"get a articleDTO by id","level":"info","msg":"Success","time":"2025-03-27T18:09:38+08:00"}
{"event":"get a articleDTO by id","level":"info","msg":"Success","time":"2025-03-27T18:09:38+08:00"}
{"event":"get get articleCategoryList by categoryId","level":"info","msg":"Success to get articleCategoryList by categoryId","time":"2025-03-27T18:09:38+08:00"}
{"event":"get a articleDTO by id","level":"info","msg":"Success","time":"2025-03-27T18:09:38+08:00"}
{"event":"get get articleCategoryList by categoryId","level":"info","msg":"Success to get articleCategoryList by categoryId","time":"2025-03-27T18:09:38+08:00"}
{"event":"get a articleDTO by id","level":"info","msg":"Success","time":"2025-03-27T18:09:38+08:00"}
{"event":"get a articleDTO by id","level":"info","msg":"Success","time":"2025-03-27T18:09:38+08:00"}
{"event":"get a articleDTO by id","level":"info","msg":"Success","time":"2025-03-27T18:09:38+08:00"}
{"event":"get a articleDTO by id","level":"info","msg":"Success","time":"2025-03-27T18:09:38+08:00"}
{"event":"get a articleDTOs by keywords","level":"info","msg":"Success","time":"2025-03-27T18:09:45+08:00"}
{"event":"get a articleDTOs by keywords","level":"info","msg":"Success","time":"2025-03-27T18:09:45+08:00"}
{"event":"get a articleDTOs by keywords","level":"info","msg":"Success","time":"2025-03-27T18:09:45+08:00"}
{"event":"get a articleDTOs by keywords","level":"info","msg":"Success","time":"2025-03-27T18:11:24+08:00"}
{"event":"get a articleDTOs by keywords","level":"info","msg":"Success","time":"2025-03-27T18:12:44+08:00"}
{"event":"get a articleDTOs by keywords","level":"info","msg":"Success","time":"2025-03-27T18:13:07+08:00"}
{"event":"get a articleDTOs by keywords","level":"info","msg":"Success","time":"2025-03-27T18:14:34+08:00"}
{"event":"get a articleDTOs by keywords","level":"info","msg":"Success","time":"2025-03-27T18:16:04+08:00"}
{"event":"get a articleDTOs by keywords","level":"info","msg":"Success","time":"2025-03-27T18:16:58+08:00"}
{"event":"get a articleDTOs by keywords","level":"info","msg":"Success","time":"2025-03-27T18:18:05+08:00"}
{"event":"get a articleDTOs by keywords","level":"info","msg":"Success","time":"2025-03-27T18:19:20+08:00"}
{"event":"get a articleDTOs by keywords","level":"info","msg":"Success","time":"2025-03-27T18:20:45+08:00"}
{"event":"get a articleDTOs by keywords","level":"info","msg":"Success","time":"2025-03-27T18:22:25+08:00"}
{"event":"get a articleDTOs by keywords","level":"info","msg":"Success","time":"2025-03-27T19:04:40+08:00"}
{"event":"get all categories","level":"info","msg":"Success to get all categories","time":"2025-03-27T19:04:59+08:00"}
{"event":"get all categories","level":"info","msg":"Success to get all categories","time":"2025-03-27T19:04:59+08:00"}
{"event":"get get articleCategoryList by categoryId","level":"info","msg":"Success to get articleCategoryList by categoryId","time":"2025-03-27T19:04:59+08:00"}
{"event":"get get articleCategoryList by categoryId","level":"info","msg":"Success to get articleCategoryList by categoryId","time":"2025-03-27T19:04:59+08:00"}
{"event":"get a articleDTO by id","level":"info","msg":"Success","time":"2025-03-27T19:04:59+08:00"}
{"event":"get a articleDTO by id","level":"info","msg":"Success","time":"2025-03-27T19:04:59+08:00"}
{"event":"get a articleDTO by id","level":"info","msg":"Success","time":"2025-03-27T19:04:59+08:00"}
{"event":"get a articleDTO by id","level":"info","msg":"Success","time":"2025-03-27T19:04:59+08:00"}
{"event":"get a articleDTO by id","level":"info","msg":"Success","time":"2025-03-27T19:04:59+08:00"}
{"event":"get get articleCategoryList by categoryId","level":"info","msg":"Success to get articleCategoryList by categoryId","time":"2025-03-27T19:04:59+08:00"}
{"event":"get get articleCategoryList by categoryId","level":"info","msg":"Success to get articleCategoryList by categoryId","time":"2025-03-27T19:04:59+08:00"}
{"event":"get a articleDTO by id","level":"info","msg":"Success","time":"2025-03-27T19:04:59+08:00"}
{"event":"get a articleDTO by id","level":"info","msg":"Success","time":"2025-03-27T19:04:59+08:00"}
{"event":"get a articleDTO by id","level":"info","msg":"Success","time":"2025-03-27T19:04:59+08:00"}
{"event":"get a articleDTO by id","level":"info","msg":"Success","time":"2025-03-27T19:04:59+08:00"}
{"event":"get a articleDTO by id","level":"info","msg":"Success","time":"2025-03-27T19:04:59+08:00"}
{"event":"get get articleCategoryList by categoryId","level":"info","msg":"Success to get articleCategoryList by categoryId","time":"2025-03-27T19:04:59+08:00"}
{"event":"get a articleDTO by id","level":"info","msg":"Success","time":"2025-03-27T19:04:59+08:00"}
{"event":"get get articleCategoryList by categoryId","level":"info","msg":"Success to get articleCategoryList by categoryId","time":"2025-03-27T19:04:59+08:00"}
{"event":"get a articleDTO by id","level":"info","msg":"Success","time":"2025-03-27T19:04:59+08:00"}
{"event":"get a articleDTO by id","level":"info","msg":"Success","time":"2025-03-27T19:04:59+08:00"}
{"event":"get a articleDTO by id","level":"info","msg":"Success","time":"2025-03-27T19:04:59+08:00"}
{"event":"get a articleDTO by id","level":"info","msg":"Success","time":"2025-03-27T19:04:59+08:00"}
{"event":"get a articleDTOs by keywords","level":"info","msg":"Success","time":"2025-03-27T19:05:01+08:00"}
{"event":"get a articleDTOs by keywords","level":"info","msg":"Success","time":"2025-03-27T19:05:01+08:00"}
{"event":"get a articleDTOs by keywords","level":"info","msg":"Success","time":"2025-03-27T19:05:02+08:00"}
{"event":"get a articleDTOs by keywords","level":"info","msg":"Success","time":"2025-03-27T19:05:30+08:00"}
{"event":"get a articleDTOs by keywords","level":"info","msg":"Success","time":"2025-03-27T19:06:27+08:00"}
{"event":"get all categories","level":"info","msg":"Success to get all categories","time":"2025-03-27T19:06:30+08:00"}
{"event":"get all categories","level":"info","msg":"Success to get all categories","time":"2025-03-27T19:06:30+08:00"}
{"event":"get get articleCategoryList by categoryId","level":"info","msg":"Success to get articleCategoryList by categoryId","time":"2025-03-27T19:06:30+08:00"}
{"event":"get get articleCategoryList by categoryId","level":"info","msg":"Success to get articleCategoryList by categoryId","time":"2025-03-27T19:06:30+08:00"}
{"event":"get a articleDTO by id","level":"info","msg":"Success","time":"2025-03-27T19:06:30+08:00"}
{"event":"get a articleDTO by id","level":"info","msg":"Success","time":"2025-03-27T19:06:30+08:00"}
{"event":"get a articleDTO by id","level":"info","msg":"Success","time":"2025-03-27T19:06:30+08:00"}
{"event":"get a articleDTO by id","level":"info","msg":"Success","time":"2025-03-27T19:06:30+08:00"}
{"event":"get a articleDTO by id","level":"info","msg":"Success","time":"2025-03-27T19:06:30+08:00"}
{"event":"get get articleCategoryList by categoryId","level":"info","msg":"Success to get articleCategoryList by categoryId","time":"2025-03-27T19:06:30+08:00"}
{"event":"get a articleDTO by id","level":"info","msg":"Success","time":"2025-03-27T19:06:30+08:00"}
{"event":"get a articleDTO by id","level":"info","msg":"Success","time":"2025-03-27T19:06:30+08:00"}
{"event":"get get articleCategoryList by categoryId","level":"info","msg":"Success to get articleCategoryList by categoryId","time":"2025-03-27T19:06:30+08:00"}
{"event":"get a articleDTO by id","level":"info","msg":"Success","time":"2025-03-27T19:06:30+08:00"}
{"event":"get get articleCategoryList by categoryId","level":"info","msg":"Success to get articleCategoryList by categoryId","time":"2025-03-27T19:06:30+08:00"}
{"event":"get a articleDTO by id","level":"info","msg":"Success","time":"2025-03-27T19:06:30+08:00"}
{"event":"get a articleDTO by id","level":"info","msg":"Success","time":"2025-03-27T19:06:30+08:00"}
{"event":"get a articleDTO by id","level":"info","msg":"Success","time":"2025-03-27T19:06:30+08:00"}
{"event":"get a articleDTO by id","level":"info","msg":"Success","time":"2025-03-27T19:06:30+08:00"}
{"event":"get get articleCategoryList by categoryId","level":"info","msg":"Success to get articleCategoryList by categoryId","time":"2025-03-27T19:06:30+08:00"}
{"event":"get a articleDTO by id","level":"info","msg":"Success","time":"2025-03-27T19:06:30+08:00"}
{"event":"get a articleDTO by id","level":"info","msg":"Success","time":"2025-03-27T19:06:30+08:00"}
{"event":"get a articleDTO by id","level":"info","msg":"Success","time":"2025-03-27T19:06:30+08:00"}
{"event":"get a articleDTOs by keywords","level":"info","msg":"Success","time":"2025-03-27T19:06:34+08:00"}
{"event":"get a articleDTOs by keywords","level":"info","msg":"Success","time":"2025-03-27T19:06:34+08:00"}
{"event":"get all categories","level":"info","msg":"Success to get all categories","time":"2025-03-27T19:07:47+08:00"}
{"event":"get all categories","level":"info","msg":"Success to get all categories","time":"2025-03-27T19:07:47+08:00"}
{"event":"get get articleCategoryList by categoryId","level":"info","msg":"Success to get articleCategoryList by categoryId","time":"2025-03-27T19:07:47+08:00"}
{"event":"get get articleCategoryList by categoryId","level":"info","msg":"Success to get articleCategoryList by categoryId","time":"2025-03-27T19:07:47+08:00"}
{"event":"get a articleDTO by id","level":"info","msg":"Success","time":"2025-03-27T19:07:47+08:00"}
{"event":"get a articleDTO by id","level":"info","msg":"Success","time":"2025-03-27T19:07:47+08:00"}
{"event":"get a articleDTO by id","level":"info","msg":"Success","time":"2025-03-27T19:07:47+08:00"}
{"event":"get a articleDTO by id","level":"info","msg":"Success","time":"2025-03-27T19:07:47+08:00"}
{"event":"get get articleCategoryList by categoryId","level":"info","msg":"Success to get articleCategoryList by categoryId","time":"2025-03-27T19:07:47+08:00"}
{"event":"get a articleDTO by id","level":"info","msg":"Success","time":"2025-03-27T19:07:47+08:00"}
{"event":"get a articleDTO by id","level":"info","msg":"Success","time":"2025-03-27T19:07:47+08:00"}
{"event":"get a articleDTO by id","level":"info","msg":"Success","time":"2025-03-27T19:07:47+08:00"}
{"event":"get get articleCategoryList by categoryId","level":"info","msg":"Success to get articleCategoryList by categoryId","time":"2025-03-27T19:07:47+08:00"}
{"event":"get a articleDTO by id","level":"info","msg":"Success","time":"2025-03-27T19:07:47+08:00"}
{"event":"get get articleCategoryList by categoryId","level":"info","msg":"Success to get articleCategoryList by categoryId","time":"2025-03-27T19:07:47+08:00"}
{"event":"get a articleDTO by id","level":"info","msg":"Success","time":"2025-03-27T19:07:47+08:00"}
{"event":"get a articleDTO by id","level":"info","msg":"Success","time":"2025-03-27T19:07:47+08:00"}
{"event":"get a articleDTO by id","level":"info","msg":"Success","time":"2025-03-27T19:07:47+08:00"}
{"event":"get a articleDTO by id","level":"info","msg":"Success","time":"2025-03-27T19:07:47+08:00"}
{"event":"get get articleCategoryList by categoryId","level":"info","msg":"Success to get articleCategoryList by categoryId","time":"2025-03-27T19:07:47+08:00"}
{"event":"get a articleDTO by id","level":"info","msg":"Success","time":"2025-03-27T19:07:47+08:00"}
{"event":"get a articleDTO by id","level":"info","msg":"Success","time":"2025-03-27T19:07:47+08:00"}
{"event":"get a articleDTO by id","level":"info","msg":"Success","time":"2025-03-27T19:07:47+08:00"}
{"event":"get a articleDTOs by keywords","level":"info","msg":"Success","time":"2025-03-27T19:07:49+08:00"}
{"event":"get a articleDTOs by keywords","level":"info","msg":"Success","time":"2025-03-27T19:07:49+08:00"}
{"event":"get a articleDTOs by keywords","level":"info","msg":"Success","time":"2025-03-27T19:07:53+08:00"}
{"event":"get a articleDTOs by keywords","level":"info","msg":"Success","time":"2025-03-27T19:07:53+08:00"}
{"event":"get a articleDTOs by keywords","level":"info","msg":"Success","time":"2025-03-27T19:07:53+08:00"}
{"event":"get a articleDTOs by keywords","level":"info","msg":"Success","time":"2025-03-27T19:07:59+08:00"}
{"event":"get a articleDTOs by keywords","level":"info","msg":"Success","time":"2025-03-27T19:07:59+08:00"}
{"event":"get a articleDTOs by keywords","level":"info","msg":"Success","time":"2025-03-27T19:07:59+08:00"}
{"event":"get a articleDTOs by keywords","level":"info","msg":"Success","time":"2025-03-27T19:07:59+08:00"}
{"event":"get a articleDTOs by keywords","level":"info","msg":"Success","time":"2025-03-27T19:07:59+08:00"}
{"event":"get a articleDTOs by keywords","level":"info","msg":"Success","time":"2025-03-27T19:07:59+08:00"}
{"event":"get a articleDTOs by keywords","level":"info","msg":"Success","time":"2025-03-27T19:07:59+08:00"}
{"event":"get a articleDTOs by keywords","level":"info","msg":"Success","time":"2025-03-27T19:07:59+08:00"}
{"event":"get a articleDTOs by keywords","level":"info","msg":"Success","time":"2025-03-27T19:07:59+08:00"}
{"event":"get a articleDTOs by keywords","level":"info","msg":"Success","time":"2025-03-27T19:08:00+08:00"}
{"event":"get a articleDTOs by keywords","level":"info","msg":"Success","time":"2025-03-27T19:08:00+08:00"}
{"event":"get a articleDTOs by keywords","level":"info","msg":"Success","time":"2025-03-27T19:08:00+08:00"}
{"event":"get a articleDTOs by keywords","level":"info","msg":"Success","time":"2025-03-27T19:08:00+08:00"}
{"event":"get a articleDTOs by keywords","level":"info","msg":"Success","time":"2025-03-27T19:08:00+08:00"}
{"event":"get a articleDTOs by keywords","level":"info","msg":"Success","time":"2025-03-27T19:08:00+08:00"}
{"event":"get a articleDTOs by keywords","level":"info","msg":"Success","time":"2025-03-27T19:08:00+08:00"}
{"event":"get a articleDTOs by keywords","level":"info","msg":"Success","time":"2025-03-27T19:08:00+08:00"}
{"event":"get a articleDTOs by keywords","level":"info","msg":"Success","time":"2025-03-27T19:08:24+08:00"}
{"event":"get a articleDTOs by keywords","level":"info","msg":"Success","time":"2025-03-27T19:08:24+08:00"}
{"event":"get a articleDTOs by keywords","level":"info","msg":"Success","time":"2025-03-27T19:08:24+08:00"}
{"event":"get a articleDTOs by keywords","level":"info","msg":"Success","time":"2025-03-27T19:08:24+08:00"}
{"event":"get a articleDTOs by keywords","level":"info","msg":"Success","time":"2025-03-27T19:08:25+08:00"}
{"event":"get a articleDTOs by keywords","level":"info","msg":"Success","time":"2025-03-27T19:08:25+08:00"}
{"event":"get a articleDTOs by keywords","level":"info","msg":"Success","time":"2025-03-27T19:08:25+08:00"}
{"event":"get a articleDTOs by keywords","level":"info","msg":"Success","time":"2025-03-27T19:08:25+08:00"}
{"event":"get a articleDTOs by keywords","level":"info","msg":"Success","time":"2025-03-27T19:08:25+08:00"}
{"event":"get a articleDTOs by keywords","level":"info","msg":"Success","time":"2025-03-27T19:08:25+08:00"}
{"event":"get a articleDTOs by keywords","level":"info","msg":"Success","time":"2025-03-27T19:08:25+08:00"}
{"event":"get a articleDTOs by keywords","level":"info","msg":"Success","time":"2025-03-27T19:08:26+08:00"}
{"event":"get a articleDTOs by keywords","level":"info","msg":"Success","time":"2025-03-27T19:08:26+08:00"}
{"event":"get a articleDTOs by keywords","level":"info","msg":"Success","time":"2025-03-27T19:08:26+08:00"}
{"event":"get a articleDTOs by keywords","level":"info","msg":"Success","time":"2025-03-27T19:08:26+08:00"}
{"event":"get a articleDTOs by keywords","level":"info","msg":"Success","time":"2025-03-27T19:08:26+08:00"}
{"event":"get a articleDTOs by keywords","level":"info","msg":"Success","time":"2025-03-27T19:08:26+08:00"}
{"event":"get a articleDTOs by keywords","level":"info","msg":"Success","time":"2025-03-27T19:08:26+08:00"}
{"event":"get a articleDTOs by keywords","level":"info","msg":"Success","time":"2025-03-27T19:08:26+08:00"}
{"event":"get a articleDTOs by keywords","level":"info","msg":"Success","time":"2025-03-27T19:08:27+08:00"}
{"event":"get a articleDTOs by keywords","level":"info","msg":"Success","time":"2025-03-27T19:08:27+08:00"}
{"event":"get a articleDTOs by keywords","level":"info","msg":"Success","time":"2025-03-27T19:08:27+08:00"}
{"event":"get a articleDTOs by keywords","level":"info","msg":"Success","time":"2025-03-27T19:08:27+08:00"}
{"event":"get a articleDTOs by keywords","level":"info","msg":"Success","time":"2025-03-27T19:08:27+08:00"}
{"event":"get a articleDTOs by keywords","level":"info","msg":"Success","time":"2025-03-27T19:08:27+08:00"}
{"event":"get all categories","level":"info","msg":"Success to get all categories","time":"2025-03-27T19:13:56+08:00"}
{"event":"get all categories","level":"info","msg":"Success to get all categories","time":"2025-03-27T19:13:56+08:00"}
{"event":"get get articleCategoryList by categoryId","level":"info","msg":"Success to get articleCategoryList by categoryId","time":"2025-03-27T19:13:56+08:00"}
{"event":"get get articleCategoryList by categoryId","level":"info","msg":"Success to get articleCategoryList by categoryId","time":"2025-03-27T19:13:56+08:00"}
{"event":"get a articleDTO by id","level":"info","msg":"Success","time":"2025-03-27T19:13:56+08:00"}
{"event":"get a articleDTO by id","level":"info","msg":"Success","time":"2025-03-27T19:13:56+08:00"}
{"event":"get a articleDTO by id","level":"info","msg":"Success","time":"2025-03-27T19:13:56+08:00"}
{"event":"get a articleDTO by id","level":"info","msg":"Success","time":"2025-03-27T19:13:56+08:00"}
{"event":"get a articleDTO by id","level":"info","msg":"Success","time":"2025-03-27T19:13:56+08:00"}
{"event":"get get articleCategoryList by categoryId","level":"info","msg":"Success to get articleCategoryList by categoryId","time":"2025-03-27T19:13:56+08:00"}
{"event":"get get articleCategoryList by categoryId","level":"info","msg":"Success to get articleCategoryList by categoryId","time":"2025-03-27T19:13:56+08:00"}
{"event":"get a articleDTO by id","level":"info","msg":"Success","time":"2025-03-27T19:13:56+08:00"}
{"event":"get a articleDTO by id","level":"info","msg":"Success","time":"2025-03-27T19:13:56+08:00"}
{"event":"get a articleDTO by id","level":"info","msg":"Success","time":"2025-03-27T19:13:56+08:00"}
{"event":"get a articleDTO by id","level":"info","msg":"Success","time":"2025-03-27T19:13:56+08:00"}
{"event":"get a articleDTO by id","level":"info","msg":"Success","time":"2025-03-27T19:13:56+08:00"}
{"event":"get get articleCategoryList by categoryId","level":"info","msg":"Success to get articleCategoryList by categoryId","time":"2025-03-27T19:13:56+08:00"}
{"event":"get a articleDTO by id","level":"info","msg":"Success","time":"2025-03-27T19:13:56+08:00"}
{"event":"get get articleCategoryList by categoryId","level":"info","msg":"Success to get articleCategoryList by categoryId","time":"2025-03-27T19:13:56+08:00"}
{"event":"get a articleDTO by id","level":"info","msg":"Success","time":"2025-03-27T19:13:56+08:00"}
{"event":"get a articleDTO by id","level":"info","msg":"Success","time":"2025-03-27T19:13:56+08:00"}
{"event":"get a articleDTO by id","level":"info","msg":"Success","time":"2025-03-27T19:13:56+08:00"}
{"event":"get a articleDTO by id","level":"info","msg":"Success","time":"2025-03-27T19:13:56+08:00"}
{"event":"get a articleDTOs by keywords","level":"info","msg":"Success","time":"2025-03-27T19:13:59+08:00"}
{"event":"get a articleDTOs by keywords","level":"info","msg":"Success","time":"2025-03-27T19:13:59+08:00"}
{"event":"get a articleDTOs by keywords","level":"info","msg":"Success","time":"2025-03-27T19:13:59+08:00"}
{"event":"get a article by id","level":"info","msg":"Success","time":"2025-03-27T19:15:14+08:00"}
{"event":"get a article by id","level":"info","msg":"Success","time":"2025-03-27T19:15:14+08:00"}
{"event":"get all categories","level":"info","msg":"Success to get all categories","time":"2025-03-27T19:15:16+08:00"}
{"event":"get all categories","level":"info","msg":"Success to get all categories","time":"2025-03-27T19:15:16+08:00"}
{"event":"get get articleCategoryList by categoryId","level":"info","msg":"Success to get articleCategoryList by categoryId","time":"2025-03-27T19:15:16+08:00"}
{"event":"get get articleCategoryList by categoryId","level":"info","msg":"Success to get articleCategoryList by categoryId","time":"2025-03-27T19:15:16+08:00"}
{"event":"get a articleDTO by id","level":"info","msg":"Success","time":"2025-03-27T19:15:16+08:00"}
{"event":"get a articleDTO by id","level":"info","msg":"Success","time":"2025-03-27T19:15:16+08:00"}
{"event":"get a articleDTO by id","level":"info","msg":"Success","time":"2025-03-27T19:15:16+08:00"}
{"event":"get a articleDTO by id","level":"info","msg":"Success","time":"2025-03-27T19:15:16+08:00"}
{"event":"get a articleDTO by id","level":"info","msg":"Success","time":"2025-03-27T19:15:16+08:00"}
{"event":"get get articleCategoryList by categoryId","level":"info","msg":"Success to get articleCategoryList by categoryId","time":"2025-03-27T19:15:16+08:00"}
{"event":"get get articleCategoryList by categoryId","level":"info","msg":"Success to get articleCategoryList by categoryId","time":"2025-03-27T19:15:16+08:00"}
{"event":"get a articleDTO by id","level":"info","msg":"Success","time":"2025-03-27T19:15:16+08:00"}
{"event":"get a articleDTO by id","level":"info","msg":"Success","time":"2025-03-27T19:15:16+08:00"}
{"event":"get a articleDTO by id","level":"info","msg":"Success","time":"2025-03-27T19:15:16+08:00"}
{"event":"get a articleDTO by id","level":"info","msg":"Success","time":"2025-03-27T19:15:16+08:00"}
{"event":"get a articleDTO by id","level":"info","msg":"Success","time":"2025-03-27T19:15:16+08:00"}
{"event":"get get articleCategoryList by categoryId","level":"info","msg":"Success to get articleCategoryList by categoryId","time":"2025-03-27T19:15:16+08:00"}
{"event":"get a articleDTO by id","level":"info","msg":"Success","time":"2025-03-27T19:15:16+08:00"}
{"event":"get get articleCategoryList by categoryId","level":"info","msg":"Success to get articleCategoryList by categoryId","time":"2025-03-27T19:15:16+08:00"}
{"event":"get a articleDTO by id","level":"info","msg":"Success","time":"2025-03-27T19:15:16+08:00"}
{"event":"get a articleDTO by id","level":"info","msg":"Success","time":"2025-03-27T19:15:16+08:00"}
{"event":"get a articleDTO by id","level":"info","msg":"Success","time":"2025-03-27T19:15:16+08:00"}
{"event":"get a articleDTO by id","level":"info","msg":"Success","time":"2025-03-27T19:15:16+08:00"}
{"event":"get a article by id","level":"info","msg":"Success","time":"2025-03-27T19:16:06+08:00"}
{"event":"get a article by id","level":"info","msg":"Success","time":"2025-03-27T19:16:06+08:00"}
{"event":"get all categories","level":"info","msg":"Success to get all categories","time":"2025-03-27T19:16:08+08:00"}
{"event":"get all categories","level":"info","msg":"Success to get all categories","time":"2025-03-27T19:16:08+08:00"}
{"event":"get get articleCategoryList by categoryId","level":"info","msg":"Success to get articleCategoryList by categoryId","time":"2025-03-27T19:16:08+08:00"}
{"event":"get get articleCategoryList by categoryId","level":"info","msg":"Success to get articleCategoryList by categoryId","time":"2025-03-27T19:16:08+08:00"}
{"event":"get a articleDTO by id","level":"info","msg":"Success","time":"2025-03-27T19:16:08+08:00"}
{"event":"get a articleDTO by id","level":"info","msg":"Success","time":"2025-03-27T19:16:08+08:00"}
{"event":"get a articleDTO by id","level":"info","msg":"Success","time":"2025-03-27T19:16:08+08:00"}
{"event":"get a articleDTO by id","level":"info","msg":"Success","time":"2025-03-27T19:16:08+08:00"}
{"event":"get a articleDTO by id","level":"info","msg":"Success","time":"2025-03-27T19:16:08+08:00"}
{"event":"get get articleCategoryList by categoryId","level":"info","msg":"Success to get articleCategoryList by categoryId","time":"2025-03-27T19:16:08+08:00"}
{"event":"get get articleCategoryList by categoryId","level":"info","msg":"Success to get articleCategoryList by categoryId","time":"2025-03-27T19:16:08+08:00"}
{"event":"get a articleDTO by id","level":"info","msg":"Success","time":"2025-03-27T19:16:08+08:00"}
{"event":"get a articleDTO by id","level":"info","msg":"Success","time":"2025-03-27T19:16:08+08:00"}
{"event":"get a articleDTO by id","level":"info","msg":"Success","time":"2025-03-27T19:16:08+08:00"}
{"event":"get a articleDTO by id","level":"info","msg":"Success","time":"2025-03-27T19:16:08+08:00"}
{"event":"get get articleCategoryList by categoryId","level":"info","msg":"Success to get articleCategoryList by categoryId","time":"2025-03-27T19:16:08+08:00"}
{"event":"get a articleDTO by id","level":"info","msg":"Success","time":"2025-03-27T19:16:08+08:00"}
{"event":"get a articleDTO by id","level":"info","msg":"Success","time":"2025-03-27T19:16:08+08:00"}
{"event":"get a articleDTO by id","level":"info","msg":"Success","time":"2025-03-27T19:16:08+08:00"}
{"event":"get get articleCategoryList by categoryId","level":"info","msg":"Success to get articleCategoryList by categoryId","time":"2025-03-27T19:16:08+08:00"}
{"event":"get a articleDTO by id","level":"info","msg":"Success","time":"2025-03-27T19:16:08+08:00"}
{"event":"get a articleDTO by id","level":"info","msg":"Success","time":"2025-03-27T19:16:08+08:00"}
{"event":"get a articleDTO by id","level":"info","msg":"Success","time":"2025-03-27T19:16:08+08:00"}
{"event":"get a article by id","level":"info","msg":"Success","time":"2025-03-27T19:16:09+08:00"}
{"event":"get a article by id","level":"info","msg":"Success","time":"2025-03-27T19:16:09+08:00"}
{"event":"get all categories","level":"info","msg":"Success to get all categories","time":"2025-03-27T19:16:10+08:00"}
{"event":"get all categories","level":"info","msg":"Success to get all categories","time":"2025-03-27T19:16:10+08:00"}
{"event":"get get articleCategoryList by categoryId","level":"info","msg":"Success to get articleCategoryList by categoryId","time":"2025-03-27T19:16:10+08:00"}
{"event":"get get articleCategoryList by categoryId","level":"info","msg":"Success to get articleCategoryList by categoryId","time":"2025-03-27T19:16:10+08:00"}
{"event":"get a articleDTO by id","level":"info","msg":"Success","time":"2025-03-27T19:16:10+08:00"}
{"event":"get a articleDTO by id","level":"info","msg":"Success","time":"2025-03-27T19:16:10+08:00"}
{"event":"get a articleDTO by id","level":"info","msg":"Success","time":"2025-03-27T19:16:10+08:00"}
{"event":"get a articleDTO by id","level":"info","msg":"Success","time":"2025-03-27T19:16:10+08:00"}
{"event":"get a articleDTO by id","level":"info","msg":"Success","time":"2025-03-27T19:16:10+08:00"}
{"event":"get get articleCategoryList by categoryId","level":"info","msg":"Success to get articleCategoryList by categoryId","time":"2025-03-27T19:16:10+08:00"}
{"event":"get a articleDTO by id","level":"info","msg":"Success","time":"2025-03-27T19:16:10+08:00"}
{"event":"get get articleCategoryList by categoryId","level":"info","msg":"Success to get articleCategoryList by categoryId","time":"2025-03-27T19:16:10+08:00"}
{"event":"get a articleDTO by id","level":"info","msg":"Success","time":"2025-03-27T19:16:10+08:00"}
{"event":"get a articleDTO by id","level":"info","msg":"Success","time":"2025-03-27T19:16:10+08:00"}
{"event":"get a articleDTO by id","level":"info","msg":"Success","time":"2025-03-27T19:16:10+08:00"}
{"event":"get a articleDTO by id","level":"info","msg":"Success","time":"2025-03-27T19:16:10+08:00"}
{"event":"get get articleCategoryList by categoryId","level":"info","msg":"Success to get articleCategoryList by categoryId","time":"2025-03-27T19:16:10+08:00"}
{"event":"get a articleDTO by id","level":"info","msg":"Success","time":"2025-03-27T19:16:10+08:00"}
{"event":"get get articleCategoryList by categoryId","level":"info","msg":"Success to get articleCategoryList by categoryId","time":"2025-03-27T19:16:10+08:00"}
{"event":"get a articleDTO by id","level":"info","msg":"Success","time":"2025-03-27T19:16:10+08:00"}
{"event":"get a articleDTO by id","level":"info","msg":"Success","time":"2025-03-27T19:16:10+08:00"}
{"event":"get a articleDTO by id","level":"info","msg":"Success","time":"2025-03-27T19:16:10+08:00"}
{"event":"get a articleDTO by id","level":"info","msg":"Success","time":"2025-03-27T19:16:10+08:00"}
{"event":"get a articleDTOs by keywords","level":"info","msg":"Success","time":"2025-03-27T19:16:13+08:00"}
{"event":"get a articleDTOs by keywords","level":"info","msg":"Success","time":"2025-03-27T19:16:13+08:00"}
{"event":"get a articleDTOs by keywords","level":"info","msg":"Success","time":"2025-03-27T19:16:13+08:00"}
{"event":"get a articleDTOs by keywords","level":"info","msg":"Success","time":"2025-03-27T19:16:14+08:00"}
{"event":"get a articleDTOs by keywords","level":"info","msg":"Success","time":"2025-03-27T19:17:06+08:00"}
{"event":"get a articleDTOs by keywords","level":"info","msg":"Success","time":"2025-03-27T19:17:06+08:00"}
{"event":"get a articleDTOs by keywords","level":"info","msg":"Success","time":"2025-03-27T19:17:06+08:00"}
{"event":"get a articleDTOs by keywords","level":"info","msg":"Success","time":"2025-03-27T19:17:33+08:00"}
{"event":"get a articleDTOs by keywords","level":"info","msg":"Success","time":"2025-03-27T19:17:33+08:00"}
{"event":"get a articleDTOs by keywords","level":"info","msg":"Success","time":"2025-03-27T19:17:36+08:00"}
{"event":"get a articleDTOs by keywords","level":"info","msg":"Success","time":"2025-03-27T19:17:36+08:00"}
{"event":"get a articleDTOs by keywords","level":"info","msg":"Success","time":"2025-03-27T19:17:36+08:00"}
{"event":"get a articleDTOs by keywords","level":"info","msg":"Success","time":"2025-03-27T19:17:36+08:00"}
{"event":"get a articleDTOs by keywords","level":"info","msg":"Success","time":"2025-03-27T19:17:38+08:00"}
{"event":"get a articleDTOs by keywords","level":"info","msg":"Success","time":"2025-03-27T19:17:39+08:00"}
{"event":"get a articleDTOs by keywords","level":"info","msg":"Success","time":"2025-03-27T19:17:40+08:00"}
{"event":"get a articleDTOs by keywords","level":"info","msg":"Success","time":"2025-03-27T19:17:40+08:00"}
{"event":"get a articleDTOs by keywords","level":"info","msg":"Success","time":"2025-03-27T19:17:40+08:00"}
{"event":"get a articleDTOs by keywords","level":"info","msg":"Success","time":"2025-03-27T19:17:41+08:00"}
{"event":"get a articleDTOs by keywords","level":"info","msg":"Success","time":"2025-03-27T19:17:42+08:00"}
{"event":"get a articleDTOs by keywords","level":"info","msg":"Success","time":"2025-03-27T19:17:42+08:00"}
{"event":"get a articleDTOs by keywords","level":"info","msg":"Success","time":"2025-03-27T19:17:43+08:00"}
{"event":"get a articleDTOs by keywords","level":"info","msg":"Success","time":"2025-03-27T19:17:43+08:00"}
{"event":"get a articleDTOs by keywords","level":"info","msg":"Success","time":"2025-03-27T19:17:43+08:00"}
{"event":"get a articleDTOs by keywords","level":"info","msg":"Success","time":"2025-03-27T19:17:43+08:00"}
{"event":"get a articleDTOs by keywords","level":"info","msg":"Success","time":"2025-03-27T19:17:44+08:00"}
{"event":"get a articleDTOs by keywords","level":"info","msg":"Success","time":"2025-03-27T19:17:44+08:00"}
{"event":"get a articleDTOs by keywords","level":"info","msg":"Success","time":"2025-03-27T19:17:44+08:00"}
{"event":"get a articleDTOs by keywords","level":"info","msg":"Success","time":"2025-03-27T19:17:45+08:00"}
{"event":"get a articleDTOs by keywords","level":"info","msg":"Success","time":"2025-03-27T19:17:45+08:00"}
{"event":"get a articleDTOs by keywords","level":"info","msg":"Success","time":"2025-03-27T19:17:45+08:00"}
{"event":"get a articleDTOs by keywords","level":"info","msg":"Success","time":"2025-03-27T19:17:45+08:00"}
{"event":"get a articleDTOs by keywords","level":"info","msg":"Success","time":"2025-03-27T19:17:46+08:00"}
{"event":"get a articleDTOs by keywords","level":"info","msg":"Success","time":"2025-03-27T19:17:46+08:00"}
{"event":"get a articleDTOs by keywords","level":"info","msg":"Success","time":"2025-03-27T19:17:46+08:00"}
{"event":"get a articleDTOs by keywords","level":"info","msg":"Success","time":"2025-03-27T19:17:46+08:00"}
{"event":"get a articleDTOs by keywords","level":"info","msg":"Success","time":"2025-03-27T19:17:46+08:00"}
{"event":"get a articleDTOs by keywords","level":"info","msg":"Success","time":"2025-03-27T19:17:48+08:00"}
{"event":"get a articleDTOs by keywords","level":"info","msg":"Success","time":"2025-03-27T19:17:48+08:00"}
{"event":"get a articleDTOs by keywords","level":"info","msg":"Success","time":"2025-03-27T19:17:48+08:00"}
{"event":"get a articleDTOs by keywords","level":"info","msg":"Success","time":"2025-03-27T19:17:49+08:00"}
{"event":"get a articleDTOs by keywords","level":"info","msg":"Success","time":"2025-03-27T19:17:50+08:00"}
{"event":"get a articleDTOs by keywords","level":"info","msg":"Success","time":"2025-03-27T19:17:51+08:00"}
{"event":"get a articleDTOs by keywords","level":"info","msg":"Success","time":"2025-03-27T19:17:51+08:00"}
{"event":"get a articleDTOs by keywords","level":"info","msg":"Success","time":"2025-03-27T19:17:52+08:00"}
{"event":"get a articleDTOs by keywords","level":"info","msg":"Success","time":"2025-03-27T19:17:52+08:00"}
{"event":"get a articleDTOs by keywords","level":"info","msg":"Success","time":"2025-03-27T19:17:52+08:00"}
{"event":"get a articleDTOs by keywords","level":"info","msg":"Success","time":"2025-03-27T19:17:53+08:00"}
{"event":"get a articleDTOs by keywords","level":"info","msg":"Success","time":"2025-03-27T19:17:54+08:00"}
{"event":"get a articleDTOs by keywords","level":"info","msg":"Success","time":"2025-03-27T19:17:55+08:00"}
{"event":"get a articleDTOs by keywords","level":"info","msg":"Success","time":"2025-03-27T19:17:55+08:00"}
{"event":"get a articleDTOs by keywords","level":"info","msg":"Success","time":"2025-03-27T19:17:55+08:00"}
{"error":"Error 1064 (42000): You have an error in your SQL syntax; check the manual that corresponds to your MySQL server version for the right syntax to use near '%?%' at line 1","event":"get a userDTOs by keywords","level":"error","msg":"Failed","time":"2025-03-27T19:20:12+08:00"}
{"error":"Error 1064 (42000): You have an error in your SQL syntax; check the manual that corresponds to your MySQL server version for the right syntax to use near '%?%' at line 1","event":"get a userDTOs by keywords","level":"error","msg":"Failed","time":"2025-03-27T19:20:12+08:00"}
{"error":"Error 1064 (42000): You have an error in your SQL syntax; check the manual that corresponds to your MySQL server version for the right syntax to use near '%?%' at line 1","event":"get a userDTOs by keywords","level":"error","msg":"Failed","time":"2025-03-27T19:20:19+08:00"}
{"error":"Error 1064 (42000): You have an error in your SQL syntax; check the manual that corresponds to your MySQL server version for the right syntax to use near '%?%' at line 1","event":"get a userDTOs by keywords","level":"error","msg":"Failed","time":"2025-03-27T19:20:21+08:00"}
{"error":"Error 1064 (42000): You have an error in your SQL syntax; check the manual that corresponds to your MySQL server version for the right syntax to use near '%?%' at line 1","event":"get a userDTOs by keywords","level":"error","msg":"Failed","time":"2025-03-27T19:20:21+08:00"}
{"error":"Error 1064 (42000): You have an error in your SQL syntax; check the manual that corresponds to your MySQL server version for the right syntax to use near '%?%' at line 1","event":"get a userDTOs by keywords","level":"error","msg":"Failed","time":"2025-03-27T19:20:21+08:00"}
{"error":"Error 1064 (42000): You have an error in your SQL syntax; check the manual that corresponds to your MySQL server version for the right syntax to use near '%?%' at line 1","event":"get a userDTOs by keywords","level":"error","msg":"Failed","time":"2025-03-27T19:20:21+08:00"}
{"error":"Error 1064 (42000): You have an error in your SQL syntax; check the manual that corresponds to your MySQL server version for the right syntax to use near '%?%' at line 1","event":"get a userDTOs by keywords","level":"error","msg":"Failed","time":"2025-03-27T19:20:22+08:00"}
{"error":"Error 1064 (42000): You have an error in your SQL syntax; check the manual that corresponds to your MySQL server version for the right syntax to use near '%?%' at line 1","event":"get a userDTOs by keywords","level":"error","msg":"Failed","time":"2025-03-27T19:20:22+08:00"}
{"error":"Error 1064 (42000): You have an error in your SQL syntax; check the manual that corresponds to your MySQL server version for the right syntax to use near '%?%' at line 1","event":"get a userDTOs by keywords","level":"error","msg":"Failed","time":"2025-03-27T19:20:22+08:00"}
{"event":"get all categories","level":"info","msg":"Success to get all categories","time":"2025-03-27T19:21:53+08:00"}
{"event":"get all categories","level":"info","msg":"Success to get all categories","time":"2025-03-27T19:21:53+08:00"}
{"event":"get get articleCategoryList by categoryId","level":"info","msg":"Success to get articleCategoryList by categoryId","time":"2025-03-27T19:21:53+08:00"}
{"event":"get get articleCategoryList by categoryId","level":"info","msg":"Success to get articleCategoryList by categoryId","time":"2025-03-27T19:21:53+08:00"}
{"event":"get a articleDTO by id","level":"info","msg":"Success","time":"2025-03-27T19:21:53+08:00"}
{"event":"get a articleDTO by id","level":"info","msg":"Success","time":"2025-03-27T19:21:53+08:00"}
{"event":"get a articleDTO by id","level":"info","msg":"Success","time":"2025-03-27T19:21:53+08:00"}
{"event":"get a articleDTO by id","level":"info","msg":"Success","time":"2025-03-27T19:21:53+08:00"}
{"event":"get a articleDTO by id","level":"info","msg":"Success","time":"2025-03-27T19:21:53+08:00"}
{"event":"get get articleCategoryList by categoryId","level":"info","msg":"Success to get articleCategoryList by categoryId","time":"2025-03-27T19:21:53+08:00"}
{"event":"get get articleCategoryList by categoryId","level":"info","msg":"Success to get articleCategoryList by categoryId","time":"2025-03-27T19:21:53+08:00"}
{"event":"get a articleDTO by id","level":"info","msg":"Success","time":"2025-03-27T19:21:53+08:00"}
{"event":"get a articleDTO by id","level":"info","msg":"Success","time":"2025-03-27T19:21:53+08:00"}
{"event":"get a articleDTO by id","level":"info","msg":"Success","time":"2025-03-27T19:21:53+08:00"}
{"event":"get a articleDTO by id","level":"info","msg":"Success","time":"2025-03-27T19:21:53+08:00"}
{"event":"get a articleDTO by id","level":"info","msg":"Success","time":"2025-03-27T19:21:53+08:00"}
{"event":"get get articleCategoryList by categoryId","level":"info","msg":"Success to get articleCategoryList by categoryId","time":"2025-03-27T19:21:53+08:00"}
{"event":"get a articleDTO by id","level":"info","msg":"Success","time":"2025-03-27T19:21:53+08:00"}
{"event":"get get articleCategoryList by categoryId","level":"info","msg":"Success to get articleCategoryList by categoryId","time":"2025-03-27T19:21:53+08:00"}
{"event":"get a articleDTO by id","level":"info","msg":"Success","time":"2025-03-27T19:21:53+08:00"}
{"event":"get a articleDTO by id","level":"info","msg":"Success","time":"2025-03-27T19:21:53+08:00"}
{"event":"get a articleDTO by id","level":"info","msg":"Success","time":"2025-03-27T19:21:53+08:00"}
{"event":"get a articleDTO by id","level":"info","msg":"Success","time":"2025-03-27T19:21:53+08:00"}
{"event":"get a articleDTOs by keywords","level":"info","msg":"Success","time":"2025-03-27T19:21:55+08:00"}
{"event":"get a articleDTOs by keywords","level":"info","msg":"Success","time":"2025-03-27T19:21:55+08:00"}
{"event":"get a articleDTOs by keywords","level":"info","msg":"Success","time":"2025-03-27T19:21:55+08:00"}
{"event":"get a articleDTOs by keywords","level":"info","msg":"Success","time":"2025-03-27T19:21:56+08:00"}
{"event":"get a articleDTOs by keywords","level":"info","msg":"Success","time":"2025-03-27T19:21:58+08:00"}
{"event":"get a articleDTOs by keywords","level":"info","msg":"Success","time":"2025-03-27T19:22:00+08:00"}
{"event":"get a articleDTOs by keywords","level":"info","msg":"Success","time":"2025-03-27T19:22:02+08:00"}
{"event":"get a articleDTOs by keywords","level":"info","msg":"Success","time":"2025-03-27T19:22:02+08:00"}
{"event":"get a articleDTOs by keywords","level":"info","msg":"Success","time":"2025-03-27T19:22:02+08:00"}
{"event":"get a articleDTOs by keywords","level":"info","msg":"Success","time":"2025-03-27T19:22:03+08:00"}
{"event":"get a articleDTOs by keywords","level":"info","msg":"Success","time":"2025-03-27T19:22:03+08:00"}
{"event":"get a articleDTOs by keywords","level":"info","msg":"Success","time":"2025-03-27T19:22:04+08:00"}
{"event":"get a articleDTOs by keywords","level":"info","msg":"Success","time":"2025-03-27T19:22:04+08:00"}
{"event":"get a articleDTOs by keywords","level":"info","msg":"Success","time":"2025-03-27T19:22:05+08:00"}
{"event":"get a articleDTOs by keywords","level":"info","msg":"Success","time":"2025-03-27T19:22:05+08:00"}
{"event":"get a articleDTOs by keywords","level":"info","msg":"Success","time":"2025-03-27T19:22:06+08:00"}
{"event":"get a articleDTOs by keywords","level":"info","msg":"Success","time":"2025-03-27T19:22:06+08:00"}
{"event":"get a articleDTOs by keywords","level":"info","msg":"Success","time":"2025-03-27T19:22:07+08:00"}
{"event":"get a articleDTOs by keywords","level":"info","msg":"Success","time":"2025-03-27T19:22:07+08:00"}
{"event":"get a articleDTOs by keywords","level":"info","msg":"Success","time":"2025-03-27T19:31:10+08:00"}
{"event":"get a articleDTOs by keywords","level":"info","msg":"Success","time":"2025-03-27T19:31:10+08:00"}
{"event":"get a articleDTOs by keywords","level":"info","msg":"Success","time":"2025-03-27T19:31:15+08:00"}
{"event":"get a articleDTOs by keywords","level":"info","msg":"Success","time":"2025-03-27T19:31:15+08:00"}
{"event":"get a articleDTOs by keywords","level":"info","msg":"Success","time":"2025-03-27T19:31:15+08:00"}
{"event":"get a articleDTOs by keywords","level":"info","msg":"Success","time":"2025-03-27T19:31:15+08:00"}
{"event":"get a articleDTOs by keywords","level":"info","msg":"Success","time":"2025-03-27T19:31:16+08:00"}
{"event":"get a articleDTOs by keywords","level":"info","msg":"Success","time":"2025-03-27T19:31:16+08:00"}
{"event":"get a articleDTOs by keywords","level":"info","msg":"Success","time":"2025-03-27T19:31:16+08:00"}
{"event":"get a articleDTOs by keywords","level":"info","msg":"Success","time":"2025-03-27T19:31:17+08:00"}
{"event":"get a articleDTOs by keywords","level":"info","msg":"Success","time":"2025-03-27T19:31:17+08:00"}
{"event":"get a articleDTOs by keywords","level":"info","msg":"Success","time":"2025-03-27T19:31:18+08:00"}
{"event":"get a articleDTOs by keywords","level":"info","msg":"Success","time":"2025-03-27T19:31:18+08:00"}
{"event":"get a articleDTOs by keywords","level":"info","msg":"Success","time":"2025-03-27T19:31:19+08:00"}
{"event":"get a articleDTOs by keywords","level":"info","msg":"Success","time":"2025-03-27T19:31:19+08:00"}
{"event":"get a articleDTOs by keywords","level":"info","msg":"Success","time":"2025-03-27T19:31:20+08:00"}
{"event":"get a articleDTOs by keywords","level":"info","msg":"Success","time":"2025-03-27T19:31:20+08:00"}
{"event":"get a articleDTOs by keywords","level":"info","msg":"Success","time":"2025-03-27T19:31:21+08:00"}
{"event":"get a articleDTOs by keywords","level":"info","msg":"Success","time":"2025-03-27T19:31:21+08:00"}
{"event":"get all categories","level":"info","msg":"Success to get all categories","time":"2025-03-27T19:44:09+08:00"}
{"event":"get get articleCategoryList by categoryId","level":"info","msg":"Success to get articleCategoryList by categoryId","time":"2025-03-27T19:44:09+08:00"}
{"event":"get get articleCategoryList by categoryId","level":"info","msg":"Success to get articleCategoryList by categoryId","time":"2025-03-27T19:44:09+08:00"}
{"event":"get a articleDTO by id","level":"info","msg":"Success","time":"2025-03-27T19:44:09+08:00"}
{"event":"get a articleDTO by id","level":"info","msg":"Success","time":"2025-03-27T19:44:09+08:00"}
{"event":"get a articleDTO by id","level":"info","msg":"Success","time":"2025-03-27T19:44:09+08:00"}
{"event":"get a articleDTO by id","level":"info","msg":"Success","time":"2025-03-27T19:44:09+08:00"}
{"event":"get a articleDTO by id","level":"info","msg":"Success","time":"2025-03-27T19:44:09+08:00"}
{"event":"get get articleCategoryList by categoryId","level":"info","msg":"Success to get articleCategoryList by categoryId","time":"2025-03-27T19:44:09+08:00"}
{"event":"get get articleCategoryList by categoryId","level":"info","msg":"Success to get articleCategoryList by categoryId","time":"2025-03-27T19:44:09+08:00"}
{"event":"get a articleDTO by id","level":"info","msg":"Success","time":"2025-03-27T19:44:09+08:00"}
{"event":"get a articleDTO by id","level":"info","msg":"Success","time":"2025-03-27T19:44:09+08:00"}
{"event":"get a articleDTO by id","level":"info","msg":"Success","time":"2025-03-27T19:44:09+08:00"}
{"event":"get a articleDTO by id","level":"info","msg":"Success","time":"2025-03-27T19:44:09+08:00"}
{"event":"get a articleDTO by id","level":"info","msg":"Success","time":"2025-03-27T19:44:09+08:00"}
{"event":"get a articleDTOs by keywords","level":"info","msg":"Success","time":"2025-03-27T19:44:16+08:00"}
{"event":"get a articleDTOs by keywords","level":"info","msg":"Success","time":"2025-03-27T19:44:16+08:00"}
{"event":"get a articleDTOs by keywords","level":"info","msg":"Success","time":"2025-03-27T19:44:16+08:00"}
{"event":"get a articleDTOs by keywords","level":"info","msg":"Success","time":"2025-03-27T19:44:39+08:00"}
{"event":"get a articleDTOs by keywords","level":"info","msg":"Success","time":"2025-03-27T19:44:41+08:00"}
{"event":"get a articleDTOs by keywords","level":"info","msg":"Success","time":"2025-03-27T19:44:41+08:00"}
{"event":"get a articleDTOs by keywords","level":"info","msg":"Success","time":"2025-03-27T19:44:42+08:00"}
{"event":"get a articleDTOs by keywords","level":"info","msg":"Success","time":"2025-03-27T19:44:42+08:00"}
{"event":"get a articleDTOs by keywords","level":"info","msg":"Success","time":"2025-03-27T19:44:43+08:00"}
{"event":"get a articleDTOs by keywords","level":"info","msg":"Success","time":"2025-03-27T19:44:43+08:00"}
{"event":"get a articleDTOs by keywords","level":"info","msg":"Success","time":"2025-03-27T19:44:45+08:00"}
{"event":"get all categories","level":"info","msg":"Success to get all categories","time":"2025-03-27T19:45:17+08:00"}
{"event":"get get articleCategoryList by categoryId","level":"info","msg":"Success to get articleCategoryList by categoryId","time":"2025-03-27T19:45:17+08:00"}
{"event":"get get articleCategoryList by categoryId","level":"info","msg":"Success to get articleCategoryList by categoryId","time":"2025-03-27T19:45:17+08:00"}
{"event":"get a articleDTO by id","level":"info","msg":"Success","time":"2025-03-27T19:45:17+08:00"}
{"event":"get a articleDTO by id","level":"info","msg":"Success","time":"2025-03-27T19:45:17+08:00"}
{"event":"get a articleDTO by id","level":"info","msg":"Success","time":"2025-03-27T19:45:17+08:00"}
{"event":"get a articleDTO by id","level":"info","msg":"Success","time":"2025-03-27T19:45:17+08:00"}
{"event":"get a articleDTO by id","level":"info","msg":"Success","time":"2025-03-27T19:45:17+08:00"}
{"event":"get get articleCategoryList by categoryId","level":"info","msg":"Success to get articleCategoryList by categoryId","time":"2025-03-27T19:45:18+08:00"}
{"event":"get get articleCategoryList by categoryId","level":"info","msg":"Success to get articleCategoryList by categoryId","time":"2025-03-27T19:45:18+08:00"}
{"event":"get a articleDTO by id","level":"info","msg":"Success","time":"2025-03-27T19:45:18+08:00"}
{"event":"get a articleDTO by id","level":"info","msg":"Success","time":"2025-03-27T19:45:18+08:00"}
{"event":"get a articleDTO by id","level":"info","msg":"Success","time":"2025-03-27T19:45:18+08:00"}
{"event":"get a articleDTO by id","level":"info","msg":"Success","time":"2025-03-27T19:45:18+08:00"}
{"event":"get a articleDTO by id","level":"info","msg":"Success","time":"2025-03-27T19:45:18+08:00"}
{"event":"get a articleDTOs by keywords","level":"info","msg":"Success","time":"2025-03-27T19:45:49+08:00"}
{"event":"get a articleDTOs by keywords","level":"info","msg":"Success","time":"2025-03-27T19:45:49+08:00"}
{"event":"get a articleDTOs by keywords","level":"info","msg":"Success","time":"2025-03-27T19:45:49+08:00"}
{"event":"get a articleDTOs by keywords","level":"info","msg":"Success","time":"2025-03-27T19:52:48+08:00"}
{"event":"get a articleDTOs by keywords","level":"info","msg":"Success","time":"2025-03-27T19:52:49+08:00"}
{"event":"get a articleDTOs by keywords","level":"info","msg":"Success","time":"2025-03-27T19:52:49+08:00"}
{"event":"get a articleDTOs by keywords","level":"info","msg":"Success","time":"2025-03-27T19:53:56+08:00"}
{"event":"get a articleDTOs by keywords","level":"info","msg":"Success","time":"2025-03-27T19:53:56+08:00"}
{"event":"get all categories","level":"info","msg":"Success to get all categories","time":"2025-03-27T19:54:22+08:00"}
{"event":"get all categories","level":"info","msg":"Success to get all categories","time":"2025-03-27T19:54:22+08:00"}
{"event":"get get articleCategoryList by categoryId","level":"info","msg":"Success to get articleCategoryList by categoryId","time":"2025-03-27T19:54:22+08:00"}
{"event":"get get articleCategoryList by categoryId","level":"info","msg":"Success to get articleCategoryList by categoryId","time":"2025-03-27T19:54:22+08:00"}
{"event":"get a articleDTO by id","level":"info","msg":"Success","time":"2025-03-27T19:54:22+08:00"}
{"event":"get a articleDTO by id","level":"info","msg":"Success","time":"2025-03-27T19:54:22+08:00"}
{"event":"get a articleDTO by id","level":"info","msg":"Success","time":"2025-03-27T19:54:22+08:00"}
{"event":"get a articleDTO by id","level":"info","msg":"Success","time":"2025-03-27T19:54:22+08:00"}
{"event":"get a articleDTO by id","level":"info","msg":"Success","time":"2025-03-27T19:54:22+08:00"}
{"event":"get get articleCategoryList by categoryId","level":"info","msg":"Success to get articleCategoryList by categoryId","time":"2025-03-27T19:54:22+08:00"}
{"event":"get get articleCategoryList by categoryId","level":"info","msg":"Success to get articleCategoryList by categoryId","time":"2025-03-27T19:54:22+08:00"}
{"event":"get a articleDTO by id","level":"info","msg":"Success","time":"2025-03-27T19:54:22+08:00"}
{"event":"get a articleDTO by id","level":"info","msg":"Success","time":"2025-03-27T19:54:22+08:00"}
{"event":"get a articleDTO by id","level":"info","msg":"Success","time":"2025-03-27T19:54:22+08:00"}
{"event":"get a articleDTO by id","level":"info","msg":"Success","time":"2025-03-27T19:54:22+08:00"}
{"event":"get a articleDTO by id","level":"info","msg":"Success","time":"2025-03-27T19:54:22+08:00"}
{"event":"get get articleCategoryList by categoryId","level":"info","msg":"Success to get articleCategoryList by categoryId","time":"2025-03-27T19:54:23+08:00"}
{"event":"get a articleDTO by id","level":"info","msg":"Success","time":"2025-03-27T19:54:23+08:00"}
{"event":"get a articleDTO by id","level":"info","msg":"Success","time":"2025-03-27T19:54:23+08:00"}
{"event":"get get articleCategoryList by categoryId","level":"info","msg":"Success to get articleCategoryList by categoryId","time":"2025-03-27T19:54:23+08:00"}
{"event":"get a articleDTO by id","level":"info","msg":"Success","time":"2025-03-27T19:54:23+08:00"}
{"event":"get a articleDTO by id","level":"info","msg":"Success","time":"2025-03-27T19:54:23+08:00"}
{"event":"get a articleDTO by id","level":"info","msg":"Success","time":"2025-03-27T19:54:23+08:00"}
{"event":"get a articleDTOs by keywords","level":"info","msg":"Success","time":"2025-03-27T19:54:24+08:00"}
{"event":"get a articleDTOs by keywords","level":"info","msg":"Success","time":"2025-03-27T19:54:24+08:00"}
{"event":"get all categories","level":"info","msg":"Success to get all categories","time":"2025-03-27T19:54:51+08:00"}
{"event":"get all categories","level":"info","msg":"Success to get all categories","time":"2025-03-27T19:54:51+08:00"}
{"event":"get get articleCategoryList by categoryId","level":"info","msg":"Success to get articleCategoryList by categoryId","time":"2025-03-27T19:54:51+08:00"}
{"event":"get get articleCategoryList by categoryId","level":"info","msg":"Success to get articleCategoryList by categoryId","time":"2025-03-27T19:54:51+08:00"}
{"event":"get a articleDTO by id","level":"info","msg":"Success","time":"2025-03-27T19:54:51+08:00"}
{"event":"get a articleDTO by id","level":"info","msg":"Success","time":"2025-03-27T19:54:51+08:00"}
{"event":"get a articleDTO by id","level":"info","msg":"Success","time":"2025-03-27T19:54:51+08:00"}
{"event":"get a articleDTO by id","level":"info","msg":"Success","time":"2025-03-27T19:54:51+08:00"}
{"event":"get a articleDTO by id","level":"info","msg":"Success","time":"2025-03-27T19:54:51+08:00"}
{"event":"get get articleCategoryList by categoryId","level":"info","msg":"Success to get articleCategoryList by categoryId","time":"2025-03-27T19:54:51+08:00"}
{"event":"get get articleCategoryList by categoryId","level":"info","msg":"Success to get articleCategoryList by categoryId","time":"2025-03-27T19:54:51+08:00"}
{"event":"get a articleDTO by id","level":"info","msg":"Success","time":"2025-03-27T19:54:51+08:00"}
{"event":"get a articleDTO by id","level":"info","msg":"Success","time":"2025-03-27T19:54:51+08:00"}
{"event":"get a articleDTO by id","level":"info","msg":"Success","time":"2025-03-27T19:54:51+08:00"}
{"event":"get a articleDTO by id","level":"info","msg":"Success","time":"2025-03-27T19:54:51+08:00"}
{"event":"get get articleCategoryList by categoryId","level":"info","msg":"Success to get articleCategoryList by categoryId","time":"2025-03-27T19:54:51+08:00"}
{"event":"get a articleDTO by id","level":"info","msg":"Success","time":"2025-03-27T19:54:51+08:00"}
{"event":"get a articleDTO by id","level":"info","msg":"Success","time":"2025-03-27T19:54:51+08:00"}
{"event":"get a articleDTO by id","level":"info","msg":"Success","time":"2025-03-27T19:54:51+08:00"}
{"event":"get get articleCategoryList by categoryId","level":"info","msg":"Success to get articleCategoryList by categoryId","time":"2025-03-27T19:54:51+08:00"}
{"event":"get a articleDTO by id","level":"info","msg":"Success","time":"2025-03-27T19:54:51+08:00"}
{"event":"get a articleDTO by id","level":"info","msg":"Success","time":"2025-03-27T19:54:51+08:00"}
{"event":"get a articleDTO by id","level":"info","msg":"Success","time":"2025-03-27T19:54:51+08:00"}
{"event":"get a articleDTOs by keywords","level":"info","msg":"Success","time":"2025-03-27T19:54:53+08:00"}
{"event":"get a articleDTOs by keywords","level":"info","msg":"Success","time":"2025-03-27T19:54:53+08:00"}
{"event":"get a article by id","level":"info","msg":"Success","time":"2025-03-27T19:54:53+08:00"}
{"event":"get a article by id","level":"info","msg":"Success","time":"2025-03-27T19:54:53+08:00"}
{"event":"get a articleDTOs by keywords","level":"info","msg":"Success","time":"2025-03-27T19:56:17+08:00"}
{"event":"get a articleDTOs by keywords","level":"info","msg":"Success","time":"2025-03-27T19:56:17+08:00"}
{"event":"get a articleDTOs by keywords","level":"info","msg":"Success","time":"2025-03-27T19:58:27+08:00"}
{"event":"get a articleDTOs by keywords","level":"info","msg":"Success","time":"2025-03-27T19:58:27+08:00"}
{"event":"get a articleDTOs by keywords","level":"info","msg":"Success","time":"2025-03-27T19:58:28+08:00"}
{"event":"get a articleDTOs by keywords","level":"info","msg":"Success","time":"2025-03-27T19:58:28+08:00"}
{"event":"get a articleDTOs by keywords","level":"info","msg":"Success","time":"2025-03-27T19:58:29+08:00"}
{"event":"get a articleDTOs by keywords","level":"info","msg":"Success","time":"2025-03-27T19:58:29+08:00"}
{"event":"get a articleDTOs by keywords","level":"info","msg":"Success","time":"2025-03-27T19:58:31+08:00"}
{"event":"get a articleDTOs by keywords","level":"info","msg":"Success","time":"2025-03-27T19:58:31+08:00"}
{"event":"get a articleDTOs by keywords","level":"info","msg":"Success","time":"2025-03-27T19:58:31+08:00"}
{"event":"get a articleDTOs by keywords","level":"info","msg":"Success","time":"2025-03-27T19:58:33+08:00"}
{"event":"get a articleDTOs by keywords","level":"info","msg":"Success","time":"2025-03-27T19:58:34+08:00"}
{"event":"get a articleDTOs by keywords","level":"info","msg":"Success","time":"2025-03-27T19:58:34+08:00"}
{"event":"get a articleDTOs by keywords","level":"info","msg":"Success","time":"2025-03-27T19:58:36+08:00"}
{"event":"get a articleDTOs by keywords","level":"info","msg":"Success","time":"2025-03-27T19:58:36+08:00"}
{"event":"get a articleDTOs by keywords","level":"info","msg":"Success","time":"2025-03-27T19:58:39+08:00"}
{"event":"get a articleDTOs by keywords","level":"info","msg":"Success","time":"2025-03-27T19:58:40+08:00"}
{"event":"get a articleDTOs by keywords","level":"info","msg":"Success","time":"2025-03-27T19:58:59+08:00"}
{"event":"get a articleDTOs by keywords","level":"info","msg":"Success","time":"2025-03-27T19:58:59+08:00"}
{"event":"get a articleDTOs by keywords","level":"info","msg":"Success","time":"2025-03-27T19:58:59+08:00"}
{"event":"get a articleDTOs by keywords","level":"info","msg":"Success","time":"2025-03-27T19:58:59+08:00"}
{"event":"get a articleDTOs by keywords","level":"info","msg":"Success","time":"2025-03-27T19:58:59+08:00"}
{"event":"get a articleDTOs by keywords","level":"info","msg":"Success","time":"2025-03-27T19:59:11+08:00"}
{"event":"get a articleDTOs by keywords","level":"info","msg":"Success","time":"2025-03-27T19:59:11+08:00"}
{"event":"get a articleDTOs by keywords","level":"info","msg":"Success","time":"2025-03-27T19:59:11+08:00"}
{"event":"get a articleDTOs by keywords","level":"info","msg":"Success","time":"2025-03-27T19:59:11+08:00"}
{"event":"get a articleDTOs by keywords","level":"info","msg":"Success","time":"2025-03-27T19:59:11+08:00"}
{"event":"get all categories","level":"info","msg":"Success to get all categories","time":"2025-03-27T19:59:14+08:00"}
{"event":"get all categories","level":"info","msg":"Success to get all categories","time":"2025-03-27T19:59:14+08:00"}
{"event":"get get articleCategoryList by categoryId","level":"info","msg":"Success to get articleCategoryList by categoryId","time":"2025-03-27T19:59:14+08:00"}
{"event":"get get articleCategoryList by categoryId","level":"info","msg":"Success to get articleCategoryList by categoryId","time":"2025-03-27T19:59:14+08:00"}
{"event":"get a articleDTO by id","level":"info","msg":"Success","time":"2025-03-27T19:59:15+08:00"}
{"event":"get a articleDTO by id","level":"info","msg":"Success","time":"2025-03-27T19:59:15+08:00"}
{"event":"get a articleDTO by id","level":"info","msg":"Success","time":"2025-03-27T19:59:15+08:00"}
{"event":"get a articleDTO by id","level":"info","msg":"Success","time":"2025-03-27T19:59:15+08:00"}
{"event":"get a articleDTO by id","level":"info","msg":"Success","time":"2025-03-27T19:59:15+08:00"}
{"event":"get get articleCategoryList by categoryId","level":"info","msg":"Success to get articleCategoryList by categoryId","time":"2025-03-27T19:59:15+08:00"}
{"event":"get get articleCategoryList by categoryId","level":"info","msg":"Success to get articleCategoryList by categoryId","time":"2025-03-27T19:59:15+08:00"}
{"event":"get a articleDTO by id","level":"info","msg":"Success","time":"2025-03-27T19:59:15+08:00"}
{"event":"get a articleDTO by id","level":"info","msg":"Success","time":"2025-03-27T19:59:15+08:00"}
{"event":"get a articleDTO by id","level":"info","msg":"Success","time":"2025-03-27T19:59:15+08:00"}
{"event":"get a articleDTO by id","level":"info","msg":"Success","time":"2025-03-27T19:59:15+08:00"}
{"event":"get a articleDTO by id","level":"info","msg":"Success","time":"2025-03-27T19:59:15+08:00"}
{"event":"get get articleCategoryList by categoryId","level":"info","msg":"Success to get articleCategoryList by categoryId","time":"2025-03-27T19:59:15+08:00"}
{"event":"get a articleDTO by id","level":"info","msg":"Success","time":"2025-03-27T19:59:15+08:00"}
{"event":"get get articleCategoryList by categoryId","level":"info","msg":"Success to get articleCategoryList by categoryId","time":"2025-03-27T19:59:15+08:00"}
{"event":"get a articleDTO by id","level":"info","msg":"Success","time":"2025-03-27T19:59:15+08:00"}
{"event":"get a articleDTO by id","level":"info","msg":"Success","time":"2025-03-27T19:59:15+08:00"}
{"event":"get a articleDTO by id","level":"info","msg":"Success","time":"2025-03-27T19:59:15+08:00"}
{"event":"get a articleDTO by id","level":"info","msg":"Success","time":"2025-03-27T19:59:15+08:00"}
{"event":"get a articleDTOs by keywords","level":"info","msg":"Success","time":"2025-03-27T20:01:09+08:00"}
{"event":"get a articleDTOs by keywords","level":"info","msg":"Success","time":"2025-03-27T20:01:09+08:00"}
{"event":"get a article by id","level":"info","msg":"Success","time":"2025-03-27T20:04:02+08:00"}
{"event":"get a article by id","level":"info","msg":"Success","time":"2025-03-27T20:04:02+08:00"}
{"event":"get all categories","level":"info","msg":"Success to get all categories","time":"2025-03-27T20:07:19+08:00"}
{"event":"get all categories","level":"info","msg":"Success to get all categories","time":"2025-03-27T20:07:19+08:00"}
{"event":"get get articleCategoryList by categoryId","level":"info","msg":"Success to get articleCategoryList by categoryId","time":"2025-03-27T20:07:19+08:00"}
{"event":"get get articleCategoryList by categoryId","level":"info","msg":"Success to get articleCategoryList by categoryId","time":"2025-03-27T20:07:19+08:00"}
{"event":"get a articleDTO by id","level":"info","msg":"Success","time":"2025-03-27T20:07:19+08:00"}
{"event":"get a articleDTO by id","level":"info","msg":"Success","time":"2025-03-27T20:07:19+08:00"}
{"event":"get a articleDTO by id","level":"info","msg":"Success","time":"2025-03-27T20:07:19+08:00"}
{"event":"get a articleDTO by id","level":"info","msg":"Success","time":"2025-03-27T20:07:19+08:00"}
{"event":"get a articleDTO by id","level":"info","msg":"Success","time":"2025-03-27T20:07:19+08:00"}
{"event":"get get articleCategoryList by categoryId","level":"info","msg":"Success to get articleCategoryList by categoryId","time":"2025-03-27T20:07:19+08:00"}
{"event":"get a articleDTO by id","level":"info","msg":"Success","time":"2025-03-27T20:07:19+08:00"}
{"event":"get get articleCategoryList by categoryId","level":"info","msg":"Success to get articleCategoryList by categoryId","time":"2025-03-27T20:07:19+08:00"}
{"event":"get a articleDTO by id","level":"info","msg":"Success","time":"2025-03-27T20:07:19+08:00"}
{"event":"get a articleDTO by id","level":"info","msg":"Success","time":"2025-03-27T20:07:19+08:00"}
{"event":"get a articleDTO by id","level":"info","msg":"Success","time":"2025-03-27T20:07:19+08:00"}
{"event":"get get articleCategoryList by categoryId","level":"info","msg":"Success to get articleCategoryList by categoryId","time":"2025-03-27T20:07:19+08:00"}
{"event":"get a articleDTO by id","level":"info","msg":"Success","time":"2025-03-27T20:07:19+08:00"}
{"event":"get a articleDTO by id","level":"info","msg":"Success","time":"2025-03-27T20:07:19+08:00"}
{"event":"get a articleDTO by id","level":"info","msg":"Success","time":"2025-03-27T20:07:19+08:00"}
{"event":"get get articleCategoryList by categoryId","level":"info","msg":"Success to get articleCategoryList by categoryId","time":"2025-03-27T20:07:19+08:00"}
{"event":"get a articleDTO by id","level":"info","msg":"Success","time":"2025-03-27T20:07:19+08:00"}
{"event":"get a articleDTO by id","level":"info","msg":"Success","time":"2025-03-27T20:07:19+08:00"}
{"event":"get a articleDTO by id","level":"info","msg":"Success","time":"2025-03-27T20:07:19+08:00"}
{"event":"get all categories","level":"info","msg":"Success to get all categories","time":"2025-03-27T20:07:26+08:00"}
{"event":"get all categories","level":"info","msg":"Success to get all categories","time":"2025-03-27T20:07:26+08:00"}
{"event":"get get articleCategoryList by categoryId","level":"info","msg":"Success to get articleCategoryList by categoryId","time":"2025-03-27T20:07:26+08:00"}
{"event":"get get articleCategoryList by categoryId","level":"info","msg":"Success to get articleCategoryList by categoryId","time":"2025-03-27T20:07:26+08:00"}
{"event":"get a articleDTO by id","level":"info","msg":"Success","time":"2025-03-27T20:07:26+08:00"}
{"event":"get a articleDTO by id","level":"info","msg":"Success","time":"2025-03-27T20:07:26+08:00"}
{"event":"get a articleDTO by id","level":"info","msg":"Success","time":"2025-03-27T20:07:26+08:00"}
{"event":"get a articleDTO by id","level":"info","msg":"Success","time":"2025-03-27T20:07:26+08:00"}
{"event":"get a articleDTO by id","level":"info","msg":"Success","time":"2025-03-27T20:07:26+08:00"}
{"event":"get get articleCategoryList by categoryId","level":"info","msg":"Success to get articleCategoryList by categoryId","time":"2025-03-27T20:07:26+08:00"}
{"event":"get get articleCategoryList by categoryId","level":"info","msg":"Success to get articleCategoryList by categoryId","time":"2025-03-27T20:07:26+08:00"}
{"event":"get a articleDTO by id","level":"info","msg":"Success","time":"2025-03-27T20:07:26+08:00"}
{"event":"get a articleDTO by id","level":"info","msg":"Success","time":"2025-03-27T20:07:26+08:00"}
{"event":"get a articleDTO by id","level":"info","msg":"Success","time":"2025-03-27T20:07:26+08:00"}
{"event":"get a articleDTO by id","level":"info","msg":"Success","time":"2025-03-27T20:07:26+08:00"}
{"event":"get a articleDTO by id","level":"info","msg":"Success","time":"2025-03-27T20:07:26+08:00"}
{"event":"get a articleDTOs by keywords","level":"info","msg":"Success","time":"2025-03-27T20:07:29+08:00"}
{"event":"get a articleDTOs by keywords","level":"info","msg":"Success","time":"2025-03-27T20:07:29+08:00"}
{"event":"get a articleDTOs by keywords","level":"info","msg":"Success","time":"2025-03-27T20:07:29+08:00"}
{"event":"get all categories","level":"info","msg":"Success to get all categories","time":"2025-03-27T20:07:49+08:00"}
{"event":"get all categories","level":"info","msg":"Success to get all categories","time":"2025-03-27T20:07:49+08:00"}
{"event":"get get articleCategoryList by categoryId","level":"info","msg":"Success to get articleCategoryList by categoryId","time":"2025-03-27T20:07:49+08:00"}
{"event":"get get articleCategoryList by categoryId","level":"info","msg":"Success to get articleCategoryList by categoryId","time":"2025-03-27T20:07:49+08:00"}
{"event":"get a articleDTO by id","level":"info","msg":"Success","time":"2025-03-27T20:07:49+08:00"}
{"event":"get a articleDTO by id","level":"info","msg":"Success","time":"2025-03-27T20:07:49+08:00"}
{"event":"get a articleDTO by id","level":"info","msg":"Success","time":"2025-03-27T20:07:49+08:00"}
{"event":"get a articleDTO by id","level":"info","msg":"Success","time":"2025-03-27T20:07:49+08:00"}
{"event":"get a articleDTO by id","level":"info","msg":"Success","time":"2025-03-27T20:07:49+08:00"}
{"event":"get get articleCategoryList by categoryId","level":"info","msg":"Success to get articleCategoryList by categoryId","time":"2025-03-27T20:07:49+08:00"}
{"event":"get get articleCategoryList by categoryId","level":"info","msg":"Success to get articleCategoryList by categoryId","time":"2025-03-27T20:07:49+08:00"}
{"event":"get a articleDTO by id","level":"info","msg":"Success","time":"2025-03-27T20:07:49+08:00"}
{"event":"get a articleDTO by id","level":"info","msg":"Success","time":"2025-03-27T20:07:49+08:00"}
{"event":"get a articleDTO by id","level":"info","msg":"Success","time":"2025-03-27T20:07:49+08:00"}
{"event":"get a articleDTO by id","level":"info","msg":"Success","time":"2025-03-27T20:07:49+08:00"}
{"event":"get get articleCategoryList by categoryId","level":"info","msg":"Success to get articleCategoryList by categoryId","time":"2025-03-27T20:07:49+08:00"}
{"event":"get a articleDTO by id","level":"info","msg":"Success","time":"2025-03-27T20:07:49+08:00"}
{"event":"get a articleDTO by id","level":"info","msg":"Success","time":"2025-03-27T20:07:49+08:00"}
{"event":"get a articleDTO by id","level":"info","msg":"Success","time":"2025-03-27T20:07:49+08:00"}
{"event":"get get articleCategoryList by categoryId","level":"info","msg":"Success to get articleCategoryList by categoryId","time":"2025-03-27T20:07:49+08:00"}
{"event":"get a articleDTO by id","level":"info","msg":"Success","time":"2025-03-27T20:07:49+08:00"}
{"event":"get a articleDTO by id","level":"info","msg":"Success","time":"2025-03-27T20:07:49+08:00"}
{"event":"get a articleDTO by id","level":"info","msg":"Success","time":"2025-03-27T20:07:49+08:00"}
{"event":"get all categories","level":"info","msg":"Success to get all categories","time":"2025-03-27T20:07:51+08:00"}
{"event":"get all categories","level":"info","msg":"Success to get all categories","time":"2025-03-27T20:07:51+08:00"}
{"event":"get get articleCategoryList by categoryId","level":"info","msg":"Success to get articleCategoryList by categoryId","time":"2025-03-27T20:07:51+08:00"}
{"event":"get get articleCategoryList by categoryId","level":"info","msg":"Success to get articleCategoryList by categoryId","time":"2025-03-27T20:07:51+08:00"}
{"event":"get a articleDTO by id","level":"info","msg":"Success","time":"2025-03-27T20:07:51+08:00"}
{"event":"get a articleDTO by id","level":"info","msg":"Success","time":"2025-03-27T20:07:51+08:00"}
{"event":"get a articleDTO by id","level":"info","msg":"Success","time":"2025-03-27T20:07:51+08:00"}
{"event":"get a articleDTO by id","level":"info","msg":"Success","time":"2025-03-27T20:07:51+08:00"}
{"event":"get a articleDTO by id","level":"info","msg":"Success","time":"2025-03-27T20:07:51+08:00"}
{"event":"get get articleCategoryList by categoryId","level":"info","msg":"Success to get articleCategoryList by categoryId","time":"2025-03-27T20:07:51+08:00"}
{"event":"get a articleDTO by id","level":"info","msg":"Success","time":"2025-03-27T20:07:51+08:00"}
{"event":"get a articleDTO by id","level":"info","msg":"Success","time":"2025-03-27T20:07:51+08:00"}
{"event":"get get articleCategoryList by categoryId","level":"info","msg":"Success to get articleCategoryList by categoryId","time":"2025-03-27T20:07:51+08:00"}
{"event":"get a articleDTO by id","level":"info","msg":"Success","time":"2025-03-27T20:07:51+08:00"}
{"event":"get a articleDTO by id","level":"info","msg":"Success","time":"2025-03-27T20:07:51+08:00"}
{"event":"get get articleCategoryList by categoryId","level":"info","msg":"Success to get articleCategoryList by categoryId","time":"2025-03-27T20:07:51+08:00"}
{"event":"get a articleDTO by id","level":"info","msg":"Success","time":"2025-03-27T20:07:51+08:00"}
{"event":"get a articleDTO by id","level":"info","msg":"Success","time":"2025-03-27T20:07:51+08:00"}
{"event":"get a articleDTO by id","level":"info","msg":"Success","time":"2025-03-27T20:07:51+08:00"}
{"event":"get get articleCategoryList by categoryId","level":"info","msg":"Success to get articleCategoryList by categoryId","time":"2025-03-27T20:07:51+08:00"}
{"event":"get a articleDTO by id","level":"info","msg":"Success","time":"2025-03-27T20:07:51+08:00"}
{"event":"get a articleDTO by id","level":"info","msg":"Success","time":"2025-03-27T20:07:51+08:00"}
{"event":"get a articleDTO by id","level":"info","msg":"Success","time":"2025-03-27T20:07:51+08:00"}
{"event":"get a articleDTOs by keywords","level":"info","msg":"Success","time":"2025-03-27T20:08:12+08:00"}
{"event":"get a articleDTOs by keywords","level":"info","msg":"Success","time":"2025-03-27T20:08:12+08:00"}
{"event":"get a articleDTOs by keywords","level":"info","msg":"Success","time":"2025-03-27T20:08:12+08:00"}
{"event":"get a articleDTOs by keywords","level":"info","msg":"Success","time":"2025-03-27T20:08:33+08:00"}
{"event":"get a articleDTOs by keywords","level":"info","msg":"Success","time":"2025-03-27T20:08:57+08:00"}
{"event":"get all categories","level":"info","msg":"Success to get all categories","time":"2025-03-27T20:09:01+08:00"}
{"event":"get all categories","level":"info","msg":"Success to get all categories","time":"2025-03-27T20:09:01+08:00"}
{"event":"get get articleCategoryList by categoryId","level":"info","msg":"Success to get articleCategoryList by categoryId","time":"2025-03-27T20:09:01+08:00"}
{"event":"get get articleCategoryList by categoryId","level":"info","msg":"Success to get articleCategoryList by categoryId","time":"2025-03-27T20:09:01+08:00"}
{"event":"get a articleDTO by id","level":"info","msg":"Success","time":"2025-03-27T20:09:01+08:00"}
{"event":"get a articleDTO by id","level":"info","msg":"Success","time":"2025-03-27T20:09:01+08:00"}
{"event":"get a articleDTO by id","level":"info","msg":"Success","time":"2025-03-27T20:09:01+08:00"}
{"event":"get a articleDTO by id","level":"info","msg":"Success","time":"2025-03-27T20:09:01+08:00"}
{"event":"get a articleDTO by id","level":"info","msg":"Success","time":"2025-03-27T20:09:01+08:00"}
{"event":"get get articleCategoryList by categoryId","level":"info","msg":"Success to get articleCategoryList by categoryId","time":"2025-03-27T20:09:01+08:00"}
{"event":"get get articleCategoryList by categoryId","level":"info","msg":"Success to get articleCategoryList by categoryId","time":"2025-03-27T20:09:01+08:00"}
{"event":"get a articleDTO by id","level":"info","msg":"Success","time":"2025-03-27T20:09:01+08:00"}
{"event":"get a articleDTO by id","level":"info","msg":"Success","time":"2025-03-27T20:09:01+08:00"}
{"event":"get a articleDTO by id","level":"info","msg":"Success","time":"2025-03-27T20:09:01+08:00"}
{"event":"get a articleDTO by id","level":"info","msg":"Success","time":"2025-03-27T20:09:01+08:00"}
{"event":"get a articleDTO by id","level":"info","msg":"Success","time":"2025-03-27T20:09:01+08:00"}
{"event":"get get articleCategoryList by categoryId","level":"info","msg":"Success to get articleCategoryList by categoryId","time":"2025-03-27T20:09:01+08:00"}
{"event":"get get articleCategoryList by categoryId","level":"info","msg":"Success to get articleCategoryList by categoryId","time":"2025-03-27T20:09:01+08:00"}
{"event":"get a articleDTO by id","level":"info","msg":"Success","time":"2025-03-27T20:09:01+08:00"}
{"event":"get a articleDTO by id","level":"info","msg":"Success","time":"2025-03-27T20:09:01+08:00"}
{"event":"get a articleDTO by id","level":"info","msg":"Success","time":"2025-03-27T20:09:01+08:00"}
{"event":"get a articleDTO by id","level":"info","msg":"Success","time":"2025-03-27T20:09:01+08:00"}
{"event":"get a articleDTO by id","level":"info","msg":"Success","time":"2025-03-27T20:09:01+08:00"}
{"event":"get a articleDTOs by keywords","level":"info","msg":"Success","time":"2025-03-27T20:09:03+08:00"}
{"event":"get a articleDTOs by keywords","level":"info","msg":"Success","time":"2025-03-27T20:09:03+08:00"}
{"event":"get a articleDTOs by keywords","level":"info","msg":"Success","time":"2025-03-27T20:09:03+08:00"}
{"event":"get a article by id","level":"info","msg":"Success","time":"2025-03-27T20:12:12+08:00"}
{"event":"get a article by id","level":"info","msg":"Success","time":"2025-03-27T20:12:12+08:00"}
{"event":"get a articleDTOs by keywords","level":"info","msg":"Success","time":"2025-03-27T20:18:34+08:00"}
{"event":"get a articleDTOs by keywords","level":"info","msg":"Success","time":"2025-03-27T20:18:35+08:00"}
{"event":"get a articleDTOs by keywords","level":"info","msg":"Success","time":"2025-03-27T20:18:35+08:00"}
{"event":"get a articleDTOs by keywords","level":"info","msg":"Success","time":"2025-03-27T20:18:35+08:00"}
{"event":"get a articleDTOs by keywords","level":"info","msg":"Success","time":"2025-03-27T20:19:04+08:00"}
{"event":"get a articleDTOs by keywords","level":"info","msg":"Success","time":"2025-03-27T20:19:04+08:00"}
{"event":"get a articleDTOs by keywords","level":"info","msg":"Success","time":"2025-03-27T20:19:05+08:00"}
{"event":"get a article by id","level":"info","msg":"Success","time":"2025-03-27T20:21:03+08:00"}
{"event":"get a article by id","level":"info","msg":"Success","time":"2025-03-27T20:21:03+08:00"}
{"event":"get a articleDTOs by keywords","level":"info","msg":"Success","time":"2025-03-27T20:21:04+08:00"}
{"event":"get a articleDTOs by keywords","level":"info","msg":"Success","time":"2025-03-27T20:21:04+08:00"}
{"event":"get a articleDTOs by keywords","level":"info","msg":"Success","time":"2025-03-27T20:21:05+08:00"}
{"event":"get a articleDTOs by keywords","level":"info","msg":"Success","time":"2025-03-27T20:21:17+08:00"}
{"event":"get a articleDTOs by keywords","level":"info","msg":"Success","time":"2025-03-27T20:21:17+08:00"}
{"event":"get a articleDTOs by keywords","level":"info","msg":"Success","time":"2025-03-27T20:21:17+08:00"}
{"event":"get a article by id","level":"info","msg":"Success","time":"2025-03-27T20:22:23+08:00"}
{"event":"get a articleDTOs by keywords","level":"info","msg":"Success","time":"2025-03-27T20:25:36+08:00"}
{"event":"get a articleDTOs by keywords","level":"info","msg":"Success","time":"2025-03-27T20:25:44+08:00"}
{"event":"get a article by id","level":"info","msg":"Success","time":"2025-03-27T20:26:13+08:00"}
{"event":"get a articleDTOs by keywords","level":"info","msg":"Success","time":"2025-03-27T20:26:39+08:00"}
{"event":"get a articleDTOs by keywords","level":"info","msg":"Success","time":"2025-03-27T20:26:39+08:00"}
{"event":"get a articleDTOs by keywords","level":"info","msg":"Success","time":"2025-03-27T20:26:40+08:00"}
{"event":"get a articleDTOs by keywords","level":"info","msg":"Success","time":"2025-03-27T20:26:43+08:00"}
{"event":"get a articleDTOs by keywords","level":"info","msg":"Success","time":"2025-03-27T20:26:43+08:00"}
{"event":"get a article by id","level":"info","msg":"Success","time":"2025-03-27T20:26:44+08:00"}
{"event":"get a articleDTOs by keywords","level":"info","msg":"Success","time":"2025-03-27T20:30:10+08:00"}
{"event":"get a articleDTOs by keywords","level":"info","msg":"Success","time":"2025-03-27T20:30:11+08:00"}
{"event":"get a articleDTOs by keywords","level":"info","msg":"Success","time":"2025-03-27T20:30:11+08:00"}
{"event":"get a article by id","level":"info","msg":"Success","time":"2025-03-27T20:30:12+08:00"}
{"event":"get a articleDTOs by keywords","level":"info","msg":"Success","time":"2025-03-27T20:30:13+08:00"}
{"event":"get a articleDTOs by keywords","level":"info","msg":"Success","time":"2025-03-27T20:30:13+08:00"}
{"event":"get a articleDTOs by keywords","level":"info","msg":"Success","time":"2025-03-27T20:30:13+08:00"}
{"event":"get a articleDTOs by keywords","level":"info","msg":"Success","time":"2025-03-27T20:30:15+08:00"}
{"event":"get a article by id","level":"info","msg":"Success","time":"2025-03-27T20:30:16+08:00"}
{"event":"get a article by id","level":"info","msg":"Success","time":"2025-03-28T08:25:38+08:00"}
{"event":"get a article by id","level":"info","msg":"Success","time":"2025-03-28T08:25:38+08:00"}
{"event":"get a articleDTOs by keywords","level":"info","msg":"Success","time":"2025-03-28T08:26:18+08:00"}
{"event":"get a articleDTOs by keywords","level":"info","msg":"Success","time":"2025-03-28T08:26:18+08:00"}
{"event":"get a article by id","level":"info","msg":"Success","time":"2025-03-28T08:26:21+08:00"}
{"event":"get all categories","level":"info","msg":"Success to get all categories","time":"2025-03-28T09:54:24+08:00"}
{"event":"get all categories","level":"info","msg":"Success to get all categories","time":"2025-03-28T09:54:24+08:00"}
{"event":"get get articleCategoryList by categoryId","level":"info","msg":"Success to get articleCategoryList by categoryId","time":"2025-03-28T09:54:24+08:00"}
{"event":"get get articleCategoryList by categoryId","level":"info","msg":"Success to get articleCategoryList by categoryId","time":"2025-03-28T09:54:24+08:00"}
{"event":"get a articleDTO by id","level":"info","msg":"Success","time":"2025-03-28T09:54:24+08:00"}
{"event":"get a articleDTO by id","level":"info","msg":"Success","time":"2025-03-28T09:54:24+08:00"}
{"event":"get a articleDTO by id","level":"info","msg":"Success","time":"2025-03-28T09:54:24+08:00"}
{"event":"get a articleDTO by id","level":"info","msg":"Success","time":"2025-03-28T09:54:24+08:00"}
{"event":"get a articleDTO by id","level":"info","msg":"Success","time":"2025-03-28T09:54:24+08:00"}
{"event":"get get articleCategoryList by categoryId","level":"info","msg":"Success to get articleCategoryList by categoryId","time":"2025-03-28T09:54:24+08:00"}
{"event":"get a articleDTO by id","level":"info","msg":"Success","time":"2025-03-28T09:54:24+08:00"}
{"event":"get get articleCategoryList by categoryId","level":"info","msg":"Success to get articleCategoryList by categoryId","time":"2025-03-28T09:54:24+08:00"}
{"event":"get a articleDTO by id","level":"info","msg":"Success","time":"2025-03-28T09:54:24+08:00"}
{"event":"get a articleDTO by id","level":"info","msg":"Success","time":"2025-03-28T09:54:24+08:00"}
{"event":"get a articleDTO by id","level":"info","msg":"Success","time":"2025-03-28T09:54:24+08:00"}
{"event":"get get articleCategoryList by categoryId","level":"info","msg":"Success to get articleCategoryList by categoryId","time":"2025-03-28T09:54:24+08:00"}
{"event":"get a articleDTO by id","level":"info","msg":"Success","time":"2025-03-28T09:54:24+08:00"}
{"event":"get a articleDTO by id","level":"info","msg":"Success","time":"2025-03-28T09:54:24+08:00"}
{"event":"get get articleCategoryList by categoryId","level":"info","msg":"Success to get articleCategoryList by categoryId","time":"2025-03-28T09:54:24+08:00"}
{"event":"get a articleDTO by id","level":"info","msg":"Success","time":"2025-03-28T09:54:24+08:00"}
{"event":"get a articleDTO by id","level":"info","msg":"Success","time":"2025-03-28T09:54:24+08:00"}
{"event":"get a articleDTO by id","level":"info","msg":"Success","time":"2025-03-28T09:54:24+08:00"}
{"event":"get a articleDTO by id","level":"info","msg":"Success","time":"2025-03-28T09:54:24+08:00"}
{"event":"get all categories","level":"info","msg":"Success to get all categories","time":"2025-03-28T10:03:52+08:00"}
{"event":"get all categories","level":"info","msg":"Success to get all categories","time":"2025-03-28T10:03:52+08:00"}
{"event":"get get articleCategoryList by categoryId","level":"info","msg":"Success to get articleCategoryList by categoryId","time":"2025-03-28T10:03:52+08:00"}
{"event":"get a articleDTO by id","level":"info","msg":"Success","time":"2025-03-28T10:03:52+08:00"}
{"event":"get a articleDTO by id","level":"info","msg":"Success","time":"2025-03-28T10:03:52+08:00"}
{"event":"get get articleCategoryList by categoryId","level":"info","msg":"Success to get articleCategoryList by categoryId","time":"2025-03-28T10:03:52+08:00"}
{"event":"get a articleDTO by id","level":"info","msg":"Success","time":"2025-03-28T10:03:52+08:00"}
{"event":"get a articleDTO by id","level":"info","msg":"Success","time":"2025-03-28T10:03:52+08:00"}
{"event":"get get articleCategoryList by categoryId","level":"info","msg":"Success to get articleCategoryList by categoryId","time":"2025-03-28T10:03:52+08:00"}
{"event":"get a articleDTO by id","level":"info","msg":"Success","time":"2025-03-28T10:03:52+08:00"}
{"event":"get a articleDTO by id","level":"info","msg":"Success","time":"2025-03-28T10:03:52+08:00"}
{"event":"get get articleCategoryList by categoryId","level":"info","msg":"Success to get articleCategoryList by categoryId","time":"2025-03-28T10:03:52+08:00"}
{"event":"get a articleDTO by id","level":"info","msg":"Success","time":"2025-03-28T10:03:52+08:00"}
{"event":"get a articleDTO by id","level":"info","msg":"Success","time":"2025-03-28T10:03:52+08:00"}
{"event":"get a articleDTO by id","level":"info","msg":"Success","time":"2025-03-28T10:03:52+08:00"}
{"event":"get get articleCategoryList by categoryId","level":"info","msg":"Success to get articleCategoryList by categoryId","time":"2025-03-28T10:03:52+08:00"}
{"event":"get a articleDTO by id","level":"info","msg":"Success","time":"2025-03-28T10:03:52+08:00"}
{"event":"get a articleDTO by id","level":"info","msg":"Success","time":"2025-03-28T10:03:52+08:00"}
{"event":"get a articleDTO by id","level":"info","msg":"Success","time":"2025-03-28T10:03:52+08:00"}
{"event":"get get articleCategoryList by categoryId","level":"info","msg":"Success to get articleCategoryList by categoryId","time":"2025-03-28T10:03:52+08:00"}
{"event":"get a articleDTO by id","level":"info","msg":"Success","time":"2025-03-28T10:03:52+08:00"}
{"event":"get a articleDTO by id","level":"info","msg":"Success","time":"2025-03-28T10:03:52+08:00"}
{"event":"get a articleDTO by id","level":"info","msg":"Success","time":"2025-03-28T10:03:52+08:00"}
{"event":"get all categories","level":"info","msg":"Success to get all categories","time":"2025-03-28T10:25:05+08:00"}
{"event":"get all categories","level":"info","msg":"Success to get all categories","time":"2025-03-28T10:25:05+08:00"}
{"event":"get get articleCategoryList by categoryId","level":"info","msg":"Success to get articleCategoryList by categoryId","time":"2025-03-28T10:25:05+08:00"}
{"event":"get get articleCategoryList by categoryId","level":"info","msg":"Success to get articleCategoryList by categoryId","time":"2025-03-28T10:25:05+08:00"}
{"event":"get a articleDTO by id","level":"info","msg":"Success","time":"2025-03-28T10:25:05+08:00"}
{"event":"get a articleDTO by id","level":"info","msg":"Success","time":"2025-03-28T10:25:05+08:00"}
{"event":"get a articleDTO by id","level":"info","msg":"Success","time":"2025-03-28T10:25:05+08:00"}
{"event":"get a articleDTO by id","level":"info","msg":"Success","time":"2025-03-28T10:25:05+08:00"}
{"event":"get a articleDTO by id","level":"info","msg":"Success","time":"2025-03-28T10:25:05+08:00"}
{"event":"get get articleCategoryList by categoryId","level":"info","msg":"Success to get articleCategoryList by categoryId","time":"2025-03-28T10:25:05+08:00"}
{"event":"get get articleCategoryList by categoryId","level":"info","msg":"Success to get articleCategoryList by categoryId","time":"2025-03-28T10:25:05+08:00"}
{"event":"get a articleDTO by id","level":"info","msg":"Success","time":"2025-03-28T10:25:05+08:00"}
{"event":"get a articleDTO by id","level":"info","msg":"Success","time":"2025-03-28T10:25:05+08:00"}
{"event":"get a articleDTO by id","level":"info","msg":"Success","time":"2025-03-28T10:25:05+08:00"}
{"event":"get a articleDTO by id","level":"info","msg":"Success","time":"2025-03-28T10:25:05+08:00"}
{"event":"get a articleDTO by id","level":"info","msg":"Success","time":"2025-03-28T10:25:05+08:00"}
{"event":"get get articleCategoryList by categoryId","level":"info","msg":"Success to get articleCategoryList by categoryId","time":"2025-03-28T10:25:05+08:00"}
{"event":"get get articleCategoryList by categoryId","level":"info","msg":"Success to get articleCategoryList by categoryId","time":"2025-03-28T10:25:05+08:00"}
{"event":"get a articleDTO by id","level":"info","msg":"Success","time":"2025-03-28T10:25:05+08:00"}
{"event":"get a articleDTO by id","level":"info","msg":"Success","time":"2025-03-28T10:25:05+08:00"}
{"event":"get a articleDTO by id","level":"info","msg":"Success","time":"2025-03-28T10:25:05+08:00"}
{"event":"get a articleDTO by id","level":"info","msg":"Success","time":"2025-03-28T10:25:05+08:00"}
{"event":"get a articleDTO by id","level":"info","msg":"Success","time":"2025-03-28T10:25:05+08:00"}
{"event":"get all categories","level":"info","msg":"Success to get all categories","time":"2025-03-28T10:27:45+08:00"}
{"event":"get all categories","level":"info","msg":"Success to get all categories","time":"2025-03-28T10:27:45+08:00"}
{"event":"get get articleCategoryList by categoryId","level":"info","msg":"Success to get articleCategoryList by categoryId","time":"2025-03-28T10:27:45+08:00"}
{"event":"get get articleCategoryList by categoryId","level":"info","msg":"Success to get articleCategoryList by categoryId","time":"2025-03-28T10:27:45+08:00"}
{"event":"get a articleDTO by id","level":"info","msg":"Success","time":"2025-03-28T10:27:45+08:00"}
{"event":"get a articleDTO by id","level":"info","msg":"Success","time":"2025-03-28T10:27:45+08:00"}
{"event":"get a articleDTO by id","level":"info","msg":"Success","time":"2025-03-28T10:27:45+08:00"}
{"event":"get a articleDTO by id","level":"info","msg":"Success","time":"2025-03-28T10:27:45+08:00"}
{"event":"get a articleDTO by id","level":"info","msg":"Success","time":"2025-03-28T10:27:45+08:00"}
{"event":"get get articleCategoryList by categoryId","level":"info","msg":"Success to get articleCategoryList by categoryId","time":"2025-03-28T10:27:45+08:00"}
{"event":"get get articleCategoryList by categoryId","level":"info","msg":"Success to get articleCategoryList by categoryId","time":"2025-03-28T10:27:45+08:00"}
{"event":"get a articleDTO by id","level":"info","msg":"Success","time":"2025-03-28T10:27:45+08:00"}
{"event":"get a articleDTO by id","level":"info","msg":"Success","time":"2025-03-28T10:27:45+08:00"}
{"event":"get a articleDTO by id","level":"info","msg":"Success","time":"2025-03-28T10:27:45+08:00"}
{"event":"get a articleDTO by id","level":"info","msg":"Success","time":"2025-03-28T10:27:45+08:00"}
{"event":"get a articleDTO by id","level":"info","msg":"Success","time":"2025-03-28T10:27:45+08:00"}
{"event":"get get articleCategoryList by categoryId","level":"info","msg":"Success to get articleCategoryList by categoryId","time":"2025-03-28T10:27:45+08:00"}
{"event":"get get articleCategoryList by categoryId","level":"info","msg":"Success to get articleCategoryList by categoryId","time":"2025-03-28T10:27:45+08:00"}
{"event":"get a articleDTO by id","level":"info","msg":"Success","time":"2025-03-28T10:27:45+08:00"}
{"event":"get a articleDTO by id","level":"info","msg":"Success","time":"2025-03-28T10:27:45+08:00"}
{"event":"get a articleDTO by id","level":"info","msg":"Success","time":"2025-03-28T10:27:45+08:00"}
{"event":"get a articleDTO by id","level":"info","msg":"Success","time":"2025-03-28T10:27:45+08:00"}
{"event":"get a articleDTO by id","level":"info","msg":"Success","time":"2025-03-28T10:27:45+08:00"}
{"event":"get a articleDTOs by userId","level":"info","msg":"Success","time":"2025-03-28T10:36:48+08:00"}
{"event":"get a articleDTOs by userId","level":"info","msg":"Success","time":"2025-03-28T10:36:48+08:00"}
{"event":"get a articleDTOs by userId","level":"info","msg":"Success","time":"2025-03-28T10:36:48+08:00"}
{"event":"get a articleDTOs by userId","level":"info","msg":"Success","time":"2025-03-28T10:38:07+08:00"}
{"event":"get a articleDTOs by userId","level":"info","msg":"Success","time":"2025-03-28T10:38:07+08:00"}
{"event":"get a articleDTOs by userId","level":"info","msg":"Success","time":"2025-03-28T10:38:41+08:00"}
{"event":"get a articleDTOs by userId","level":"info","msg":"Success","time":"2025-03-28T10:39:03+08:00"}
{"event":"get a articleDTOs by userId","level":"info","msg":"Success","time":"2025-03-28T10:39:03+08:00"}
{"event":"get a articleDTOs by userId","level":"info","msg":"Success","time":"2025-03-28T10:39:30+08:00"}
{"event":"get a articleDTOs by userId","level":"info","msg":"Success","time":"2025-03-28T10:39:30+08:00"}
{"event":"get a articleDTOs by userId","level":"info","msg":"Success","time":"2025-03-28T10:39:30+08:00"}
{"event":"get all categories","level":"info","msg":"Success to get all categories","time":"2025-03-28T10:39:33+08:00"}
{"event":"get all categories","level":"info","msg":"Success to get all categories","time":"2025-03-28T10:39:33+08:00"}
{"event":"get get articleCategoryList by categoryId","level":"info","msg":"Success to get articleCategoryList by categoryId","time":"2025-03-28T10:39:33+08:00"}
{"event":"get get articleCategoryList by categoryId","level":"info","msg":"Success to get articleCategoryList by categoryId","time":"2025-03-28T10:39:33+08:00"}
{"event":"get a articleDTO by id","level":"info","msg":"Success","time":"2025-03-28T10:39:33+08:00"}
{"event":"get a articleDTO by id","level":"info","msg":"Success","time":"2025-03-28T10:39:33+08:00"}
{"event":"get a articleDTO by id","level":"info","msg":"Success","time":"2025-03-28T10:39:33+08:00"}
{"event":"get a articleDTO by id","level":"info","msg":"Success","time":"2025-03-28T10:39:33+08:00"}
{"event":"get a articleDTO by id","level":"info","msg":"Success","time":"2025-03-28T10:39:33+08:00"}
{"event":"get get articleCategoryList by categoryId","level":"info","msg":"Success to get articleCategoryList by categoryId","time":"2025-03-28T10:39:33+08:00"}
{"event":"get get articleCategoryList by categoryId","level":"info","msg":"Success to get articleCategoryList by categoryId","time":"2025-03-28T10:39:33+08:00"}
{"event":"get a articleDTO by id","level":"info","msg":"Success","time":"2025-03-28T10:39:33+08:00"}
{"event":"get a articleDTO by id","level":"info","msg":"Success","time":"2025-03-28T10:39:33+08:00"}
{"event":"get a articleDTO by id","level":"info","msg":"Success","time":"2025-03-28T10:39:33+08:00"}
{"event":"get a articleDTO by id","level":"info","msg":"Success","time":"2025-03-28T10:39:33+08:00"}
{"event":"get get articleCategoryList by categoryId","level":"info","msg":"Success to get articleCategoryList by categoryId","time":"2025-03-28T10:39:33+08:00"}
{"event":"get a articleDTO by id","level":"info","msg":"Success","time":"2025-03-28T10:39:33+08:00"}
{"event":"get a articleDTO by id","level":"info","msg":"Success","time":"2025-03-28T10:39:33+08:00"}
{"event":"get get articleCategoryList by categoryId","level":"info","msg":"Success to get articleCategoryList by categoryId","time":"2025-03-28T10:39:33+08:00"}
{"event":"get a articleDTO by id","level":"info","msg":"Success","time":"2025-03-28T10:39:33+08:00"}
{"event":"get a articleDTO by id","level":"info","msg":"Success","time":"2025-03-28T10:39:33+08:00"}
{"event":"get a articleDTO by id","level":"info","msg":"Success","time":"2025-03-28T10:39:33+08:00"}
{"event":"get a articleDTO by id","level":"info","msg":"Success","time":"2025-03-28T10:39:33+08:00"}
{"event":"get a articleDTOs by userId","level":"info","msg":"Success","time":"2025-03-28T10:39:34+08:00"}
{"event":"get a articleDTOs by userId","level":"info","msg":"Success","time":"2025-03-28T10:39:34+08:00"}
{"event":"get a articleDTOs by userId","level":"info","msg":"Success","time":"2025-03-28T10:39:42+08:00"}
{"event":"get a articleDTOs by userId","level":"info","msg":"Success","time":"2025-03-28T10:39:42+08:00"}
{"event":"get a articleDTOs by userId","level":"info","msg":"Success","time":"2025-03-28T10:39:42+08:00"}
{"event":"get all categories","level":"info","msg":"Success to get all categories","time":"2025-03-28T10:39:45+08:00"}
{"event":"get all categories","level":"info","msg":"Success to get all categories","time":"2025-03-28T10:39:45+08:00"}
{"event":"get get articleCategoryList by categoryId","level":"info","msg":"Success to get articleCategoryList by categoryId","time":"2025-03-28T10:39:45+08:00"}
{"event":"get get articleCategoryList by categoryId","level":"info","msg":"Success to get articleCategoryList by categoryId","time":"2025-03-28T10:39:45+08:00"}
{"event":"get a articleDTO by id","level":"info","msg":"Success","time":"2025-03-28T10:39:45+08:00"}
{"event":"get a articleDTO by id","level":"info","msg":"Success","time":"2025-03-28T10:39:45+08:00"}
{"event":"get a articleDTO by id","level":"info","msg":"Success","time":"2025-03-28T10:39:45+08:00"}
{"event":"get a articleDTO by id","level":"info","msg":"Success","time":"2025-03-28T10:39:45+08:00"}
{"event":"get a articleDTO by id","level":"info","msg":"Success","time":"2025-03-28T10:39:45+08:00"}
{"event":"get get articleCategoryList by categoryId","level":"info","msg":"Success to get articleCategoryList by categoryId","time":"2025-03-28T10:39:45+08:00"}
{"event":"get a articleDTO by id","level":"info","msg":"Success","time":"2025-03-28T10:39:45+08:00"}
{"event":"get a articleDTO by id","level":"info","msg":"Success","time":"2025-03-28T10:39:45+08:00"}
{"event":"get get articleCategoryList by categoryId","level":"info","msg":"Success to get articleCategoryList by categoryId","time":"2025-03-28T10:39:45+08:00"}
{"event":"get a articleDTO by id","level":"info","msg":"Success","time":"2025-03-28T10:39:45+08:00"}
{"event":"get a articleDTO by id","level":"info","msg":"Success","time":"2025-03-28T10:39:45+08:00"}
{"event":"get get articleCategoryList by categoryId","level":"info","msg":"Success to get articleCategoryList by categoryId","time":"2025-03-28T10:39:45+08:00"}
{"event":"get a articleDTO by id","level":"info","msg":"Success","time":"2025-03-28T10:39:45+08:00"}
{"event":"get a articleDTO by id","level":"info","msg":"Success","time":"2025-03-28T10:39:45+08:00"}
{"event":"get a articleDTO by id","level":"info","msg":"Success","time":"2025-03-28T10:39:45+08:00"}
{"event":"get get articleCategoryList by categoryId","level":"info","msg":"Success to get articleCategoryList by categoryId","time":"2025-03-28T10:39:45+08:00"}
{"event":"get a articleDTO by id","level":"info","msg":"Success","time":"2025-03-28T10:39:45+08:00"}
{"event":"get a articleDTO by id","level":"info","msg":"Success","time":"2025-03-28T10:39:45+08:00"}
{"event":"get a articleDTO by id","level":"info","msg":"Success","time":"2025-03-28T10:39:45+08:00"}
{"event":"get a articleDTOs by userId","level":"info","msg":"Success","time":"2025-03-28T10:39:47+08:00"}
{"event":"get a articleDTOs by userId","level":"info","msg":"Success","time":"2025-03-28T10:39:47+08:00"}
{"event":"get a articleDTOs by userId","level":"info","msg":"Success","time":"2025-03-28T10:40:26+08:00"}
{"event":"get a articleDTOs by userId","level":"info","msg":"Success","time":"2025-03-28T10:40:26+08:00"}
{"event":"get a articleDTOs by userId","level":"info","msg":"Success","time":"2025-03-28T10:40:28+08:00"}
{"event":"get a articleDTOs by userId","level":"info","msg":"Success","time":"2025-03-28T10:40:28+08:00"}
{"event":"get a articleDTOs by userId","level":"info","msg":"Success","time":"2025-03-28T10:40:31+08:00"}
{"event":"get a articleDTOs by userId","level":"info","msg":"Success","time":"2025-03-28T10:40:31+08:00"}
{"event":"get all categories","level":"info","msg":"Success to get all categories","time":"2025-03-28T10:40:32+08:00"}
{"event":"get all categories","level":"info","msg":"Success to get all categories","time":"2025-03-28T10:40:32+08:00"}
{"event":"get get articleCategoryList by categoryId","level":"info","msg":"Success to get articleCategoryList by categoryId","time":"2025-03-28T10:40:32+08:00"}
{"event":"get get articleCategoryList by categoryId","level":"info","msg":"Success to get articleCategoryList by categoryId","time":"2025-03-28T10:40:32+08:00"}
{"event":"get a articleDTO by id","level":"info","msg":"Success","time":"2025-03-28T10:40:32+08:00"}
{"event":"get a articleDTO by id","level":"info","msg":"Success","time":"2025-03-28T10:40:32+08:00"}
{"event":"get a articleDTO by id","level":"info","msg":"Success","time":"2025-03-28T10:40:32+08:00"}
{"event":"get a articleDTO by id","level":"info","msg":"Success","time":"2025-03-28T10:40:32+08:00"}
{"event":"get a articleDTO by id","level":"info","msg":"Success","time":"2025-03-28T10:40:32+08:00"}
{"event":"get get articleCategoryList by categoryId","level":"info","msg":"Success to get articleCategoryList by categoryId","time":"2025-03-28T10:40:32+08:00"}
{"event":"get get articleCategoryList by categoryId","level":"info","msg":"Success to get articleCategoryList by categoryId","time":"2025-03-28T10:40:32+08:00"}
{"event":"get a articleDTO by id","level":"info","msg":"Success","time":"2025-03-28T10:40:32+08:00"}
{"event":"get a articleDTO by id","level":"info","msg":"Success","time":"2025-03-28T10:40:32+08:00"}
{"event":"get a articleDTO by id","level":"info","msg":"Success","time":"2025-03-28T10:40:32+08:00"}
{"event":"get a articleDTO by id","level":"info","msg":"Success","time":"2025-03-28T10:40:32+08:00"}
{"event":"get a articleDTO by id","level":"info","msg":"Success","time":"2025-03-28T10:40:32+08:00"}
{"event":"get get articleCategoryList by categoryId","level":"info","msg":"Success to get articleCategoryList by categoryId","time":"2025-03-28T10:40:32+08:00"}
{"event":"get get articleCategoryList by categoryId","level":"info","msg":"Success to get articleCategoryList by categoryId","time":"2025-03-28T10:40:32+08:00"}
{"event":"get a articleDTO by id","level":"info","msg":"Success","time":"2025-03-28T10:40:32+08:00"}
{"event":"get a articleDTO by id","level":"info","msg":"Success","time":"2025-03-28T10:40:32+08:00"}
{"event":"get a articleDTO by id","level":"info","msg":"Success","time":"2025-03-28T10:40:32+08:00"}
{"event":"get a articleDTO by id","level":"info","msg":"Success","time":"2025-03-28T10:40:32+08:00"}
{"event":"get a articleDTO by id","level":"info","msg":"Success","time":"2025-03-28T10:40:32+08:00"}
{"event":"get a articleDTOs by userId","level":"info","msg":"Success","time":"2025-03-28T10:40:33+08:00"}
{"event":"get a articleDTOs by userId","level":"info","msg":"Success","time":"2025-03-28T10:40:33+08:00"}
{"event":"get all categories","level":"info","msg":"Success to get all categories","time":"2025-03-28T10:49:59+08:00"}
{"event":"get all categories","level":"info","msg":"Success to get all categories","time":"2025-03-28T10:49:59+08:00"}
{"event":"get get articleCategoryList by categoryId","level":"info","msg":"Success to get articleCategoryList by categoryId","time":"2025-03-28T10:49:59+08:00"}
{"event":"get a articleDTO by id","level":"info","msg":"Success","time":"2025-03-28T10:49:59+08:00"}
{"event":"get a articleDTO by id","level":"info","msg":"Success","time":"2025-03-28T10:49:59+08:00"}
{"event":"get a articleDTO by id","level":"info","msg":"Success","time":"2025-03-28T10:49:59+08:00"}
{"event":"get get articleCategoryList by categoryId","level":"info","msg":"Success to get articleCategoryList by categoryId","time":"2025-03-28T10:49:59+08:00"}
{"event":"get a articleDTO by id","level":"info","msg":"Success","time":"2025-03-28T10:49:59+08:00"}
{"event":"get a articleDTO by id","level":"info","msg":"Success","time":"2025-03-28T10:49:59+08:00"}
{"event":"get a articleDTO by id","level":"info","msg":"Success","time":"2025-03-28T10:49:59+08:00"}
{"event":"get get articleCategoryList by categoryId","level":"info","msg":"Success to get articleCategoryList by categoryId","time":"2025-03-28T10:49:59+08:00"}
{"event":"get a articleDTO by id","level":"info","msg":"Success","time":"2025-03-28T10:49:59+08:00"}
{"event":"get a articleDTO by id","level":"info","msg":"Success","time":"2025-03-28T10:49:59+08:00"}
{"event":"get a articleDTO by id","level":"info","msg":"Success","time":"2025-03-28T10:49:59+08:00"}
{"event":"get get articleCategoryList by categoryId","level":"info","msg":"Success to get articleCategoryList by categoryId","time":"2025-03-28T10:49:59+08:00"}
{"event":"get a articleDTO by id","level":"info","msg":"Success","time":"2025-03-28T10:49:59+08:00"}
{"event":"get a articleDTO by id","level":"info","msg":"Success","time":"2025-03-28T10:49:59+08:00"}
{"event":"get get articleCategoryList by categoryId","level":"info","msg":"Success to get articleCategoryList by categoryId","time":"2025-03-28T10:49:59+08:00"}
{"event":"get a articleDTO by id","level":"info","msg":"Success","time":"2025-03-28T10:49:59+08:00"}
{"event":"get a articleDTO by id","level":"info","msg":"Success","time":"2025-03-28T10:49:59+08:00"}
{"event":"get get articleCategoryList by categoryId","level":"info","msg":"Success to get articleCategoryList by categoryId","time":"2025-03-28T10:49:59+08:00"}
{"event":"get a articleDTO by id","level":"info","msg":"Success","time":"2025-03-28T10:49:59+08:00"}
{"event":"get a articleDTO by id","level":"info","msg":"Success","time":"2025-03-28T10:49:59+08:00"}
{"event":"get a articleDTOs by userId","level":"info","msg":"Success","time":"2025-03-28T10:53:32+08:00"}
{"event":"get a articleDTOs by userId","level":"info","msg":"Success","time":"2025-03-28T10:53:32+08:00"}
{"event":"get all categories","level":"info","msg":"Success to get all categories","time":"2025-03-28T10:59:45+08:00"}
{"event":"get all categories","level":"info","msg":"Success to get all categories","time":"2025-03-28T10:59:45+08:00"}
{"event":"get get articleCategoryList by categoryId","level":"info","msg":"Success to get articleCategoryList by categoryId","time":"2025-03-28T10:59:45+08:00"}
{"event":"get get articleCategoryList by categoryId","level":"info","msg":"Success to get articleCategoryList by categoryId","time":"2025-03-28T10:59:45+08:00"}
{"event":"get a articleDTO by id","level":"info","msg":"Success","time":"2025-03-28T10:59:45+08:00"}
{"event":"get a articleDTO by id","level":"info","msg":"Success","time":"2025-03-28T10:59:45+08:00"}
{"event":"get a articleDTO by id","level":"info","msg":"Success","time":"2025-03-28T10:59:45+08:00"}
{"event":"get a articleDTO by id","level":"info","msg":"Success","time":"2025-03-28T10:59:45+08:00"}
{"event":"get a articleDTO by id","level":"info","msg":"Success","time":"2025-03-28T10:59:45+08:00"}
{"event":"get get articleCategoryList by categoryId","level":"info","msg":"Success to get articleCategoryList by categoryId","time":"2025-03-28T10:59:45+08:00"}
{"event":"get get articleCategoryList by categoryId","level":"info","msg":"Success to get articleCategoryList by categoryId","time":"2025-03-28T10:59:45+08:00"}
{"event":"get a articleDTO by id","level":"info","msg":"Success","time":"2025-03-28T10:59:45+08:00"}
{"event":"get a articleDTO by id","level":"info","msg":"Success","time":"2025-03-28T10:59:45+08:00"}
{"event":"get a articleDTO by id","level":"info","msg":"Success","time":"2025-03-28T10:59:45+08:00"}
{"event":"get a articleDTO by id","level":"info","msg":"Success","time":"2025-03-28T10:59:45+08:00"}
{"event":"get a articleDTO by id","level":"info","msg":"Success","time":"2025-03-28T10:59:45+08:00"}
{"event":"get get articleCategoryList by categoryId","level":"info","msg":"Success to get articleCategoryList by categoryId","time":"2025-03-28T10:59:45+08:00"}
{"event":"get a articleDTO by id","level":"info","msg":"Success","time":"2025-03-28T10:59:45+08:00"}
{"event":"get a articleDTO by id","level":"info","msg":"Success","time":"2025-03-28T10:59:45+08:00"}
{"event":"get get articleCategoryList by categoryId","level":"info","msg":"Success to get articleCategoryList by categoryId","time":"2025-03-28T10:59:45+08:00"}
{"event":"get a articleDTO by id","level":"info","msg":"Success","time":"2025-03-28T10:59:45+08:00"}
{"event":"get a articleDTO by id","level":"info","msg":"Success","time":"2025-03-28T10:59:45+08:00"}
{"event":"get a articleDTO by id","level":"info","msg":"Success","time":"2025-03-28T10:59:45+08:00"}
{"event":"get a articleDTOs by keywords","level":"info","msg":"Success","time":"2025-03-28T10:59:47+08:00"}
{"event":"get a articleDTOs by keywords","level":"info","msg":"Success","time":"2025-03-28T10:59:47+08:00"}
{"event":"get a articleDTOs by keywords","level":"info","msg":"Success","time":"2025-03-28T10:59:47+08:00"}
{"event":"get a articleDTOs by keywords","level":"info","msg":"Success","time":"2025-03-28T10:59:48+08:00"}
{"event":"get a article by id","level":"info","msg":"Success","time":"2025-03-28T10:59:51+08:00"}
{"event":"get a article by id","level":"info","msg":"Success","time":"2025-03-28T10:59:51+08:00"}
{"event":"get all categories","level":"info","msg":"Success to get all categories","time":"2025-03-28T10:59:54+08:00"}
{"event":"get all categories","level":"info","msg":"Success to get all categories","time":"2025-03-28T10:59:54+08:00"}
{"event":"get get articleCategoryList by categoryId","level":"info","msg":"Success to get articleCategoryList by categoryId","time":"2025-03-28T10:59:54+08:00"}
{"event":"get get articleCategoryList by categoryId","level":"info","msg":"Success to get articleCategoryList by categoryId","time":"2025-03-28T10:59:54+08:00"}
{"event":"get a articleDTO by id","level":"info","msg":"Success","time":"2025-03-28T10:59:54+08:00"}
{"event":"get a articleDTO by id","level":"info","msg":"Success","time":"2025-03-28T10:59:54+08:00"}
{"event":"get a articleDTO by id","level":"info","msg":"Success","time":"2025-03-28T10:59:54+08:00"}
{"event":"get a articleDTO by id","level":"info","msg":"Success","time":"2025-03-28T10:59:54+08:00"}
{"event":"get a articleDTO by id","level":"info","msg":"Success","time":"2025-03-28T10:59:54+08:00"}
{"event":"get get articleCategoryList by categoryId","level":"info","msg":"Success to get articleCategoryList by categoryId","time":"2025-03-28T10:59:54+08:00"}
{"event":"get get articleCategoryList by categoryId","level":"info","msg":"Success to get articleCategoryList by categoryId","time":"2025-03-28T10:59:54+08:00"}
{"event":"get a articleDTO by id","level":"info","msg":"Success","time":"2025-03-28T10:59:54+08:00"}
{"event":"get a articleDTO by id","level":"info","msg":"Success","time":"2025-03-28T10:59:54+08:00"}
{"event":"get a articleDTO by id","level":"info","msg":"Success","time":"2025-03-28T10:59:54+08:00"}
{"event":"get a articleDTO by id","level":"info","msg":"Success","time":"2025-03-28T10:59:54+08:00"}
{"event":"get get articleCategoryList by categoryId","level":"info","msg":"Success to get articleCategoryList by categoryId","time":"2025-03-28T10:59:54+08:00"}
{"event":"get a articleDTO by id","level":"info","msg":"Success","time":"2025-03-28T10:59:54+08:00"}
{"event":"get a articleDTO by id","level":"info","msg":"Success","time":"2025-03-28T10:59:54+08:00"}
{"event":"get a articleDTO by id","level":"info","msg":"Success","time":"2025-03-28T10:59:54+08:00"}
{"event":"get get articleCategoryList by categoryId","level":"info","msg":"Success to get articleCategoryList by categoryId","time":"2025-03-28T10:59:54+08:00"}
{"event":"get a articleDTO by id","level":"info","msg":"Success","time":"2025-03-28T10:59:54+08:00"}
{"event":"get a articleDTO by id","level":"info","msg":"Success","time":"2025-03-28T10:59:54+08:00"}
{"event":"get a articleDTO by id","level":"info","msg":"Success","time":"2025-03-28T10:59:54+08:00"}
{"event":"get a article by id","level":"info","msg":"Success","time":"2025-03-28T10:59:58+08:00"}
{"event":"get a article by id","level":"info","msg":"Success","time":"2025-03-28T10:59:58+08:00"}
{"event":"get all categories","level":"info","msg":"Success to get all categories","time":"2025-03-28T11:00:00+08:00"}
{"event":"get all categories","level":"info","msg":"Success to get all categories","time":"2025-03-28T11:00:00+08:00"}
{"event":"get get articleCategoryList by categoryId","level":"info","msg":"Success to get articleCategoryList by categoryId","time":"2025-03-28T11:00:00+08:00"}
{"event":"get get articleCategoryList by categoryId","level":"info","msg":"Success to get articleCategoryList by categoryId","time":"2025-03-28T11:00:00+08:00"}
{"event":"get a articleDTO by id","level":"info","msg":"Success","time":"2025-03-28T11:00:00+08:00"}
{"event":"get a articleDTO by id","level":"info","msg":"Success","time":"2025-03-28T11:00:00+08:00"}
{"event":"get a articleDTO by id","level":"info","msg":"Success","time":"2025-03-28T11:00:00+08:00"}
{"event":"get a articleDTO by id","level":"info","msg":"Success","time":"2025-03-28T11:00:00+08:00"}
{"event":"get a articleDTO by id","level":"info","msg":"Success","time":"2025-03-28T11:00:00+08:00"}
{"event":"get get articleCategoryList by categoryId","level":"info","msg":"Success to get articleCategoryList by categoryId","time":"2025-03-28T11:00:00+08:00"}
{"event":"get get articleCategoryList by categoryId","level":"info","msg":"Success to get articleCategoryList by categoryId","time":"2025-03-28T11:00:00+08:00"}
{"event":"get a articleDTO by id","level":"info","msg":"Success","time":"2025-03-28T11:00:00+08:00"}
{"event":"get a articleDTO by id","level":"info","msg":"Success","time":"2025-03-28T11:00:00+08:00"}
{"event":"get a articleDTO by id","level":"info","msg":"Success","time":"2025-03-28T11:00:00+08:00"}
{"event":"get a articleDTO by id","level":"info","msg":"Success","time":"2025-03-28T11:00:00+08:00"}
{"event":"get a articleDTO by id","level":"info","msg":"Success","time":"2025-03-28T11:00:00+08:00"}
{"event":"get get articleCategoryList by categoryId","level":"info","msg":"Success to get articleCategoryList by categoryId","time":"2025-03-28T11:00:00+08:00"}
{"event":"get a articleDTO by id","level":"info","msg":"Success","time":"2025-03-28T11:00:00+08:00"}
{"event":"get get articleCategoryList by categoryId","level":"info","msg":"Success to get articleCategoryList by categoryId","time":"2025-03-28T11:00:00+08:00"}
{"event":"get a articleDTO by id","level":"info","msg":"Success","time":"2025-03-28T11:00:00+08:00"}
{"event":"get a articleDTO by id","level":"info","msg":"Success","time":"2025-03-28T11:00:00+08:00"}
{"event":"get a articleDTO by id","level":"info","msg":"Success","time":"2025-03-28T11:00:00+08:00"}
{"event":"get a articleDTO by id","level":"info","msg":"Success","time":"2025-03-28T11:00:00+08:00"}
{"event":"get all categories","level":"info","msg":"Success to get all categories","time":"2025-03-28T11:00:02+08:00"}
{"event":"get all categories","level":"info","msg":"Success to get all categories","time":"2025-03-28T11:00:02+08:00"}
{"event":"get a articleDTOs by userId","level":"info","msg":"Success","time":"2025-03-28T11:00:14+08:00"}
{"event":"get a articleDTOs by userId","level":"info","msg":"Success","time":"2025-03-28T11:00:14+08:00"}
{"event":"get a articleDTOs by keywords","level":"info","msg":"Success","time":"2025-03-28T11:07:25+08:00"}
{"event":"get a articleDTOs by keywords","level":"info","msg":"Success","time":"2025-03-28T11:07:25+08:00"}
{"event":"get a articleDTOs by keywords","level":"info","msg":"Success","time":"2025-03-28T11:07:25+08:00"}
{"event":"get a articleDTOs by keywords","level":"info","msg":"Success","time":"2025-03-28T11:07:30+08:00"}
{"event":"get a articleDTOs by keywords","level":"info","msg":"Success","time":"2025-03-28T11:12:36+08:00"}
{"event":"get a articleDTOs by keywords","level":"info","msg":"Success","time":"2025-03-28T11:12:36+08:00"}
{"event":"get a articleDTOs by keywords","level":"info","msg":"Success","time":"2025-03-28T11:12:36+08:00"}
{"event":"get a articleDTOs by userId","level":"info","msg":"Success","time":"2025-03-28T16:41:52+08:00"}
{"event":"get a articleDTOs by userId","level":"info","msg":"Success","time":"2025-03-28T16:41:52+08:00"}
{"event":"get a articleDTOs by userId","level":"info","msg":"Success","time":"2025-03-28T16:42:50+08:00"}
{"event":"get a articleDTOs by userId","level":"info","msg":"Success","time":"2025-03-28T16:42:50+08:00"}
{"event":"get a articleDTOs by userId","level":"info","msg":"Success","time":"2025-03-28T16:50:06+08:00"}
{"event":"get a articleDTOs by userId","level":"info","msg":"Success","time":"2025-03-28T16:50:06+08:00"}
{"event":"get a articleDTOs by userId","level":"info","msg":"Success","time":"2025-03-28T16:50:49+08:00"}
{"event":"get a articleDTOs by userId","level":"info","msg":"Success","time":"2025-03-28T16:50:49+08:00"}
{"event":"get a articleDTOs by userId","level":"info","msg":"Success","time":"2025-03-28T16:50:56+08:00"}
{"event":"get a articleDTOs by userId","level":"info","msg":"Success","time":"2025-03-28T16:50:56+08:00"}
{"event":"get a articleDTOs by userId","level":"info","msg":"Success","time":"2025-03-28T16:50:59+08:00"}
{"event":"get a articleDTOs by userId","level":"info","msg":"Success","time":"2025-03-28T16:50:59+08:00"}
{"event":"get a articleDTOs by userId","level":"info","msg":"Success","time":"2025-03-28T16:51:02+08:00"}
{"event":"get a articleDTOs by userId","level":"info","msg":"Success","time":"2025-03-28T16:51:02+08:00"}
{"event":"get a articleDTOs by userId","level":"info","msg":"Success","time":"2025-03-28T16:51:06+08:00"}
{"event":"get a articleDTOs by userId","level":"info","msg":"Success","time":"2025-03-28T16:51:06+08:00"}
{"event":"get a articleDTOs by userId","level":"info","msg":"Success","time":"2025-03-28T16:51:14+08:00"}
{"event":"get a articleDTOs by userId","level":"info","msg":"Success","time":"2025-03-28T16:51:14+08:00"}
{"event":"get a articleDTOs by userId","level":"info","msg":"Success","time":"2025-03-28T16:51:16+08:00"}
{"event":"get a articleDTOs by userId","level":"info","msg":"Success","time":"2025-03-28T16:51:16+08:00"}
{"event":"get a articleDTOs by userId","level":"info","msg":"Success","time":"2025-03-28T16:51:40+08:00"}
{"event":"get a articleDTOs by userId","level":"info","msg":"Success","time":"2025-03-28T16:51:40+08:00"}
{"event":"get a articleDTOs by userId","level":"info","msg":"Success","time":"2025-03-28T16:51:48+08:00"}
{"event":"get a articleDTOs by userId","level":"info","msg":"Success","time":"2025-03-28T16:51:48+08:00"}
{"event":"get a articleDTOs by userId","level":"info","msg":"Success","time":"2025-03-28T16:51:50+08:00"}
{"event":"get a articleDTOs by userId","level":"info","msg":"Success","time":"2025-03-28T16:51:50+08:00"}
{"event":"get a articleDTOs by userId","level":"info","msg":"Success","time":"2025-03-28T16:51:52+08:00"}
{"event":"get a articleDTOs by userId","level":"info","msg":"Success","time":"2025-03-28T16:51:52+08:00"}
{"event":"get a articleDTOs by userId","level":"info","msg":"Success","time":"2025-03-28T16:59:19+08:00"}
{"event":"get a articleDTOs by userId","level":"info","msg":"Success","time":"2025-03-28T16:59:19+08:00"}
{"event":"get all categories","level":"info","msg":"Success to get all categories","time":"2025-03-28T16:59:24+08:00"}
{"event":"get all categories","level":"info","msg":"Success to get all categories","time":"2025-03-28T16:59:24+08:00"}
{"event":"get get articleCategoryList by categoryId","level":"info","msg":"Success to get articleCategoryList by categoryId","time":"2025-03-28T16:59:24+08:00"}
{"event":"get get articleCategoryList by categoryId","level":"info","msg":"Success to get articleCategoryList by categoryId","time":"2025-03-28T16:59:24+08:00"}
{"event":"get a articleDTO by id","level":"info","msg":"Success","time":"2025-03-28T16:59:24+08:00"}
{"event":"get a articleDTO by id","level":"info","msg":"Success","time":"2025-03-28T16:59:24+08:00"}
{"event":"get a articleDTO by id","level":"info","msg":"Success","time":"2025-03-28T16:59:24+08:00"}
{"event":"get a articleDTO by id","level":"info","msg":"Success","time":"2025-03-28T16:59:24+08:00"}
{"event":"get a articleDTO by id","level":"info","msg":"Success","time":"2025-03-28T16:59:24+08:00"}
{"event":"get get articleCategoryList by categoryId","level":"info","msg":"Success to get articleCategoryList by categoryId","time":"2025-03-28T16:59:24+08:00"}
{"event":"get get articleCategoryList by categoryId","level":"info","msg":"Success to get articleCategoryList by categoryId","time":"2025-03-28T16:59:24+08:00"}
{"event":"get a articleDTO by id","level":"info","msg":"Success","time":"2025-03-28T16:59:24+08:00"}
{"event":"get a articleDTO by id","level":"info","msg":"Success","time":"2025-03-28T16:59:24+08:00"}
{"event":"get a articleDTO by id","level":"info","msg":"Success","time":"2025-03-28T16:59:24+08:00"}
{"event":"get a articleDTO by id","level":"info","msg":"Success","time":"2025-03-28T16:59:24+08:00"}
{"event":"get a articleDTO by id","level":"info","msg":"Success","time":"2025-03-28T16:59:24+08:00"}
{"event":"get get articleCategoryList by categoryId","level":"info","msg":"Success to get articleCategoryList by categoryId","time":"2025-03-28T16:59:24+08:00"}
{"event":"get get articleCategoryList by categoryId","level":"info","msg":"Success to get articleCategoryList by categoryId","time":"2025-03-28T16:59:24+08:00"}
{"event":"get a articleDTO by id","level":"info","msg":"Success","time":"2025-03-28T16:59:24+08:00"}
{"event":"get a articleDTO by id","level":"info","msg":"Success","time":"2025-03-28T16:59:24+08:00"}
{"event":"get a articleDTO by id","level":"info","msg":"Success","time":"2025-03-28T16:59:24+08:00"}
{"event":"get a articleDTO by id","level":"info","msg":"Success","time":"2025-03-28T16:59:24+08:00"}
{"event":"get a articleDTO by id","level":"info","msg":"Success","time":"2025-03-28T16:59:24+08:00"}
{"event":"get a articleDTOs by userId","level":"info","msg":"Success","time":"2025-03-28T16:59:25+08:00"}
{"event":"get a articleDTOs by userId","level":"info","msg":"Success","time":"2025-03-28T16:59:25+08:00"}
{"event":"get all categories","level":"info","msg":"Success to get all categories","time":"2025-03-28T17:08:15+08:00"}
{"event":"get all categories","level":"info","msg":"Success to get all categories","time":"2025-03-28T17:08:15+08:00"}
{"event":"get get articleCategoryList by categoryId","level":"info","msg":"Success to get articleCategoryList by categoryId","time":"2025-03-28T17:08:15+08:00"}
{"event":"get get articleCategoryList by categoryId","level":"info","msg":"Success to get articleCategoryList by categoryId","time":"2025-03-28T17:08:15+08:00"}
{"event":"get a articleDTO by id","level":"info","msg":"Success","time":"2025-03-28T17:08:15+08:00"}
{"event":"get a articleDTO by id","level":"info","msg":"Success","time":"2025-03-28T17:08:15+08:00"}
{"event":"get a articleDTO by id","level":"info","msg":"Success","time":"2025-03-28T17:08:15+08:00"}
{"event":"get a articleDTO by id","level":"info","msg":"Success","time":"2025-03-28T17:08:15+08:00"}
{"event":"get a articleDTO by id","level":"info","msg":"Success","time":"2025-03-28T17:08:15+08:00"}
{"event":"get get articleCategoryList by categoryId","level":"info","msg":"Success to get articleCategoryList by categoryId","time":"2025-03-28T17:08:15+08:00"}
{"event":"get get articleCategoryList by categoryId","level":"info","msg":"Success to get articleCategoryList by categoryId","time":"2025-03-28T17:08:15+08:00"}
{"event":"get a articleDTO by id","level":"info","msg":"Success","time":"2025-03-28T17:08:15+08:00"}
{"event":"get a articleDTO by id","level":"info","msg":"Success","time":"2025-03-28T17:08:15+08:00"}
{"event":"get a articleDTO by id","level":"info","msg":"Success","time":"2025-03-28T17:08:15+08:00"}
{"event":"get a articleDTO by id","level":"info","msg":"Success","time":"2025-03-28T17:08:15+08:00"}
{"event":"get a articleDTO by id","level":"info","msg":"Success","time":"2025-03-28T17:08:15+08:00"}
{"event":"get get articleCategoryList by categoryId","level":"info","msg":"Success to get articleCategoryList by categoryId","time":"2025-03-28T17:08:15+08:00"}
{"event":"get get articleCategoryList by categoryId","level":"info","msg":"Success to get articleCategoryList by categoryId","time":"2025-03-28T17:08:15+08:00"}
{"event":"get a articleDTO by id","level":"info","msg":"Success","time":"2025-03-28T17:08:15+08:00"}
{"event":"get a articleDTO by id","level":"info","msg":"Success","time":"2025-03-28T17:08:15+08:00"}
{"event":"get a articleDTO by id","level":"info","msg":"Success","time":"2025-03-28T17:08:15+08:00"}
{"event":"get a articleDTO by id","level":"info","msg":"Success","time":"2025-03-28T17:08:15+08:00"}
{"event":"get a articleDTO by id","level":"info","msg":"Success","time":"2025-03-28T17:08:15+08:00"}
{"event":"get all categories","level":"info","msg":"Success to get all categories","time":"2025-03-28T17:08:15+08:00"}
{"event":"get all categories","level":"info","msg":"Success to get all categories","time":"2025-03-28T17:08:15+08:00"}
{"event":"get all categories","level":"info","msg":"Success to get all categories","time":"2025-03-28T17:08:16+08:00"}
{"event":"get all categories","level":"info","msg":"Success to get all categories","time":"2025-03-28T17:08:16+08:00"}
{"event":"get get articleCategoryList by categoryId","level":"info","msg":"Success to get articleCategoryList by categoryId","time":"2025-03-28T17:08:16+08:00"}
{"event":"get a articleDTO by id","level":"info","msg":"Success","time":"2025-03-28T17:08:16+08:00"}
{"event":"get get articleCategoryList by categoryId","level":"info","msg":"Success to get articleCategoryList by categoryId","time":"2025-03-28T17:08:16+08:00"}
{"event":"get a articleDTO by id","level":"info","msg":"Success","time":"2025-03-28T17:08:16+08:00"}
{"event":"get a articleDTO by id","level":"info","msg":"Success","time":"2025-03-28T17:08:16+08:00"}
{"event":"get a articleDTO by id","level":"info","msg":"Success","time":"2025-03-28T17:08:16+08:00"}
{"event":"get a articleDTO by id","level":"info","msg":"Success","time":"2025-03-28T17:08:16+08:00"}
{"event":"get get articleCategoryList by categoryId","level":"info","msg":"Success to get articleCategoryList by categoryId","time":"2025-03-28T17:08:16+08:00"}
{"event":"get get articleCategoryList by categoryId","level":"info","msg":"Success to get articleCategoryList by categoryId","time":"2025-03-28T17:08:16+08:00"}
{"event":"get a articleDTO by id","level":"info","msg":"Success","time":"2025-03-28T17:08:16+08:00"}
{"event":"get a articleDTO by id","level":"info","msg":"Success","time":"2025-03-28T17:08:16+08:00"}
{"event":"get a articleDTO by id","level":"info","msg":"Success","time":"2025-03-28T17:08:16+08:00"}
{"event":"get a articleDTO by id","level":"info","msg":"Success","time":"2025-03-28T17:08:16+08:00"}
{"event":"get a articleDTO by id","level":"info","msg":"Success","time":"2025-03-28T17:08:16+08:00"}
{"event":"get get articleCategoryList by categoryId","level":"info","msg":"Success to get articleCategoryList by categoryId","time":"2025-03-28T17:08:16+08:00"}
{"event":"get get articleCategoryList by categoryId","level":"info","msg":"Success to get articleCategoryList by categoryId","time":"2025-03-28T17:08:16+08:00"}
{"event":"get a articleDTO by id","level":"info","msg":"Success","time":"2025-03-28T17:08:16+08:00"}
{"event":"get a articleDTO by id","level":"info","msg":"Success","time":"2025-03-28T17:08:16+08:00"}
{"event":"get a articleDTO by id","level":"info","msg":"Success","time":"2025-03-28T17:08:16+08:00"}
{"event":"get a articleDTO by id","level":"info","msg":"Success","time":"2025-03-28T17:08:16+08:00"}
{"event":"get a articleDTO by id","level":"info","msg":"Success","time":"2025-03-28T17:08:16+08:00"}
{"event":"get all categories","level":"info","msg":"Success to get all categories","time":"2025-03-28T17:08:17+08:00"}
{"event":"get all categories","level":"info","msg":"Success to get all categories","time":"2025-03-28T17:08:17+08:00"}
{"event":"get all categories","level":"info","msg":"Success to get all categories","time":"2025-03-28T17:08:17+08:00"}
{"event":"get all categories","level":"info","msg":"Success to get all categories","time":"2025-03-28T17:08:17+08:00"}
{"event":"get get articleCategoryList by categoryId","level":"info","msg":"Success to get articleCategoryList by categoryId","time":"2025-03-28T17:08:17+08:00"}
{"event":"get get articleCategoryList by categoryId","level":"info","msg":"Success to get articleCategoryList by categoryId","time":"2025-03-28T17:08:17+08:00"}
{"event":"get a articleDTO by id","level":"info","msg":"Success","time":"2025-03-28T17:08:17+08:00"}
{"event":"get a articleDTO by id","level":"info","msg":"Success","time":"2025-03-28T17:08:17+08:00"}
{"event":"get a articleDTO by id","level":"info","msg":"Success","time":"2025-03-28T17:08:17+08:00"}
{"event":"get a articleDTO by id","level":"info","msg":"Success","time":"2025-03-28T17:08:17+08:00"}
{"event":"get a articleDTO by id","level":"info","msg":"Success","time":"2025-03-28T17:08:17+08:00"}
{"event":"get get articleCategoryList by categoryId","level":"info","msg":"Success to get articleCategoryList by categoryId","time":"2025-03-28T17:08:17+08:00"}
{"event":"get get articleCategoryList by categoryId","level":"info","msg":"Success to get articleCategoryList by categoryId","time":"2025-03-28T17:08:17+08:00"}
{"event":"get a articleDTO by id","level":"info","msg":"Success","time":"2025-03-28T17:08:17+08:00"}
{"event":"get a articleDTO by id","level":"info","msg":"Success","time":"2025-03-28T17:08:17+08:00"}
{"event":"get a articleDTO by id","level":"info","msg":"Success","time":"2025-03-28T17:08:17+08:00"}
{"event":"get a articleDTO by id","level":"info","msg":"Success","time":"2025-03-28T17:08:17+08:00"}
{"event":"get a articleDTO by id","level":"info","msg":"Success","time":"2025-03-28T17:08:17+08:00"}
{"event":"get get articleCategoryList by categoryId","level":"info","msg":"Success to get articleCategoryList by categoryId","time":"2025-03-28T17:08:17+08:00"}
{"event":"get get articleCategoryList by categoryId","level":"info","msg":"Success to get articleCategoryList by categoryId","time":"2025-03-28T17:08:17+08:00"}
{"event":"get a articleDTO by id","level":"info","msg":"Success","time":"2025-03-28T17:08:17+08:00"}
{"event":"get a articleDTO by id","level":"info","msg":"Success","time":"2025-03-28T17:08:17+08:00"}
{"event":"get a articleDTO by id","level":"info","msg":"Success","time":"2025-03-28T17:08:17+08:00"}
{"event":"get a articleDTO by id","level":"info","msg":"Success","time":"2025-03-28T17:08:17+08:00"}
{"event":"get a articleDTO by id","level":"info","msg":"Success","time":"2025-03-28T17:08:17+08:00"}
{"event":"get all categories","level":"info","msg":"Success to get all categories","time":"2025-03-28T17:08:19+08:00"}
{"event":"get all categories","level":"info","msg":"Success to get all categories","time":"2025-03-28T17:08:19+08:00"}
{"event":"get all categories","level":"info","msg":"Success to get all categories","time":"2025-03-28T17:08:19+08:00"}
{"event":"get all categories","level":"info","msg":"Success to get all categories","time":"2025-03-28T17:08:19+08:00"}
{"event":"get get articleCategoryList by categoryId","level":"info","msg":"Success to get articleCategoryList by categoryId","time":"2025-03-28T17:08:19+08:00"}
{"event":"get get articleCategoryList by categoryId","level":"info","msg":"Success to get articleCategoryList by categoryId","time":"2025-03-28T17:08:19+08:00"}
{"event":"get a articleDTO by id","level":"info","msg":"Success","time":"2025-03-28T17:08:19+08:00"}
{"event":"get a articleDTO by id","level":"info","msg":"Success","time":"2025-03-28T17:08:19+08:00"}
{"event":"get a articleDTO by id","level":"info","msg":"Success","time":"2025-03-28T17:08:19+08:00"}
{"event":"get a articleDTO by id","level":"info","msg":"Success","time":"2025-03-28T17:08:19+08:00"}
{"event":"get a articleDTO by id","level":"info","msg":"Success","time":"2025-03-28T17:08:19+08:00"}
{"event":"get get articleCategoryList by categoryId","level":"info","msg":"Success to get articleCategoryList by categoryId","time":"2025-03-28T17:08:19+08:00"}
{"event":"get a articleDTO by id","level":"info","msg":"Success","time":"2025-03-28T17:08:19+08:00"}
{"event":"get get articleCategoryList by categoryId","level":"info","msg":"Success to get articleCategoryList by categoryId","time":"2025-03-28T17:08:19+08:00"}
{"event":"get a articleDTO by id","level":"info","msg":"Success","time":"2025-03-28T17:08:19+08:00"}
{"event":"get a articleDTO by id","level":"info","msg":"Success","time":"2025-03-28T17:08:19+08:00"}
{"event":"get a articleDTO by id","level":"info","msg":"Success","time":"2025-03-28T17:08:19+08:00"}
{"event":"get a articleDTO by id","level":"info","msg":"Success","time":"2025-03-28T17:08:19+08:00"}
{"event":"get get articleCategoryList by categoryId","level":"info","msg":"Success to get articleCategoryList by categoryId","time":"2025-03-28T17:08:19+08:00"}
{"event":"get a articleDTO by id","level":"info","msg":"Success","time":"2025-03-28T17:08:19+08:00"}
{"event":"get get articleCategoryList by categoryId","level":"info","msg":"Success to get articleCategoryList by categoryId","time":"2025-03-28T17:08:19+08:00"}
{"event":"get a articleDTO by id","level":"info","msg":"Success","time":"2025-03-28T17:08:19+08:00"}
{"event":"get a articleDTO by id","level":"info","msg":"Success","time":"2025-03-28T17:08:19+08:00"}
{"event":"get a articleDTO by id","level":"info","msg":"Success","time":"2025-03-28T17:08:19+08:00"}
{"event":"get a articleDTO by id","level":"info","msg":"Success","time":"2025-03-28T17:08:19+08:00"}
{"event":"get all categories","level":"info","msg":"Success to get all categories","time":"2025-03-28T17:08:20+08:00"}
{"event":"get all categories","level":"info","msg":"Success to get all categories","time":"2025-03-28T17:08:20+08:00"}
{"event":"get get articleCategoryList by categoryId","level":"info","msg":"Success to get articleCategoryList by categoryId","time":"2025-03-28T17:08:21+08:00"}
{"event":"get a articleDTO by id","level":"info","msg":"Success","time":"2025-03-28T17:08:21+08:00"}
{"event":"get a articleDTO by id","level":"info","msg":"Success","time":"2025-03-28T17:08:21+08:00"}
{"event":"get a articleDTO by id","level":"info","msg":"Success","time":"2025-03-28T17:08:21+08:00"}
{"event":"get get articleCategoryList by categoryId","level":"info","msg":"Success to get articleCategoryList by categoryId","time":"2025-03-28T17:08:21+08:00"}
{"event":"get a articleDTO by id","level":"info","msg":"Success","time":"2025-03-28T17:08:21+08:00"}
{"event":"get a articleDTO by id","level":"info","msg":"Success","time":"2025-03-28T17:08:21+08:00"}
{"event":"get a articleDTO by id","level":"info","msg":"Success","time":"2025-03-28T17:08:21+08:00"}
{"event":"get all categories","level":"info","msg":"Success to get all categories","time":"2025-03-28T17:08:22+08:00"}
{"event":"get all categories","level":"info","msg":"Success to get all categories","time":"2025-03-28T17:08:22+08:00"}
{"event":"get get articleCategoryList by categoryId","level":"info","msg":"Success to get articleCategoryList by categoryId","time":"2025-03-28T17:08:22+08:00"}
{"event":"get get articleCategoryList by categoryId","level":"info","msg":"Success to get articleCategoryList by categoryId","time":"2025-03-28T17:08:22+08:00"}
{"event":"get a articleDTO by id","level":"info","msg":"Success","time":"2025-03-28T17:08:22+08:00"}
{"event":"get a articleDTO by id","level":"info","msg":"Success","time":"2025-03-28T17:08:22+08:00"}
{"event":"get a articleDTO by id","level":"info","msg":"Success","time":"2025-03-28T17:08:22+08:00"}
{"event":"get a articleDTO by id","level":"info","msg":"Success","time":"2025-03-28T17:08:22+08:00"}
{"event":"get a articleDTO by id","level":"info","msg":"Success","time":"2025-03-28T17:08:22+08:00"}
{"event":"get get articleCategoryList by categoryId","level":"info","msg":"Success to get articleCategoryList by categoryId","time":"2025-03-28T17:08:22+08:00"}
{"event":"get get articleCategoryList by categoryId","level":"info","msg":"Success to get articleCategoryList by categoryId","time":"2025-03-28T17:08:22+08:00"}
{"event":"get a articleDTO by id","level":"info","msg":"Success","time":"2025-03-28T17:08:22+08:00"}
{"event":"get a articleDTO by id","level":"info","msg":"Success","time":"2025-03-28T17:08:22+08:00"}
{"event":"get a articleDTO by id","level":"info","msg":"Success","time":"2025-03-28T17:08:22+08:00"}
{"event":"get a articleDTO by id","level":"info","msg":"Success","time":"2025-03-28T17:08:22+08:00"}
{"event":"get a articleDTO by id","level":"info","msg":"Success","time":"2025-03-28T17:08:22+08:00"}
{"event":"get get articleCategoryList by categoryId","level":"info","msg":"Success to get articleCategoryList by categoryId","time":"2025-03-28T17:08:22+08:00"}
{"event":"get a articleDTO by id","level":"info","msg":"Success","time":"2025-03-28T17:08:22+08:00"}
{"event":"get get articleCategoryList by categoryId","level":"info","msg":"Success to get articleCategoryList by categoryId","time":"2025-03-28T17:08:22+08:00"}
{"event":"get a articleDTO by id","level":"info","msg":"Success","time":"2025-03-28T17:08:22+08:00"}
{"event":"get a articleDTO by id","level":"info","msg":"Success","time":"2025-03-28T17:08:22+08:00"}
{"event":"get a articleDTO by id","level":"info","msg":"Success","time":"2025-03-28T17:08:22+08:00"}
{"event":"get a articleDTO by id","level":"info","msg":"Success","time":"2025-03-28T17:08:22+08:00"}
{"event":"get a article by id","level":"info","msg":"Success","time":"2025-03-28T17:08:22+08:00"}
{"event":"get a article by id","level":"info","msg":"Success","time":"2025-03-28T17:08:22+08:00"}
{"event":"get a articleDTOs by userId","level":"info","msg":"Success","time":"2025-03-28T17:08:43+08:00"}
{"event":"get a articleDTOs by userId","level":"info","msg":"Success","time":"2025-03-28T17:08:43+08:00"}
{"event":"get all categories","level":"info","msg":"Success to get all categories","time":"2025-03-28T18:39:09+08:00"}
{"event":"get all categories","level":"info","msg":"Success to get all categories","time":"2025-03-28T18:39:09+08:00"}
{"event":"get get articleCategoryList by categoryId","level":"info","msg":"Success to get articleCategoryList by categoryId","time":"2025-03-28T18:39:10+08:00"}
{"event":"get get articleCategoryList by categoryId","level":"info","msg":"Success to get articleCategoryList by categoryId","time":"2025-03-28T18:39:10+08:00"}
{"event":"get a articleDTO by id","level":"info","msg":"Success","time":"2025-03-28T18:39:10+08:00"}
{"event":"get a articleDTO by id","level":"info","msg":"Success","time":"2025-03-28T18:39:10+08:00"}
{"event":"get a articleDTO by id","level":"info","msg":"Success","time":"2025-03-28T18:39:10+08:00"}
{"event":"get a articleDTO by id","level":"info","msg":"Success","time":"2025-03-28T18:39:10+08:00"}
{"event":"get a articleDTO by id","level":"info","msg":"Success","time":"2025-03-28T18:39:10+08:00"}
{"event":"get get articleCategoryList by categoryId","level":"info","msg":"Success to get articleCategoryList by categoryId","time":"2025-03-28T18:39:10+08:00"}
{"event":"get get articleCategoryList by categoryId","level":"info","msg":"Success to get articleCategoryList by categoryId","time":"2025-03-28T18:39:10+08:00"}
{"event":"get a articleDTO by id","level":"info","msg":"Success","time":"2025-03-28T18:39:10+08:00"}
{"event":"get a articleDTO by id","level":"info","msg":"Success","time":"2025-03-28T18:39:10+08:00"}
{"event":"get a articleDTO by id","level":"info","msg":"Success","time":"2025-03-28T18:39:10+08:00"}
{"event":"get a articleDTO by id","level":"info","msg":"Success","time":"2025-03-28T18:39:10+08:00"}
{"event":"get a articleDTO by id","level":"info","msg":"Success","time":"2025-03-28T18:39:10+08:00"}
{"event":"get get articleCategoryList by categoryId","level":"info","msg":"Success to get articleCategoryList by categoryId","time":"2025-03-28T18:39:10+08:00"}
{"event":"get get articleCategoryList by categoryId","level":"info","msg":"Success to get articleCategoryList by categoryId","time":"2025-03-28T18:39:10+08:00"}
{"event":"get a articleDTO by id","level":"info","msg":"Success","time":"2025-03-28T18:39:10+08:00"}
{"event":"get a articleDTO by id","level":"info","msg":"Success","time":"2025-03-28T18:39:10+08:00"}
{"event":"get a articleDTO by id","level":"info","msg":"Success","time":"2025-03-28T18:39:10+08:00"}
{"event":"get a articleDTO by id","level":"info","msg":"Success","time":"2025-03-28T18:39:10+08:00"}
{"event":"get a articleDTO by id","level":"info","msg":"Success","time":"2025-03-28T18:39:10+08:00"}
{"event":"get a articleDTOs by userId","level":"info","msg":"Success","time":"2025-03-28T18:39:14+08:00"}
{"event":"get a articleDTOs by userId","level":"info","msg":"Success","time":"2025-03-28T18:39:14+08:00"}
{"event":"get a articleDTOs by userId","level":"info","msg":"Success","time":"2025-03-28T18:44:40+08:00"}
{"event":"get a articleDTOs by userId","level":"info","msg":"Success","time":"2025-03-28T18:44:40+08:00"}
{"event":"get a articleDTOs by userId","level":"info","msg":"Success","time":"2025-03-28T18:53:41+08:00"}
{"event":"get a articleDTOs by userId","level":"info","msg":"Success","time":"2025-03-28T18:53:41+08:00"}
{"event":"get a article by id","level":"info","msg":"Success","time":"2025-03-28T18:58:56+08:00"}
{"event":"get a article by id","level":"info","msg":"Success","time":"2025-03-28T18:58:56+08:00"}
{"event":"get a articleDTOs by userId","level":"info","msg":"Success","time":"2025-03-28T18:58:58+08:00"}
{"event":"get a articleDTOs by userId","level":"info","msg":"Success","time":"2025-03-28T18:58:58+08:00"}
{"event":"get all categories","level":"info","msg":"Success to get all categories","time":"2025-03-28T18:59:00+08:00"}
{"event":"get all categories","level":"info","msg":"Success to get all categories","time":"2025-03-28T18:59:00+08:00"}
{"event":"get get articleCategoryList by categoryId","level":"info","msg":"Success to get articleCategoryList by categoryId","time":"2025-03-28T18:59:00+08:00"}
{"event":"get get articleCategoryList by categoryId","level":"info","msg":"Success to get articleCategoryList by categoryId","time":"2025-03-28T18:59:00+08:00"}
{"event":"get a articleDTO by id","level":"info","msg":"Success","time":"2025-03-28T18:59:00+08:00"}
{"event":"get a articleDTO by id","level":"info","msg":"Success","time":"2025-03-28T18:59:00+08:00"}
{"event":"get a articleDTO by id","level":"info","msg":"Success","time":"2025-03-28T18:59:00+08:00"}
{"event":"get a articleDTO by id","level":"info","msg":"Success","time":"2025-03-28T18:59:00+08:00"}
{"event":"get a articleDTO by id","level":"info","msg":"Success","time":"2025-03-28T18:59:00+08:00"}
{"event":"get get articleCategoryList by categoryId","level":"info","msg":"Success to get articleCategoryList by categoryId","time":"2025-03-28T18:59:00+08:00"}
{"event":"get get articleCategoryList by categoryId","level":"info","msg":"Success to get articleCategoryList by categoryId","time":"2025-03-28T18:59:00+08:00"}
{"event":"get a articleDTO by id","level":"info","msg":"Success","time":"2025-03-28T18:59:00+08:00"}
{"event":"get a articleDTO by id","level":"info","msg":"Success","time":"2025-03-28T18:59:00+08:00"}
{"event":"get a articleDTO by id","level":"info","msg":"Success","time":"2025-03-28T18:59:00+08:00"}
{"event":"get a articleDTO by id","level":"info","msg":"Success","time":"2025-03-28T18:59:00+08:00"}
{"event":"get a articleDTO by id","level":"info","msg":"Success","time":"2025-03-28T18:59:00+08:00"}
{"event":"get get articleCategoryList by categoryId","level":"info","msg":"Success to get articleCategoryList by categoryId","time":"2025-03-28T18:59:00+08:00"}
{"event":"get a articleDTO by id","level":"info","msg":"Success","time":"2025-03-28T18:59:00+08:00"}
{"event":"get get articleCategoryList by categoryId","level":"info","msg":"Success to get articleCategoryList by categoryId","time":"2025-03-28T18:59:00+08:00"}
{"event":"get a articleDTO by id","level":"info","msg":"Success","time":"2025-03-28T18:59:00+08:00"}
{"event":"get a articleDTO by id","level":"info","msg":"Success","time":"2025-03-28T18:59:00+08:00"}
{"event":"get a articleDTO by id","level":"info","msg":"Success","time":"2025-03-28T18:59:00+08:00"}
{"event":"get a articleDTO by id","level":"info","msg":"Success","time":"2025-03-28T18:59:00+08:00"}
{"event":"get all categories","level":"info","msg":"Success to get all categories","time":"2025-03-28T19:07:15+08:00"}
{"event":"get get articleCategoryList by categoryId","level":"info","msg":"Success to get articleCategoryList by categoryId","time":"2025-03-28T19:07:15+08:00"}
{"event":"get get articleCategoryList by categoryId","level":"info","msg":"Success to get articleCategoryList by categoryId","time":"2025-03-28T19:07:15+08:00"}
{"event":"get a articleDTO by id","level":"info","msg":"Success","time":"2025-03-28T19:07:15+08:00"}
{"event":"get a articleDTO by id","level":"info","msg":"Success","time":"2025-03-28T19:07:15+08:00"}
{"event":"get a articleDTO by id","level":"info","msg":"Success","time":"2025-03-28T19:07:15+08:00"}
{"event":"get a articleDTO by id","level":"info","msg":"Success","time":"2025-03-28T19:07:15+08:00"}
{"event":"get a articleDTO by id","level":"info","msg":"Success","time":"2025-03-28T19:07:15+08:00"}
{"event":"get get articleCategoryList by categoryId","level":"info","msg":"Success to get articleCategoryList by categoryId","time":"2025-03-28T19:07:15+08:00"}
{"event":"get get articleCategoryList by categoryId","level":"info","msg":"Success to get articleCategoryList by categoryId","time":"2025-03-28T19:07:15+08:00"}
{"event":"get a articleDTO by id","level":"info","msg":"Success","time":"2025-03-28T19:07:15+08:00"}
{"event":"get a articleDTO by id","level":"info","msg":"Success","time":"2025-03-28T19:07:15+08:00"}
{"event":"get a articleDTO by id","level":"info","msg":"Success","time":"2025-03-28T19:07:15+08:00"}
{"event":"get a articleDTO by id","level":"info","msg":"Success","time":"2025-03-28T19:07:15+08:00"}
{"event":"get a articleDTO by id","level":"info","msg":"Success","time":"2025-03-28T19:07:15+08:00"}
{"event":"get all categories","level":"info","msg":"Success to get all categories","time":"2025-03-28T19:07:59+08:00"}
{"event":"get get articleCategoryList by categoryId","level":"info","msg":"Success to get articleCategoryList by categoryId","time":"2025-03-28T19:07:59+08:00"}
{"event":"get get articleCategoryList by categoryId","level":"info","msg":"Success to get articleCategoryList by categoryId","time":"2025-03-28T19:07:59+08:00"}
{"event":"get a articleDTO by id","level":"info","msg":"Success","time":"2025-03-28T19:07:59+08:00"}
{"event":"get a articleDTO by id","level":"info","msg":"Success","time":"2025-03-28T19:07:59+08:00"}
{"event":"get a articleDTO by id","level":"info","msg":"Success","time":"2025-03-28T19:07:59+08:00"}
{"event":"get a articleDTO by id","level":"info","msg":"Success","time":"2025-03-28T19:07:59+08:00"}
{"event":"get a articleDTO by id","level":"info","msg":"Success","time":"2025-03-28T19:07:59+08:00"}
{"event":"get get articleCategoryList by categoryId","level":"info","msg":"Success to get articleCategoryList by categoryId","time":"2025-03-28T19:07:59+08:00"}
{"event":"get get articleCategoryList by categoryId","level":"info","msg":"Success to get articleCategoryList by categoryId","time":"2025-03-28T19:07:59+08:00"}
{"event":"get a articleDTO by id","level":"info","msg":"Success","time":"2025-03-28T19:07:59+08:00"}
{"event":"get a articleDTO by id","level":"info","msg":"Success","time":"2025-03-28T19:07:59+08:00"}
{"event":"get a articleDTO by id","level":"info","msg":"Success","time":"2025-03-28T19:07:59+08:00"}
{"event":"get a articleDTO by id","level":"info","msg":"Success","time":"2025-03-28T19:07:59+08:00"}
{"event":"get a articleDTO by id","level":"info","msg":"Success","time":"2025-03-28T19:07:59+08:00"}
{"event":"get all categories","level":"info","msg":"Success to get all categories","time":"2025-03-28T19:08:01+08:00"}
{"event":"get get articleCategoryList by categoryId","level":"info","msg":"Success to get articleCategoryList by categoryId","time":"2025-03-28T19:08:01+08:00"}
{"event":"get get articleCategoryList by categoryId","level":"info","msg":"Success to get articleCategoryList by categoryId","time":"2025-03-28T19:08:01+08:00"}
{"event":"get a articleDTO by id","level":"info","msg":"Success","time":"2025-03-28T19:08:01+08:00"}
{"event":"get a articleDTO by id","level":"info","msg":"Success","time":"2025-03-28T19:08:01+08:00"}
{"event":"get a articleDTO by id","level":"info","msg":"Success","time":"2025-03-28T19:08:01+08:00"}
{"event":"get a articleDTO by id","level":"info","msg":"Success","time":"2025-03-28T19:08:01+08:00"}
{"event":"get a articleDTO by id","level":"info","msg":"Success","time":"2025-03-28T19:08:01+08:00"}
{"event":"get get articleCategoryList by categoryId","level":"info","msg":"Success to get articleCategoryList by categoryId","time":"2025-03-28T19:08:01+08:00"}
{"event":"get get articleCategoryList by categoryId","level":"info","msg":"Success to get articleCategoryList by categoryId","time":"2025-03-28T19:08:01+08:00"}
{"event":"get a articleDTO by id","level":"info","msg":"Success","time":"2025-03-28T19:08:01+08:00"}
{"event":"get a articleDTO by id","level":"info","msg":"Success","time":"2025-03-28T19:08:01+08:00"}
{"event":"get a articleDTO by id","level":"info","msg":"Success","time":"2025-03-28T19:08:01+08:00"}
{"event":"get a articleDTO by id","level":"info","msg":"Success","time":"2025-03-28T19:08:01+08:00"}
{"event":"get a articleDTO by id","level":"info","msg":"Success","time":"2025-03-28T19:08:01+08:00"}
{"event":"get all categories","level":"info","msg":"Success to get all categories","time":"2025-03-28T19:08:10+08:00"}
{"event":"get get articleCategoryList by categoryId","level":"info","msg":"Success to get articleCategoryList by categoryId","time":"2025-03-28T19:08:10+08:00"}
{"event":"get get articleCategoryList by categoryId","level":"info","msg":"Success to get articleCategoryList by categoryId","time":"2025-03-28T19:08:10+08:00"}
{"event":"get a articleDTO by id","level":"info","msg":"Success","time":"2025-03-28T19:08:10+08:00"}
{"event":"get a articleDTO by id","level":"info","msg":"Success","time":"2025-03-28T19:08:10+08:00"}
{"event":"get a articleDTO by id","level":"info","msg":"Success","time":"2025-03-28T19:08:10+08:00"}
{"event":"get a articleDTO by id","level":"info","msg":"Success","time":"2025-03-28T19:08:10+08:00"}
{"event":"get a articleDTO by id","level":"info","msg":"Success","time":"2025-03-28T19:08:10+08:00"}
{"event":"get get articleCategoryList by categoryId","level":"info","msg":"Success to get articleCategoryList by categoryId","time":"2025-03-28T19:08:10+08:00"}
{"event":"get a articleDTO by id","level":"info","msg":"Success","time":"2025-03-28T19:08:10+08:00"}
{"event":"get get articleCategoryList by categoryId","level":"info","msg":"Success to get articleCategoryList by categoryId","time":"2025-03-28T19:08:10+08:00"}
{"event":"get a articleDTO by id","level":"info","msg":"Success","time":"2025-03-28T19:08:10+08:00"}
{"event":"get a articleDTO by id","level":"info","msg":"Success","time":"2025-03-28T19:08:10+08:00"}
{"event":"get a articleDTO by id","level":"info","msg":"Success","time":"2025-03-28T19:08:10+08:00"}
{"event":"get a articleDTO by id","level":"info","msg":"Success","time":"2025-03-28T19:08:10+08:00"}
{"event":"get all categories","level":"info","msg":"Success to get all categories","time":"2025-03-28T19:08:49+08:00"}
{"event":"get get articleCategoryList by categoryId","level":"info","msg":"Success to get articleCategoryList by categoryId","time":"2025-03-28T19:08:49+08:00"}
{"event":"get get articleCategoryList by categoryId","level":"info","msg":"Success to get articleCategoryList by categoryId","time":"2025-03-28T19:08:49+08:00"}
{"event":"get a articleDTO by id","level":"info","msg":"Success","time":"2025-03-28T19:08:49+08:00"}
{"event":"get a articleDTO by id","level":"info","msg":"Success","time":"2025-03-28T19:08:49+08:00"}
{"event":"get a articleDTO by id","level":"info","msg":"Success","time":"2025-03-28T19:08:49+08:00"}
{"event":"get a articleDTO by id","level":"info","msg":"Success","time":"2025-03-28T19:08:49+08:00"}
{"event":"get a articleDTO by id","level":"info","msg":"Success","time":"2025-03-28T19:08:49+08:00"}
{"event":"get get articleCategoryList by categoryId","level":"info","msg":"Success to get articleCategoryList by categoryId","time":"2025-03-28T19:08:49+08:00"}
{"event":"get get articleCategoryList by categoryId","level":"info","msg":"Success to get articleCategoryList by categoryId","time":"2025-03-28T19:08:49+08:00"}
{"event":"get a articleDTO by id","level":"info","msg":"Success","time":"2025-03-28T19:08:49+08:00"}
{"event":"get a articleDTO by id","level":"info","msg":"Success","time":"2025-03-28T19:08:49+08:00"}
{"event":"get a articleDTO by id","level":"info","msg":"Success","time":"2025-03-28T19:08:49+08:00"}
{"event":"get a articleDTO by id","level":"info","msg":"Success","time":"2025-03-28T19:08:49+08:00"}
{"event":"get a articleDTO by id","level":"info","msg":"Success","time":"2025-03-28T19:08:49+08:00"}
{"event":"get all categories","level":"info","msg":"Success to get all categories","time":"2025-03-28T19:08:56+08:00"}
{"event":"get get articleCategoryList by categoryId","level":"info","msg":"Success to get articleCategoryList by categoryId","time":"2025-03-28T19:08:56+08:00"}
{"event":"get get articleCategoryList by categoryId","level":"info","msg":"Success to get articleCategoryList by categoryId","time":"2025-03-28T19:08:56+08:00"}
{"event":"get a articleDTO by id","level":"info","msg":"Success","time":"2025-03-28T19:08:56+08:00"}
{"event":"get a articleDTO by id","level":"info","msg":"Success","time":"2025-03-28T19:08:56+08:00"}
{"event":"get a articleDTO by id","level":"info","msg":"Success","time":"2025-03-28T19:08:56+08:00"}
{"event":"get a articleDTO by id","level":"info","msg":"Success","time":"2025-03-28T19:08:56+08:00"}
{"event":"get a articleDTO by id","level":"info","msg":"Success","time":"2025-03-28T19:08:56+08:00"}
{"event":"get get articleCategoryList by categoryId","level":"info","msg":"Success to get articleCategoryList by categoryId","time":"2025-03-28T19:08:56+08:00"}
{"event":"get a articleDTO by id","level":"info","msg":"Success","time":"2025-03-28T19:08:56+08:00"}
{"event":"get get articleCategoryList by categoryId","level":"info","msg":"Success to get articleCategoryList by categoryId","time":"2025-03-28T19:08:56+08:00"}
{"event":"get a articleDTO by id","level":"info","msg":"Success","time":"2025-03-28T19:08:56+08:00"}
{"event":"get a articleDTO by id","level":"info","msg":"Success","time":"2025-03-28T19:08:56+08:00"}
{"event":"get a articleDTO by id","level":"info","msg":"Success","time":"2025-03-28T19:08:56+08:00"}
{"event":"get a articleDTO by id","level":"info","msg":"Success","time":"2025-03-28T19:08:56+08:00"}
{"event":"get all categories","level":"info","msg":"Success to get all categories","time":"2025-03-28T19:10:41+08:00"}
{"event":"get all categories","level":"info","msg":"Success to get all categories","time":"2025-03-28T19:10:41+08:00"}
{"event":"get get articleCategoryList by categoryId","level":"info","msg":"Success to get articleCategoryList by categoryId","time":"2025-03-28T19:10:41+08:00"}
{"event":"get get articleCategoryList by categoryId","level":"info","msg":"Success to get articleCategoryList by categoryId","time":"2025-03-28T19:10:41+08:00"}
{"event":"get a articleDTO by id","level":"info","msg":"Success","time":"2025-03-28T19:10:41+08:00"}
{"event":"get a articleDTO by id","level":"info","msg":"Success","time":"2025-03-28T19:10:41+08:00"}
{"event":"get a articleDTO by id","level":"info","msg":"Success","time":"2025-03-28T19:10:41+08:00"}
{"event":"get a articleDTO by id","level":"info","msg":"Success","time":"2025-03-28T19:10:41+08:00"}
{"event":"get a articleDTO by id","level":"info","msg":"Success","time":"2025-03-28T19:10:41+08:00"}
{"event":"get get articleCategoryList by categoryId","level":"info","msg":"Success to get articleCategoryList by categoryId","time":"2025-03-28T19:10:41+08:00"}
{"event":"get get articleCategoryList by categoryId","level":"info","msg":"Success to get articleCategoryList by categoryId","time":"2025-03-28T19:10:41+08:00"}
{"event":"get a articleDTO by id","level":"info","msg":"Success","time":"2025-03-28T19:10:41+08:00"}
{"event":"get a articleDTO by id","level":"info","msg":"Success","time":"2025-03-28T19:10:41+08:00"}
{"event":"get a articleDTO by id","level":"info","msg":"Success","time":"2025-03-28T19:10:41+08:00"}
{"event":"get a articleDTO by id","level":"info","msg":"Success","time":"2025-03-28T19:10:41+08:00"}
{"event":"get a articleDTO by id","level":"info","msg":"Success","time":"2025-03-28T19:10:41+08:00"}
{"event":"get get articleCategoryList by categoryId","level":"info","msg":"Success to get articleCategoryList by categoryId","time":"2025-03-28T19:10:41+08:00"}
{"event":"get get articleCategoryList by categoryId","level":"info","msg":"Success to get articleCategoryList by categoryId","time":"2025-03-28T19:10:41+08:00"}
{"event":"get a articleDTO by id","level":"info","msg":"Success","time":"2025-03-28T19:10:41+08:00"}
{"event":"get a articleDTO by id","level":"info","msg":"Success","time":"2025-03-28T19:10:41+08:00"}
{"event":"get a articleDTO by id","level":"info","msg":"Success","time":"2025-03-28T19:10:41+08:00"}
{"event":"get a articleDTO by id","level":"info","msg":"Success","time":"2025-03-28T19:10:41+08:00"}
{"event":"get a articleDTO by id","level":"info","msg":"Success","time":"2025-03-28T19:10:41+08:00"}
{"event":"get all categories","level":"info","msg":"Success to get all categories","time":"2025-03-28T19:12:12+08:00"}
{"event":"get all categories","level":"info","msg":"Success to get all categories","time":"2025-03-28T19:12:12+08:00"}
{"event":"get get articleCategoryList by categoryId","level":"info","msg":"Success to get articleCategoryList by categoryId","time":"2025-03-28T19:12:13+08:00"}
{"event":"get a articleDTO by id","level":"info","msg":"Success","time":"2025-03-28T19:12:13+08:00"}
{"event":"get a articleDTO by id","level":"info","msg":"Success","time":"2025-03-28T19:12:13+08:00"}
{"event":"get a articleDTO by id","level":"info","msg":"Success","time":"2025-03-28T19:12:13+08:00"}
{"event":"get get articleCategoryList by categoryId","level":"info","msg":"Success to get articleCategoryList by categoryId","time":"2025-03-28T19:12:13+08:00"}
{"event":"get a articleDTO by id","level":"info","msg":"Success","time":"2025-03-28T19:12:13+08:00"}
{"event":"get a articleDTO by id","level":"info","msg":"Success","time":"2025-03-28T19:12:13+08:00"}
{"event":"get a articleDTO by id","level":"info","msg":"Success","time":"2025-03-28T19:12:13+08:00"}
{"event":"get a article by id","level":"info","msg":"Success","time":"2025-03-28T19:12:15+08:00"}
{"event":"get a article by id","level":"info","msg":"Success","time":"2025-03-28T19:12:15+08:00"}
{"event":"get get articleCategoryList by categoryId","level":"info","msg":"Success to get articleCategoryList by categoryId","time":"2025-03-28T19:12:17+08:00"}
{"event":"get a articleDTO by id","level":"info","msg":"Success","time":"2025-03-28T19:12:17+08:00"}
{"event":"get a articleDTO by id","level":"info","msg":"Success","time":"2025-03-28T19:12:17+08:00"}
{"event":"get a articleDTO by id","level":"info","msg":"Success","time":"2025-03-28T19:12:17+08:00"}
{"event":"get get articleCategoryList by categoryId","level":"info","msg":"Success to get articleCategoryList by categoryId","time":"2025-03-28T19:12:17+08:00"}
{"event":"get a articleDTO by id","level":"info","msg":"Success","time":"2025-03-28T19:12:17+08:00"}
{"event":"get a articleDTO by id","level":"info","msg":"Success","time":"2025-03-28T19:12:17+08:00"}
{"event":"get a articleDTO by id","level":"info","msg":"Success","time":"2025-03-28T19:12:17+08:00"}
{"event":"get all categories","level":"info","msg":"Success to get all categories","time":"2025-03-28T19:12:18+08:00"}
{"event":"get all categories","level":"info","msg":"Success to get all categories","time":"2025-03-28T19:12:18+08:00"}
{"event":"get get articleCategoryList by categoryId","level":"info","msg":"Success to get articleCategoryList by categoryId","time":"2025-03-28T19:12:18+08:00"}
{"event":"get get articleCategoryList by categoryId","level":"info","msg":"Success to get articleCategoryList by categoryId","time":"2025-03-28T19:12:18+08:00"}
{"event":"get a articleDTO by id","level":"info","msg":"Success","time":"2025-03-28T19:12:18+08:00"}
{"event":"get a articleDTO by id","level":"info","msg":"Success","time":"2025-03-28T19:12:18+08:00"}
{"event":"get a articleDTO by id","level":"info","msg":"Success","time":"2025-03-28T19:12:18+08:00"}
{"event":"get a articleDTO by id","level":"info","msg":"Success","time":"2025-03-28T19:12:18+08:00"}
{"event":"get a articleDTO by id","level":"info","msg":"Success","time":"2025-03-28T19:12:18+08:00"}
{"event":"get get articleCategoryList by categoryId","level":"info","msg":"Success to get articleCategoryList by categoryId","time":"2025-03-28T19:12:18+08:00"}
{"event":"get get articleCategoryList by categoryId","level":"info","msg":"Success to get articleCategoryList by categoryId","time":"2025-03-28T19:12:18+08:00"}
{"event":"get a articleDTO by id","level":"info","msg":"Success","time":"2025-03-28T19:12:18+08:00"}
{"event":"get a articleDTO by id","level":"info","msg":"Success","time":"2025-03-28T19:12:18+08:00"}
{"event":"get a articleDTO by id","level":"info","msg":"Success","time":"2025-03-28T19:12:18+08:00"}
{"event":"get a articleDTO by id","level":"info","msg":"Success","time":"2025-03-28T19:12:18+08:00"}
{"event":"get get articleCategoryList by categoryId","level":"info","msg":"Success to get articleCategoryList by categoryId","time":"2025-03-28T19:12:18+08:00"}
{"event":"get a articleDTO by id","level":"info","msg":"Success","time":"2025-03-28T19:12:18+08:00"}
{"event":"get a articleDTO by id","level":"info","msg":"Success","time":"2025-03-28T19:12:18+08:00"}
{"event":"get a articleDTO by id","level":"info","msg":"Success","time":"2025-03-28T19:12:18+08:00"}
{"event":"get get articleCategoryList by categoryId","level":"info","msg":"Success to get articleCategoryList by categoryId","time":"2025-03-28T19:12:18+08:00"}
{"event":"get a articleDTO by id","level":"info","msg":"Success","time":"2025-03-28T19:12:18+08:00"}
{"event":"get a articleDTO by id","level":"info","msg":"Success","time":"2025-03-28T19:12:18+08:00"}
{"event":"get a articleDTO by id","level":"info","msg":"Success","time":"2025-03-28T19:12:18+08:00"}
{"event":"get a articleDTOs by userId","level":"info","msg":"Success","time":"2025-03-28T19:13:05+08:00"}
{"event":"get a articleDTOs by userId","level":"info","msg":"Success","time":"2025-03-28T19:13:05+08:00"}
{"event":"get all categories","level":"info","msg":"Success to get all categories","time":"2025-03-28T19:19:16+08:00"}
{"event":"get all categories","level":"info","msg":"Success to get all categories","time":"2025-03-28T19:19:16+08:00"}
{"event":"get get articleCategoryList by categoryId","level":"info","msg":"Success to get articleCategoryList by categoryId","time":"2025-03-28T19:19:16+08:00"}
{"event":"get get articleCategoryList by categoryId","level":"info","msg":"Success to get articleCategoryList by categoryId","time":"2025-03-28T19:19:16+08:00"}
{"event":"get a articleDTO by id","level":"info","msg":"Success","time":"2025-03-28T19:19:16+08:00"}
{"event":"get a articleDTO by id","level":"info","msg":"Success","time":"2025-03-28T19:19:16+08:00"}
{"event":"get a articleDTO by id","level":"info","msg":"Success","time":"2025-03-28T19:19:16+08:00"}
{"event":"get a articleDTO by id","level":"info","msg":"Success","time":"2025-03-28T19:19:16+08:00"}
{"event":"get a articleDTO by id","level":"info","msg":"Success","time":"2025-03-28T19:19:16+08:00"}
{"event":"get get articleCategoryList by categoryId","level":"info","msg":"Success to get articleCategoryList by categoryId","time":"2025-03-28T19:19:17+08:00"}
{"event":"get get articleCategoryList by categoryId","level":"info","msg":"Success to get articleCategoryList by categoryId","time":"2025-03-28T19:19:17+08:00"}
{"event":"get a articleDTO by id","level":"info","msg":"Success","time":"2025-03-28T19:19:17+08:00"}
{"event":"get a articleDTO by id","level":"info","msg":"Success","time":"2025-03-28T19:19:17+08:00"}
{"event":"get a articleDTO by id","level":"info","msg":"Success","time":"2025-03-28T19:19:17+08:00"}
{"event":"get a articleDTO by id","level":"info","msg":"Success","time":"2025-03-28T19:19:17+08:00"}
{"event":"get a articleDTO by id","level":"info","msg":"Success","time":"2025-03-28T19:19:17+08:00"}
{"event":"get get articleCategoryList by categoryId","level":"info","msg":"Success to get articleCategoryList by categoryId","time":"2025-03-28T19:19:17+08:00"}
{"event":"get get articleCategoryList by categoryId","level":"info","msg":"Success to get articleCategoryList by categoryId","time":"2025-03-28T19:19:17+08:00"}
{"event":"get a articleDTO by id","level":"info","msg":"Success","time":"2025-03-28T19:19:17+08:00"}
{"event":"get a articleDTO by id","level":"info","msg":"Success","time":"2025-03-28T19:19:17+08:00"}
{"event":"get a articleDTO by id","level":"info","msg":"Success","time":"2025-03-28T19:19:17+08:00"}
{"event":"get a articleDTO by id","level":"info","msg":"Success","time":"2025-03-28T19:19:17+08:00"}
{"event":"get a articleDTO by id","level":"info","msg":"Success","time":"2025-03-28T19:19:17+08:00"}
{"event":"get all categories","level":"info","msg":"Success to get all categories","time":"2025-03-28T19:21:42+08:00"}
{"event":"get all categories","level":"info","msg":"Success to get all categories","time":"2025-03-28T19:21:42+08:00"}
{"event":"get get articleCategoryList by categoryId","level":"info","msg":"Success to get articleCategoryList by categoryId","time":"2025-03-28T19:21:42+08:00"}
{"event":"get get articleCategoryList by categoryId","level":"info","msg":"Success to get articleCategoryList by categoryId","time":"2025-03-28T19:21:42+08:00"}
{"event":"get a articleDTO by id","level":"info","msg":"Success","time":"2025-03-28T19:21:42+08:00"}
{"event":"get a articleDTO by id","level":"info","msg":"Success","time":"2025-03-28T19:21:42+08:00"}
{"event":"get a articleDTO by id","level":"info","msg":"Success","time":"2025-03-28T19:21:42+08:00"}
{"event":"get a articleDTO by id","level":"info","msg":"Success","time":"2025-03-28T19:21:42+08:00"}
{"event":"get a articleDTO by id","level":"info","msg":"Success","time":"2025-03-28T19:21:42+08:00"}
{"event":"get a articleDTO by id","level":"info","msg":"Success","time":"2025-03-28T19:21:42+08:00"}
{"event":"get get articleCategoryList by categoryId","level":"info","msg":"Success to get articleCategoryList by categoryId","time":"2025-03-28T19:21:42+08:00"}
{"event":"get a articleDTO by id","level":"info","msg":"Success","time":"2025-03-28T19:21:42+08:00"}
{"event":"get a articleDTO by id","level":"info","msg":"Success","time":"2025-03-28T19:21:42+08:00"}
{"event":"get get articleCategoryList by categoryId","level":"info","msg":"Success to get articleCategoryList by categoryId","time":"2025-03-28T19:21:42+08:00"}
{"event":"get a articleDTO by id","level":"info","msg":"Success","time":"2025-03-28T19:21:42+08:00"}
{"event":"get get articleCategoryList by categoryId","level":"info","msg":"Success to get articleCategoryList by categoryId","time":"2025-03-28T19:21:42+08:00"}
{"event":"get a articleDTO by id","level":"info","msg":"Success","time":"2025-03-28T19:21:42+08:00"}
{"event":"get a articleDTO by id","level":"info","msg":"Success","time":"2025-03-28T19:21:42+08:00"}
{"event":"get a articleDTO by id","level":"info","msg":"Success","time":"2025-03-28T19:21:42+08:00"}
{"event":"get a articleDTO by id","level":"info","msg":"Success","time":"2025-03-28T19:21:42+08:00"}
{"event":"get a articleDTO by id","level":"info","msg":"Success","time":"2025-03-28T19:21:42+08:00"}
{"event":"get get articleCategoryList by categoryId","level":"info","msg":"Success to get articleCategoryList by categoryId","time":"2025-03-28T19:21:42+08:00"}
{"event":"get a articleDTO by id","level":"info","msg":"Success","time":"2025-03-28T19:21:42+08:00"}
{"event":"get a articleDTO by id","level":"info","msg":"Success","time":"2025-03-28T19:21:42+08:00"}
{"event":"get a articleDTO by id","level":"info","msg":"Success","time":"2025-03-28T19:21:42+08:00"}
{"event":"get a articleDTO by id","level":"info","msg":"Success","time":"2025-03-28T19:21:42+08:00"}
{"event":"get a articleDTOs by userId","level":"info","msg":"Success","time":"2025-03-28T19:24:46+08:00"}
{"event":"get a articleDTOs by userId","level":"info","msg":"Success","time":"2025-03-28T19:24:46+08:00"}
{"event":"get all categories","level":"info","msg":"Success to get all categories","time":"2025-03-28T19:38:39+08:00"}
{"event":"get all categories","level":"info","msg":"Success to get all categories","time":"2025-03-28T19:38:39+08:00"}
{"event":"get get articleCategoryList by categoryId","level":"info","msg":"Success to get articleCategoryList by categoryId","time":"2025-03-28T19:38:39+08:00"}
{"event":"get get articleCategoryList by categoryId","level":"info","msg":"Success to get articleCategoryList by categoryId","time":"2025-03-28T19:38:39+08:00"}
{"event":"get a articleDTO by id","level":"info","msg":"Success","time":"2025-03-28T19:38:39+08:00"}
{"event":"get a articleDTO by id","level":"info","msg":"Success","time":"2025-03-28T19:38:39+08:00"}
{"event":"get a articleDTO by id","level":"info","msg":"Success","time":"2025-03-28T19:38:39+08:00"}
{"event":"get a articleDTO by id","level":"info","msg":"Success","time":"2025-03-28T19:38:39+08:00"}
{"event":"get a articleDTO by id","level":"info","msg":"Success","time":"2025-03-28T19:38:39+08:00"}
{"event":"get a articleDTO by id","level":"info","msg":"Success","time":"2025-03-28T19:38:39+08:00"}
{"event":"get get articleCategoryList by categoryId","level":"info","msg":"Success to get articleCategoryList by categoryId","time":"2025-03-28T19:38:39+08:00"}
{"event":"get a articleDTO by id","level":"info","msg":"Success","time":"2025-03-28T19:38:39+08:00"}
{"event":"get a articleDTO by id","level":"info","msg":"Success","time":"2025-03-28T19:38:39+08:00"}
{"event":"get get articleCategoryList by categoryId","level":"info","msg":"Success to get articleCategoryList by categoryId","time":"2025-03-28T19:38:39+08:00"}
{"event":"get a articleDTO by id","level":"info","msg":"Success","time":"2025-03-28T19:38:39+08:00"}
{"event":"get get articleCategoryList by categoryId","level":"info","msg":"Success to get articleCategoryList by categoryId","time":"2025-03-28T19:38:39+08:00"}
{"event":"get a articleDTO by id","level":"info","msg":"Success","time":"2025-03-28T19:38:39+08:00"}
{"event":"get a articleDTO by id","level":"info","msg":"Success","time":"2025-03-28T19:38:39+08:00"}
{"event":"get a articleDTO by id","level":"info","msg":"Success","time":"2025-03-28T19:38:39+08:00"}
{"event":"get a articleDTO by id","level":"info","msg":"Success","time":"2025-03-28T19:38:39+08:00"}
{"event":"get a articleDTO by id","level":"info","msg":"Success","time":"2025-03-28T19:38:39+08:00"}
{"event":"get get articleCategoryList by categoryId","level":"info","msg":"Success to get articleCategoryList by categoryId","time":"2025-03-28T19:38:39+08:00"}
{"event":"get a articleDTO by id","level":"info","msg":"Success","time":"2025-03-28T19:38:39+08:00"}
{"event":"get a articleDTO by id","level":"info","msg":"Success","time":"2025-03-28T19:38:39+08:00"}
{"event":"get a articleDTO by id","level":"info","msg":"Success","time":"2025-03-28T19:38:39+08:00"}
{"event":"get a articleDTO by id","level":"info","msg":"Success","time":"2025-03-28T19:38:39+08:00"}
{"event":"get a articleDTOs by userId","level":"info","msg":"Success","time":"2025-03-28T19:41:16+08:00"}
{"event":"get a articleDTOs by userId","level":"info","msg":"Success","time":"2025-03-28T19:41:16+08:00"}
{"event":"get all categories","level":"info","msg":"Success to get all categories","time":"2025-03-31T14:52:55+08:00"}
{"event":"get all categories","level":"info","msg":"Success to get all categories","time":"2025-03-31T14:52:55+08:00"}
{"event":"get get articleCategoryList by categoryId","level":"info","msg":"Success to get articleCategoryList by categoryId","time":"2025-03-31T14:52:55+08:00"}
{"event":"get get articleCategoryList by categoryId","level":"info","msg":"Success to get articleCategoryList by categoryId","time":"2025-03-31T14:52:55+08:00"}
{"event":"get a articleDTO by id","level":"info","msg":"Success","time":"2025-03-31T14:52:55+08:00"}
{"event":"get a articleDTO by id","level":"info","msg":"Success","time":"2025-03-31T14:52:55+08:00"}
{"event":"get a articleDTO by id","level":"info","msg":"Success","time":"2025-03-31T14:52:55+08:00"}
{"event":"get a articleDTO by id","level":"info","msg":"Success","time":"2025-03-31T14:52:55+08:00"}
{"event":"get a articleDTO by id","level":"info","msg":"Success","time":"2025-03-31T14:52:55+08:00"}
{"event":"get get articleCategoryList by categoryId","level":"info","msg":"Success to get articleCategoryList by categoryId","time":"2025-03-31T14:52:55+08:00"}
{"event":"get a articleDTO by id","level":"info","msg":"Success","time":"2025-03-31T14:52:55+08:00"}
{"event":"get a articleDTO by id","level":"info","msg":"Success","time":"2025-03-31T14:52:55+08:00"}
{"event":"get a articleDTO by id","level":"info","msg":"Success","time":"2025-03-31T14:52:55+08:00"}
{"event":"get get articleCategoryList by categoryId","level":"info","msg":"Success to get articleCategoryList by categoryId","time":"2025-03-31T14:52:55+08:00"}
{"event":"get a articleDTO by id","level":"info","msg":"Success","time":"2025-03-31T14:52:55+08:00"}
{"event":"get get articleCategoryList by categoryId","level":"info","msg":"Success to get articleCategoryList by categoryId","time":"2025-03-31T14:52:55+08:00"}
{"event":"get a articleDTO by id","level":"info","msg":"Success","time":"2025-03-31T14:52:55+08:00"}
{"event":"get a articleDTO by id","level":"info","msg":"Success","time":"2025-03-31T14:52:55+08:00"}
{"event":"get a articleDTO by id","level":"info","msg":"Success","time":"2025-03-31T14:52:55+08:00"}
{"event":"get a articleDTO by id","level":"info","msg":"Success","time":"2025-03-31T14:52:55+08:00"}
{"event":"get a articleDTO by id","level":"info","msg":"Success","time":"2025-03-31T14:52:55+08:00"}
{"event":"get get articleCategoryList by categoryId","level":"info","msg":"Success to get articleCategoryList by categoryId","time":"2025-03-31T14:52:55+08:00"}
{"event":"get a articleDTO by id","level":"info","msg":"Success","time":"2025-03-31T14:52:55+08:00"}
{"event":"get a articleDTO by id","level":"info","msg":"Success","time":"2025-03-31T14:52:55+08:00"}
{"event":"get a articleDTO by id","level":"info","msg":"Success","time":"2025-03-31T14:52:55+08:00"}
{"event":"get a articleDTO by id","level":"info","msg":"Success","time":"2025-03-31T14:52:55+08:00"}
{"event":"get all categories","level":"info","msg":"Success to get all categories","time":"2025-03-31T14:53:00+08:00"}
{"event":"get all categories","level":"info","msg":"Success to get all categories","time":"2025-03-31T14:53:00+08:00"}
{"event":"get get articleCategoryList by categoryId","level":"info","msg":"Success to get articleCategoryList by categoryId","time":"2025-03-31T14:53:00+08:00"}
{"event":"get get articleCategoryList by categoryId","level":"info","msg":"Success to get articleCategoryList by categoryId","time":"2025-03-31T14:53:00+08:00"}
{"event":"get a articleDTO by id","level":"info","msg":"Success","time":"2025-03-31T14:53:00+08:00"}
{"event":"get a articleDTO by id","level":"info","msg":"Success","time":"2025-03-31T14:53:00+08:00"}
{"event":"get a articleDTO by id","level":"info","msg":"Success","time":"2025-03-31T14:53:00+08:00"}
{"event":"get a articleDTO by id","level":"info","msg":"Success","time":"2025-03-31T14:53:00+08:00"}
{"event":"get a articleDTO by id","level":"info","msg":"Success","time":"2025-03-31T14:53:00+08:00"}
{"event":"get get articleCategoryList by categoryId","level":"info","msg":"Success to get articleCategoryList by categoryId","time":"2025-03-31T14:53:00+08:00"}
{"event":"get a articleDTO by id","level":"info","msg":"Success","time":"2025-03-31T14:53:00+08:00"}
{"event":"get a articleDTO by id","level":"info","msg":"Success","time":"2025-03-31T14:53:00+08:00"}
{"event":"get get articleCategoryList by categoryId","level":"info","msg":"Success to get articleCategoryList by categoryId","time":"2025-03-31T14:53:00+08:00"}
{"event":"get a articleDTO by id","level":"info","msg":"Success","time":"2025-03-31T14:53:00+08:00"}
{"event":"get a articleDTO by id","level":"info","msg":"Success","time":"2025-03-31T14:53:00+08:00"}
{"event":"get a articleDTO by id","level":"info","msg":"Success","time":"2025-03-31T14:53:00+08:00"}
{"event":"get a articleDTO by id","level":"info","msg":"Success","time":"2025-03-31T14:53:00+08:00"}
{"event":"get a articleDTO by id","level":"info","msg":"Success","time":"2025-03-31T14:53:00+08:00"}
{"event":"get a articleDTOs by userId","level":"info","msg":"Success","time":"2025-03-31T14:53:08+08:00"}
{"event":"get a articleDTOs by userId","level":"info","msg":"Success","time":"2025-03-31T14:53:08+08:00"}
{"event":"get a articleDTOs by userId","level":"info","msg":"Success","time":"2025-03-31T14:53:43+08:00"}
{"event":"get a articleDTOs by userId","level":"info","msg":"Success","time":"2025-03-31T14:53:43+08:00"}
{"event":"get a articleDTOs by userId","level":"info","msg":"Success","time":"2025-03-31T14:54:08+08:00"}
{"event":"get a articleDTOs by userId","level":"info","msg":"Success","time":"2025-03-31T14:54:08+08:00"}
{"event":"get all categories","level":"info","msg":"Success to get all categories","time":"2025-03-31T14:54:13+08:00"}
{"event":"get all categories","level":"info","msg":"Success to get all categories","time":"2025-03-31T14:54:13+08:00"}
{"event":"get get articleCategoryList by categoryId","level":"info","msg":"Success to get articleCategoryList by categoryId","time":"2025-03-31T14:54:13+08:00"}
{"event":"get get articleCategoryList by categoryId","level":"info","msg":"Success to get articleCategoryList by categoryId","time":"2025-03-31T14:54:13+08:00"}
{"event":"get a articleDTO by id","level":"info","msg":"Success","time":"2025-03-31T14:54:13+08:00"}
{"event":"get a articleDTO by id","level":"info","msg":"Success","time":"2025-03-31T14:54:13+08:00"}
{"event":"get a articleDTO by id","level":"info","msg":"Success","time":"2025-03-31T14:54:13+08:00"}
{"event":"get a articleDTO by id","level":"info","msg":"Success","time":"2025-03-31T14:54:13+08:00"}
{"event":"get a articleDTO by id","level":"info","msg":"Success","time":"2025-03-31T14:54:13+08:00"}
{"event":"get get articleCategoryList by categoryId","level":"info","msg":"Success to get articleCategoryList by categoryId","time":"2025-03-31T14:54:13+08:00"}
{"event":"get a articleDTO by id","level":"info","msg":"Success","time":"2025-03-31T14:54:13+08:00"}
{"event":"get a articleDTO by id","level":"info","msg":"Success","time":"2025-03-31T14:54:13+08:00"}
{"event":"get a articleDTO by id","level":"info","msg":"Success","time":"2025-03-31T14:54:13+08:00"}
{"event":"get get articleCategoryList by categoryId","level":"info","msg":"Success to get articleCategoryList by categoryId","time":"2025-03-31T14:54:13+08:00"}
{"event":"get a articleDTO by id","level":"info","msg":"Success","time":"2025-03-31T14:54:13+08:00"}
{"event":"get get articleCategoryList by categoryId","level":"info","msg":"Success to get articleCategoryList by categoryId","time":"2025-03-31T14:54:13+08:00"}
{"event":"get a articleDTO by id","level":"info","msg":"Success","time":"2025-03-31T14:54:13+08:00"}
{"event":"get a articleDTO by id","level":"info","msg":"Success","time":"2025-03-31T14:54:13+08:00"}
{"event":"get a articleDTO by id","level":"info","msg":"Success","time":"2025-03-31T14:54:13+08:00"}
{"event":"get a articleDTO by id","level":"info","msg":"Success","time":"2025-03-31T14:54:13+08:00"}
{"event":"get a articleDTO by id","level":"info","msg":"Success","time":"2025-03-31T14:54:13+08:00"}
{"event":"get get articleCategoryList by categoryId","level":"info","msg":"Success to get articleCategoryList by categoryId","time":"2025-03-31T14:54:13+08:00"}
{"event":"get a articleDTO by id","level":"info","msg":"Success","time":"2025-03-31T14:54:13+08:00"}
{"event":"get a articleDTO by id","level":"info","msg":"Success","time":"2025-03-31T14:54:13+08:00"}
{"event":"get a articleDTO by id","level":"info","msg":"Success","time":"2025-03-31T14:54:13+08:00"}
{"event":"get a articleDTO by id","level":"info","msg":"Success","time":"2025-03-31T14:54:13+08:00"}
{"event":"get a articleDTOs by userId","level":"info","msg":"Success","time":"2025-03-31T14:54:15+08:00"}
{"event":"get a articleDTOs by userId","level":"info","msg":"Success","time":"2025-03-31T14:54:15+08:00"}
{"event":"get a articleDTOs by userId","level":"info","msg":"Success","time":"2025-03-31T14:54:18+08:00"}
{"event":"get a articleDTOs by userId","level":"info","msg":"Success","time":"2025-03-31T14:54:18+08:00"}
{"event":"get a articleDTOs by userId","level":"info","msg":"Success","time":"2025-03-31T14:55:02+08:00"}
{"event":"get a articleDTOs by userId","level":"info","msg":"Success","time":"2025-03-31T14:55:02+08:00"}
{"event":"get all categories","level":"info","msg":"Success to get all categories","time":"2025-03-31T14:55:04+08:00"}
{"event":"get all categories","level":"info","msg":"Success to get all categories","time":"2025-03-31T14:55:04+08:00"}
{"event":"get get articleCategoryList by categoryId","level":"info","msg":"Success to get articleCategoryList by categoryId","time":"2025-03-31T14:55:04+08:00"}
{"event":"get get articleCategoryList by categoryId","level":"info","msg":"Success to get articleCategoryList by categoryId","time":"2025-03-31T14:55:04+08:00"}
{"event":"get a articleDTO by id","level":"info","msg":"Success","time":"2025-03-31T14:55:04+08:00"}
{"event":"get a articleDTO by id","level":"info","msg":"Success","time":"2025-03-31T14:55:04+08:00"}
{"event":"get a articleDTO by id","level":"info","msg":"Success","time":"2025-03-31T14:55:04+08:00"}
{"event":"get a articleDTO by id","level":"info","msg":"Success","time":"2025-03-31T14:55:04+08:00"}
{"event":"get a articleDTO by id","level":"info","msg":"Success","time":"2025-03-31T14:55:04+08:00"}
{"event":"get a articleDTO by id","level":"info","msg":"Success","time":"2025-03-31T14:55:04+08:00"}
{"event":"get get articleCategoryList by categoryId","level":"info","msg":"Success to get articleCategoryList by categoryId","time":"2025-03-31T14:55:04+08:00"}
{"event":"get a articleDTO by id","level":"info","msg":"Success","time":"2025-03-31T14:55:04+08:00"}
{"event":"get get articleCategoryList by categoryId","level":"info","msg":"Success to get articleCategoryList by categoryId","time":"2025-03-31T14:55:04+08:00"}
{"event":"get a articleDTO by id","level":"info","msg":"Success","time":"2025-03-31T14:55:04+08:00"}
{"event":"get a articleDTO by id","level":"info","msg":"Success","time":"2025-03-31T14:55:04+08:00"}
{"event":"get a articleDTO by id","level":"info","msg":"Success","time":"2025-03-31T14:55:04+08:00"}
{"event":"get a articleDTO by id","level":"info","msg":"Success","time":"2025-03-31T14:55:04+08:00"}
{"event":"get get articleCategoryList by categoryId","level":"info","msg":"Success to get articleCategoryList by categoryId","time":"2025-03-31T14:55:04+08:00"}
{"event":"get a articleDTO by id","level":"info","msg":"Success","time":"2025-03-31T14:55:04+08:00"}
{"event":"get a articleDTO by id","level":"info","msg":"Success","time":"2025-03-31T14:55:04+08:00"}
{"event":"get a articleDTO by id","level":"info","msg":"Success","time":"2025-03-31T14:55:04+08:00"}
{"event":"get get articleCategoryList by categoryId","level":"info","msg":"Success to get articleCategoryList by categoryId","time":"2025-03-31T14:55:04+08:00"}
{"event":"get a articleDTO by id","level":"info","msg":"Success","time":"2025-03-31T14:55:04+08:00"}
{"event":"get a articleDTO by id","level":"info","msg":"Success","time":"2025-03-31T14:55:04+08:00"}
{"event":"get a articleDTO by id","level":"info","msg":"Success","time":"2025-03-31T14:55:04+08:00"}
{"event":"get a articleDTO by id","level":"info","msg":"Success","time":"2025-03-31T14:55:04+08:00"}
{"event":"get get articleCategoryList by categoryId","level":"info","msg":"Success to get articleCategoryList by categoryId","time":"2025-03-31T14:55:30+08:00"}
{"event":"get get articleCategoryList by categoryId","level":"info","msg":"Success to get articleCategoryList by categoryId","time":"2025-03-31T14:55:30+08:00"}
{"event":"get a articleDTO by id","level":"info","msg":"Success","time":"2025-03-31T14:55:30+08:00"}
{"event":"get a articleDTO by id","level":"info","msg":"Success","time":"2025-03-31T14:55:30+08:00"}
{"event":"get a articleDTO by id","level":"info","msg":"Success","time":"2025-03-31T14:55:30+08:00"}
{"event":"get a articleDTO by id","level":"info","msg":"Success","time":"2025-03-31T14:55:30+08:00"}
{"event":"get a articleDTO by id","level":"info","msg":"Success","time":"2025-03-31T14:55:30+08:00"}
{"event":"get a articleDTO by id","level":"info","msg":"Success","time":"2025-03-31T14:55:30+08:00"}
{"event":"get get articleCategoryList by categoryId","level":"info","msg":"Success to get articleCategoryList by categoryId","time":"2025-03-31T14:55:30+08:00"}
{"event":"get a articleDTO by id","level":"info","msg":"Success","time":"2025-03-31T14:55:30+08:00"}
{"event":"get a articleDTO by id","level":"info","msg":"Success","time":"2025-03-31T14:55:30+08:00"}
{"event":"get a articleDTO by id","level":"info","msg":"Success","time":"2025-03-31T14:55:30+08:00"}
{"event":"get a articleDTO by id","level":"info","msg":"Success","time":"2025-03-31T14:55:30+08:00"}
{"event":"get all categories","level":"info","msg":"Success to get all categories","time":"2025-03-31T14:55:32+08:00"}
{"event":"get all categories","level":"info","msg":"Success to get all categories","time":"2025-03-31T14:55:32+08:00"}
{"event":"get get articleCategoryList by categoryId","level":"info","msg":"Success to get articleCategoryList by categoryId","time":"2025-03-31T14:55:32+08:00"}
{"event":"get get articleCategoryList by categoryId","level":"info","msg":"Success to get articleCategoryList by categoryId","time":"2025-03-31T14:55:32+08:00"}
{"event":"get a articleDTO by id","level":"info","msg":"Success","time":"2025-03-31T14:55:32+08:00"}
{"event":"get a articleDTO by id","level":"info","msg":"Success","time":"2025-03-31T14:55:32+08:00"}
{"event":"get a articleDTO by id","level":"info","msg":"Success","time":"2025-03-31T14:55:32+08:00"}
{"event":"get a articleDTO by id","level":"info","msg":"Success","time":"2025-03-31T14:55:32+08:00"}
{"event":"get a articleDTO by id","level":"info","msg":"Success","time":"2025-03-31T14:55:32+08:00"}
{"event":"get a articleDTO by id","level":"info","msg":"Success","time":"2025-03-31T14:55:32+08:00"}
{"event":"get get articleCategoryList by categoryId","level":"info","msg":"Success to get articleCategoryList by categoryId","time":"2025-03-31T14:55:32+08:00"}
{"event":"get a articleDTO by id","level":"info","msg":"Success","time":"2025-03-31T14:55:32+08:00"}
{"event":"get get articleCategoryList by categoryId","level":"info","msg":"Success to get articleCategoryList by categoryId","time":"2025-03-31T14:55:32+08:00"}
{"event":"get a articleDTO by id","level":"info","msg":"Success","time":"2025-03-31T14:55:32+08:00"}
{"event":"get a articleDTO by id","level":"info","msg":"Success","time":"2025-03-31T14:55:32+08:00"}
{"event":"get get articleCategoryList by categoryId","level":"info","msg":"Success to get articleCategoryList by categoryId","time":"2025-03-31T14:55:32+08:00"}
{"event":"get a articleDTO by id","level":"info","msg":"Success","time":"2025-03-31T14:55:32+08:00"}
{"event":"get a articleDTO by id","level":"info","msg":"Success","time":"2025-03-31T14:55:32+08:00"}
{"event":"get a articleDTO by id","level":"info","msg":"Success","time":"2025-03-31T14:55:32+08:00"}
{"event":"get a articleDTO by id","level":"info","msg":"Success","time":"2025-03-31T14:55:32+08:00"}
{"event":"get a articleDTO by id","level":"info","msg":"Success","time":"2025-03-31T14:55:32+08:00"}
{"event":"get get articleCategoryList by categoryId","level":"info","msg":"Success to get articleCategoryList by categoryId","time":"2025-03-31T14:55:32+08:00"}
{"event":"get a articleDTO by id","level":"info","msg":"Success","time":"2025-03-31T14:55:32+08:00"}
{"event":"get a articleDTO by id","level":"info","msg":"Success","time":"2025-03-31T14:55:32+08:00"}
{"event":"get a articleDTO by id","level":"info","msg":"Success","time":"2025-03-31T14:55:32+08:00"}
{"event":"get a articleDTO by id","level":"info","msg":"Success","time":"2025-03-31T14:55:32+08:00"}
{"event":"get all categories","level":"info","msg":"Success to get all categories","time":"2025-03-31T14:56:23+08:00"}
{"event":"get all categories","level":"info","msg":"Success to get all categories","time":"2025-03-31T14:56:23+08:00"}
{"event":"get get articleCategoryList by categoryId","level":"info","msg":"Success to get articleCategoryList by categoryId","time":"2025-03-31T14:56:23+08:00"}
{"event":"get get articleCategoryList by categoryId","level":"info","msg":"Success to get articleCategoryList by categoryId","time":"2025-03-31T14:56:23+08:00"}
{"event":"get a articleDTO by id","level":"info","msg":"Success","time":"2025-03-31T14:56:23+08:00"}
{"event":"get a articleDTO by id","level":"info","msg":"Success","time":"2025-03-31T14:56:23+08:00"}
{"event":"get a articleDTO by id","level":"info","msg":"Success","time":"2025-03-31T14:56:23+08:00"}
{"event":"get a articleDTO by id","level":"info","msg":"Success","time":"2025-03-31T14:56:23+08:00"}
{"event":"get a articleDTO by id","level":"info","msg":"Success","time":"2025-03-31T14:56:23+08:00"}
{"event":"get a articleDTO by id","level":"info","msg":"Success","time":"2025-03-31T14:56:23+08:00"}
{"event":"get get articleCategoryList by categoryId","level":"info","msg":"Success to get articleCategoryList by categoryId","time":"2025-03-31T14:56:23+08:00"}
{"event":"get get articleCategoryList by categoryId","level":"info","msg":"Success to get articleCategoryList by categoryId","time":"2025-03-31T14:56:23+08:00"}
{"event":"get a articleDTO by id","level":"info","msg":"Success","time":"2025-03-31T14:56:23+08:00"}
{"event":"get a articleDTO by id","level":"info","msg":"Success","time":"2025-03-31T14:56:23+08:00"}
{"event":"get a articleDTO by id","level":"info","msg":"Success","time":"2025-03-31T14:56:23+08:00"}
{"event":"get a articleDTO by id","level":"info","msg":"Success","time":"2025-03-31T14:56:23+08:00"}
{"event":"get a articleDTO by id","level":"info","msg":"Success","time":"2025-03-31T14:56:23+08:00"}
{"event":"get get articleCategoryList by categoryId","level":"info","msg":"Success to get articleCategoryList by categoryId","time":"2025-03-31T14:56:23+08:00"}
{"event":"get a articleDTO by id","level":"info","msg":"Success","time":"2025-03-31T14:56:23+08:00"}
{"event":"get a articleDTO by id","level":"info","msg":"Success","time":"2025-03-31T14:56:23+08:00"}
{"event":"get a articleDTO by id","level":"info","msg":"Success","time":"2025-03-31T14:56:23+08:00"}
{"event":"get get articleCategoryList by categoryId","level":"info","msg":"Success to get articleCategoryList by categoryId","time":"2025-03-31T14:56:23+08:00"}
{"event":"get a articleDTO by id","level":"info","msg":"Success","time":"2025-03-31T14:56:23+08:00"}
{"event":"get a articleDTO by id","level":"info","msg":"Success","time":"2025-03-31T14:56:23+08:00"}
{"event":"get a articleDTO by id","level":"info","msg":"Success","time":"2025-03-31T14:56:23+08:00"}
{"event":"get a articleDTO by id","level":"info","msg":"Success","time":"2025-03-31T14:56:23+08:00"}
{"event":"get all categories","level":"info","msg":"Success to get all categories","time":"2025-03-31T14:58:37+08:00"}
{"event":"get get articleCategoryList by categoryId","level":"info","msg":"Success to get articleCategoryList by categoryId","time":"2025-03-31T14:58:37+08:00"}
{"event":"get get articleCategoryList by categoryId","level":"info","msg":"Success to get articleCategoryList by categoryId","time":"2025-03-31T14:58:37+08:00"}
{"event":"get a articleDTO by id","level":"info","msg":"Success","time":"2025-03-31T14:58:37+08:00"}
{"event":"get a articleDTO by id","level":"info","msg":"Success","time":"2025-03-31T14:58:37+08:00"}
{"event":"get a articleDTO by id","level":"info","msg":"Success","time":"2025-03-31T14:58:37+08:00"}
{"event":"get a articleDTO by id","level":"info","msg":"Success","time":"2025-03-31T14:58:37+08:00"}
{"event":"get a articleDTO by id","level":"info","msg":"Success","time":"2025-03-31T14:58:37+08:00"}
{"event":"get get articleCategoryList by categoryId","level":"info","msg":"Success to get articleCategoryList by categoryId","time":"2025-03-31T14:58:37+08:00"}
{"event":"get a articleDTO by id","level":"info","msg":"Success","time":"2025-03-31T14:58:37+08:00"}
{"event":"get a articleDTO by id","level":"info","msg":"Success","time":"2025-03-31T14:58:37+08:00"}
{"event":"get a articleDTO by id","level":"info","msg":"Success","time":"2025-03-31T14:58:37+08:00"}
{"event":"get get articleCategoryList by categoryId","level":"info","msg":"Success to get articleCategoryList by categoryId","time":"2025-03-31T14:58:37+08:00"}
{"event":"get a articleDTO by id","level":"info","msg":"Success","time":"2025-03-31T14:58:37+08:00"}
{"event":"get a articleDTO by id","level":"info","msg":"Success","time":"2025-03-31T14:58:37+08:00"}
{"event":"get a articleDTO by id","level":"info","msg":"Success","time":"2025-03-31T14:58:37+08:00"}
{"event":"get a articleDTO by id","level":"info","msg":"Success","time":"2025-03-31T14:58:37+08:00"}
{"event":"get all categories","level":"info","msg":"Success to get all categories","time":"2025-03-31T14:58:44+08:00"}
{"event":"get all categories","level":"info","msg":"Success to get all categories","time":"2025-03-31T14:58:44+08:00"}
{"event":"get get articleCategoryList by categoryId","level":"info","msg":"Success to get articleCategoryList by categoryId","time":"2025-03-31T14:58:44+08:00"}
{"event":"get a articleDTO by id","level":"info","msg":"Success","time":"2025-03-31T14:58:44+08:00"}
{"event":"get a articleDTO by id","level":"info","msg":"Success","time":"2025-03-31T14:58:44+08:00"}
{"event":"get a articleDTO by id","level":"info","msg":"Success","time":"2025-03-31T14:58:44+08:00"}
{"event":"get a articleDTO by id","level":"info","msg":"Success","time":"2025-03-31T14:58:44+08:00"}
{"event":"get get articleCategoryList by categoryId","level":"info","msg":"Success to get articleCategoryList by categoryId","time":"2025-03-31T14:58:44+08:00"}
{"event":"get a articleDTO by id","level":"info","msg":"Success","time":"2025-03-31T14:58:44+08:00"}
{"event":"get a articleDTO by id","level":"info","msg":"Success","time":"2025-03-31T14:58:44+08:00"}
{"event":"get a articleDTO by id","level":"info","msg":"Success","time":"2025-03-31T14:58:44+08:00"}
{"event":"get a articleDTO by id","level":"info","msg":"Success","time":"2025-03-31T14:58:44+08:00"}
{"event":"get get articleCategoryList by categoryId","level":"info","msg":"Success to get articleCategoryList by categoryId","time":"2025-03-31T14:58:44+08:00"}
{"event":"get a articleDTO by id","level":"info","msg":"Success","time":"2025-03-31T14:58:44+08:00"}
{"event":"get a articleDTO by id","level":"info","msg":"Success","time":"2025-03-31T14:58:44+08:00"}
{"event":"get a articleDTO by id","level":"info","msg":"Success","time":"2025-03-31T14:58:44+08:00"}
{"event":"get a articleDTO by id","level":"info","msg":"Success","time":"2025-03-31T14:58:44+08:00"}
{"event":"get get articleCategoryList by categoryId","level":"info","msg":"Success to get articleCategoryList by categoryId","time":"2025-03-31T14:58:44+08:00"}
{"event":"get a articleDTO by id","level":"info","msg":"Success","time":"2025-03-31T14:58:44+08:00"}
{"event":"get a articleDTO by id","level":"info","msg":"Success","time":"2025-03-31T14:58:44+08:00"}
{"event":"get get articleCategoryList by categoryId","level":"info","msg":"Success to get articleCategoryList by categoryId","time":"2025-03-31T14:58:44+08:00"}
{"event":"get a articleDTO by id","level":"info","msg":"Success","time":"2025-03-31T14:58:44+08:00"}
{"event":"get a articleDTO by id","level":"info","msg":"Success","time":"2025-03-31T14:58:44+08:00"}
{"event":"get get articleCategoryList by categoryId","level":"info","msg":"Success to get articleCategoryList by categoryId","time":"2025-03-31T14:58:44+08:00"}
{"event":"get a articleDTO by id","level":"info","msg":"Success","time":"2025-03-31T14:58:44+08:00"}
{"event":"get a articleDTO by id","level":"info","msg":"Success","time":"2025-03-31T14:58:44+08:00"}
{"event":"get a articleDTOs by userId","level":"info","msg":"Success","time":"2025-03-31T14:58:45+08:00"}
{"event":"get a articleDTOs by userId","level":"info","msg":"Success","time":"2025-03-31T14:58:45+08:00"}
{"event":"get a articleDTOs by userId","level":"info","msg":"Success","time":"2025-03-31T14:59:51+08:00"}
{"event":"get a articleDTOs by userId","level":"info","msg":"Success","time":"2025-03-31T14:59:51+08:00"}
{"event":"get a articleDTOs by userId","level":"info","msg":"Success","time":"2025-03-31T15:00:17+08:00"}
{"event":"get a articleDTOs by userId","level":"info","msg":"Success","time":"2025-03-31T15:00:17+08:00"}
{"event":"get a articleDTOs by userId","level":"info","msg":"Success","time":"2025-03-31T15:08:22+08:00"}
{"event":"get a articleDTOs by userId","level":"info","msg":"Success","time":"2025-03-31T15:08:22+08:00"}
{"event":"get a articleDTOs by userId","level":"info","msg":"Success","time":"2025-03-31T15:08:33+08:00"}
{"event":"get a articleDTOs by userId","level":"info","msg":"Success","time":"2025-03-31T15:08:58+08:00"}
{"event":"get a articleDTOs by userId","level":"info","msg":"Success","time":"2025-03-31T15:39:41+08:00"}
{"event":"get a articleDTOs by userId","level":"info","msg":"Success","time":"2025-03-31T15:39:52+08:00"}
{"event":"get a articleDTOs by userId","level":"info","msg":"Success","time":"2025-03-31T15:40:15+08:00"}
{"event":"get a articleDTOs by userId","level":"info","msg":"Success","time":"2025-03-31T15:40:15+08:00"}
{"event":"get a articleDTOs by userId","level":"info","msg":"Success","time":"2025-03-31T15:42:14+08:00"}
{"event":"get a articleDTOs by userId","level":"info","msg":"Success","time":"2025-03-31T15:42:14+08:00"}
{"event":"get a articleDTOs by userId","level":"info","msg":"Success","time":"2025-03-31T15:42:39+08:00"}
{"event":"get a articleDTOs by userId","level":"info","msg":"Success","time":"2025-03-31T15:42:39+08:00"}
{"event":"get a articleDTOs by userId","level":"info","msg":"Success","time":"2025-03-31T15:43:48+08:00"}
{"event":"get a articleDTOs by userId","level":"info","msg":"Success","time":"2025-03-31T15:43:48+08:00"}
{"event":"get a articleDTOs by userId","level":"info","msg":"Success","time":"2025-03-31T15:43:55+08:00"}
{"event":"get a articleDTOs by userId","level":"info","msg":"Success","time":"2025-03-31T15:43:55+08:00"}
{"event":"get a articleDTOs by userId","level":"info","msg":"Success","time":"2025-03-31T15:44:22+08:00"}
{"event":"get a articleDTOs by userId","level":"info","msg":"Success","time":"2025-03-31T15:44:22+08:00"}
{"event":"get a articleDTOs by userId","level":"info","msg":"Success","time":"2025-03-31T15:44:34+08:00"}
{"event":"get a articleDTOs by userId","level":"info","msg":"Success","time":"2025-03-31T15:44:34+08:00"}
{"event":"get a articleDTOs by userId","level":"info","msg":"Success","time":"2025-03-31T15:46:28+08:00"}
{"event":"get a articleDTOs by userId","level":"info","msg":"Success","time":"2025-03-31T15:46:34+08:00"}
{"event":"get a articleDTOs by userId","level":"info","msg":"Success","time":"2025-03-31T15:46:34+08:00"}
{"event":"get a articleDTOs by userId","level":"info","msg":"Success","time":"2025-03-31T15:46:37+08:00"}
{"event":"get a articleDTOs by userId","level":"info","msg":"Success","time":"2025-03-31T15:49:19+08:00"}
{"event":"get a articleDTOs by userId","level":"info","msg":"Success","time":"2025-03-31T15:49:19+08:00"}
{"event":"get a articleDTOs by userId","level":"info","msg":"Success","time":"2025-03-31T15:49:21+08:00"}
{"event":"get a articleDTOs by userId","level":"info","msg":"Success","time":"2025-03-31T15:49:26+08:00"}
{"event":"get a articleDTOs by userId","level":"info","msg":"Success","time":"2025-03-31T15:49:26+08:00"}
{"event":"get a articleDTOs by userId","level":"info","msg":"Success","time":"2025-03-31T15:49:36+08:00"}
{"event":"get a articleDTOs by userId","level":"info","msg":"Success","time":"2025-03-31T15:49:36+08:00"}
{"event":"get a articleDTOs by userId","level":"info","msg":"Success","time":"2025-03-31T15:49:37+08:00"}
{"event":"get a articleDTOs by userId","level":"info","msg":"Success","time":"2025-03-31T15:49:39+08:00"}
{"event":"get a articleDTOs by userId","level":"info","msg":"Success","time":"2025-03-31T15:49:42+08:00"}
{"event":"get a articleDTOs by userId","level":"info","msg":"Success","time":"2025-03-31T15:49:42+08:00"}
{"event":"get a articleDTOs by userId","level":"info","msg":"Success","time":"2025-03-31T15:52:48+08:00"}
{"event":"get a articleDTOs by userId","level":"info","msg":"Success","time":"2025-03-31T15:53:07+08:00"}
{"event":"get a articleDTOs by userId","level":"info","msg":"Success","time":"2025-03-31T16:01:39+08:00"}
{"event":"get a articleDTOs by userId","level":"info","msg":"Success","time":"2025-03-31T16:01:39+08:00"}
{"event":"get a articleDTOs by userId","level":"info","msg":"Success","time":"2025-03-31T16:03:33+08:00"}
{"event":"get a articleDTOs by userId","level":"info","msg":"Success","time":"2025-03-31T16:03:34+08:00"}
{"event":"get all categories","level":"info","msg":"Success to get all categories","time":"2025-03-31T16:03:48+08:00"}
{"event":"get all categories","level":"info","msg":"Success to get all categories","time":"2025-03-31T16:03:48+08:00"}
{"event":"get get articleCategoryList by categoryId","level":"info","msg":"Success to get articleCategoryList by categoryId","time":"2025-03-31T16:03:48+08:00"}
{"event":"get get articleCategoryList by categoryId","level":"info","msg":"Success to get articleCategoryList by categoryId","time":"2025-03-31T16:03:48+08:00"}
{"event":"get a articleDTO by id","level":"info","msg":"Success","time":"2025-03-31T16:03:48+08:00"}
{"event":"get a articleDTO by id","level":"info","msg":"Success","time":"2025-03-31T16:03:48+08:00"}
{"event":"get a articleDTO by id","level":"info","msg":"Success","time":"2025-03-31T16:03:48+08:00"}
{"event":"get a articleDTO by id","level":"info","msg":"Success","time":"2025-03-31T16:03:48+08:00"}
{"event":"get a articleDTO by id","level":"info","msg":"Success","time":"2025-03-31T16:03:48+08:00"}
{"event":"get a articleDTO by id","level":"info","msg":"Success","time":"2025-03-31T16:03:48+08:00"}
{"event":"get get articleCategoryList by categoryId","level":"info","msg":"Success to get articleCategoryList by categoryId","time":"2025-03-31T16:03:48+08:00"}
{"event":"get a articleDTO by id","level":"info","msg":"Success","time":"2025-03-31T16:03:48+08:00"}
{"event":"get get articleCategoryList by categoryId","level":"info","msg":"Success to get articleCategoryList by categoryId","time":"2025-03-31T16:03:48+08:00"}
{"event":"get a articleDTO by id","level":"info","msg":"Success","time":"2025-03-31T16:03:48+08:00"}
{"event":"get a articleDTO by id","level":"info","msg":"Success","time":"2025-03-31T16:03:48+08:00"}
{"event":"get a articleDTO by id","level":"info","msg":"Success","time":"2025-03-31T16:03:48+08:00"}
{"event":"get a articleDTO by id","level":"info","msg":"Success","time":"2025-03-31T16:03:48+08:00"}
{"event":"get get articleCategoryList by categoryId","level":"info","msg":"Success to get articleCategoryList by categoryId","time":"2025-03-31T16:03:48+08:00"}
{"event":"get a articleDTO by id","level":"info","msg":"Success","time":"2025-03-31T16:03:48+08:00"}
{"event":"get a articleDTO by id","level":"info","msg":"Success","time":"2025-03-31T16:03:48+08:00"}
{"event":"get a articleDTO by id","level":"info","msg":"Success","time":"2025-03-31T16:03:48+08:00"}
{"event":"get get articleCategoryList by categoryId","level":"info","msg":"Success to get articleCategoryList by categoryId","time":"2025-03-31T16:03:48+08:00"}
{"event":"get a articleDTO by id","level":"info","msg":"Success","time":"2025-03-31T16:03:48+08:00"}
{"event":"get a articleDTO by id","level":"info","msg":"Success","time":"2025-03-31T16:03:48+08:00"}
{"event":"get a articleDTO by id","level":"info","msg":"Success","time":"2025-03-31T16:03:48+08:00"}
{"event":"get a articleDTO by id","level":"info","msg":"Success","time":"2025-03-31T16:03:48+08:00"}
{"event":"get a articleDTOs by userId","level":"info","msg":"Success","time":"2025-03-31T16:03:51+08:00"}
{"event":"get a articleDTOs by userId","level":"info","msg":"Success","time":"2025-03-31T16:03:51+08:00"}
{"event":"get all categories","level":"info","msg":"Success to get all categories","time":"2025-03-31T16:04:24+08:00"}
{"event":"get all categories","level":"info","msg":"Success to get all categories","time":"2025-03-31T16:04:24+08:00"}
{"event":"get get articleCategoryList by categoryId","level":"info","msg":"Success to get articleCategoryList by categoryId","time":"2025-03-31T16:04:24+08:00"}
{"event":"get get articleCategoryList by categoryId","level":"info","msg":"Success to get articleCategoryList by categoryId","time":"2025-03-31T16:04:24+08:00"}
{"event":"get a articleDTO by id","level":"info","msg":"Success","time":"2025-03-31T16:04:24+08:00"}
{"event":"get a articleDTO by id","level":"info","msg":"Success","time":"2025-03-31T16:04:24+08:00"}
{"event":"get a articleDTO by id","level":"info","msg":"Success","time":"2025-03-31T16:04:24+08:00"}
{"event":"get a articleDTO by id","level":"info","msg":"Success","time":"2025-03-31T16:04:24+08:00"}
{"event":"get a articleDTO by id","level":"info","msg":"Success","time":"2025-03-31T16:04:24+08:00"}
{"event":"get a articleDTO by id","level":"info","msg":"Success","time":"2025-03-31T16:04:24+08:00"}
{"event":"get get articleCategoryList by categoryId","level":"info","msg":"Success to get articleCategoryList by categoryId","time":"2025-03-31T16:04:24+08:00"}
{"event":"get a articleDTO by id","level":"info","msg":"Success","time":"2025-03-31T16:04:24+08:00"}
{"event":"get get articleCategoryList by categoryId","level":"info","msg":"Success to get articleCategoryList by categoryId","time":"2025-03-31T16:04:24+08:00"}
{"event":"get a articleDTO by id","level":"info","msg":"Success","time":"2025-03-31T16:04:24+08:00"}
{"event":"get a articleDTO by id","level":"info","msg":"Success","time":"2025-03-31T16:04:24+08:00"}
{"event":"get a articleDTO by id","level":"info","msg":"Success","time":"2025-03-31T16:04:24+08:00"}
{"event":"get a articleDTO by id","level":"info","msg":"Success","time":"2025-03-31T16:04:24+08:00"}
{"event":"get get articleCategoryList by categoryId","level":"info","msg":"Success to get articleCategoryList by categoryId","time":"2025-03-31T16:04:24+08:00"}
{"event":"get a articleDTO by id","level":"info","msg":"Success","time":"2025-03-31T16:04:24+08:00"}
{"event":"get a articleDTO by id","level":"info","msg":"Success","time":"2025-03-31T16:04:24+08:00"}
{"event":"get a articleDTO by id","level":"info","msg":"Success","time":"2025-03-31T16:04:24+08:00"}
{"event":"get get articleCategoryList by categoryId","level":"info","msg":"Success to get articleCategoryList by categoryId","time":"2025-03-31T16:04:24+08:00"}
{"event":"get a articleDTO by id","level":"info","msg":"Success","time":"2025-03-31T16:04:24+08:00"}
{"event":"get a articleDTO by id","level":"info","msg":"Success","time":"2025-03-31T16:04:24+08:00"}
{"event":"get a articleDTO by id","level":"info","msg":"Success","time":"2025-03-31T16:04:24+08:00"}
{"event":"get a articleDTO by id","level":"info","msg":"Success","time":"2025-03-31T16:04:24+08:00"}
{"event":"get a articleDTOs by userId","level":"info","msg":"Success","time":"2025-03-31T16:04:29+08:00"}
{"event":"get a articleDTOs by userId","level":"info","msg":"Success","time":"2025-03-31T16:04:29+08:00"}
{"event":"get all categories","level":"info","msg":"Success to get all categories","time":"2025-03-31T16:04:44+08:00"}
{"event":"get all categories","level":"info","msg":"Success to get all categories","time":"2025-03-31T16:04:44+08:00"}
{"event":"get get articleCategoryList by categoryId","level":"info","msg":"Success to get articleCategoryList by categoryId","time":"2025-03-31T16:04:44+08:00"}
{"event":"get get articleCategoryList by categoryId","level":"info","msg":"Success to get articleCategoryList by categoryId","time":"2025-03-31T16:04:44+08:00"}
{"event":"get a articleDTO by id","level":"info","msg":"Success","time":"2025-03-31T16:04:44+08:00"}
{"event":"get a articleDTO by id","level":"info","msg":"Success","time":"2025-03-31T16:04:44+08:00"}
{"event":"get a articleDTO by id","level":"info","msg":"Success","time":"2025-03-31T16:04:44+08:00"}
{"event":"get a articleDTO by id","level":"info","msg":"Success","time":"2025-03-31T16:04:44+08:00"}
{"event":"get a articleDTO by id","level":"info","msg":"Success","time":"2025-03-31T16:04:44+08:00"}
{"event":"get get articleCategoryList by categoryId","level":"info","msg":"Success to get articleCategoryList by categoryId","time":"2025-03-31T16:04:44+08:00"}
{"event":"get a articleDTO by id","level":"info","msg":"Success","time":"2025-03-31T16:04:44+08:00"}
{"event":"get a articleDTO by id","level":"info","msg":"Success","time":"2025-03-31T16:04:44+08:00"}
{"event":"get get articleCategoryList by categoryId","level":"info","msg":"Success to get articleCategoryList by categoryId","time":"2025-03-31T16:04:44+08:00"}
{"event":"get a articleDTO by id","level":"info","msg":"Success","time":"2025-03-31T16:04:44+08:00"}
{"event":"get get articleCategoryList by categoryId","level":"info","msg":"Success to get articleCategoryList by categoryId","time":"2025-03-31T16:04:44+08:00"}
{"event":"get a articleDTO by id","level":"info","msg":"Success","time":"2025-03-31T16:04:44+08:00"}
{"event":"get a articleDTO by id","level":"info","msg":"Success","time":"2025-03-31T16:04:44+08:00"}
{"event":"get a articleDTO by id","level":"info","msg":"Success","time":"2025-03-31T16:04:44+08:00"}
{"event":"get a articleDTO by id","level":"info","msg":"Success","time":"2025-03-31T16:04:44+08:00"}
{"event":"get a articleDTO by id","level":"info","msg":"Success","time":"2025-03-31T16:04:44+08:00"}
{"event":"get a articleDTO by id","level":"info","msg":"Success","time":"2025-03-31T16:04:44+08:00"}
{"event":"get get articleCategoryList by categoryId","level":"info","msg":"Success to get articleCategoryList by categoryId","time":"2025-03-31T16:04:44+08:00"}
{"event":"get a articleDTO by id","level":"info","msg":"Success","time":"2025-03-31T16:04:44+08:00"}
{"event":"get a articleDTO by id","level":"info","msg":"Success","time":"2025-03-31T16:04:44+08:00"}
{"event":"get a articleDTO by id","level":"info","msg":"Success","time":"2025-03-31T16:04:44+08:00"}
{"event":"get a articleDTO by id","level":"info","msg":"Success","time":"2025-03-31T16:04:44+08:00"}
{"event":"get all categories","level":"info","msg":"Success to get all categories","time":"2025-03-31T16:05:17+08:00"}
{"event":"get all categories","level":"info","msg":"Success to get all categories","time":"2025-03-31T16:05:17+08:00"}
{"event":"get get articleCategoryList by categoryId","level":"info","msg":"Success to get articleCategoryList by categoryId","time":"2025-03-31T16:05:17+08:00"}
{"event":"get get articleCategoryList by categoryId","level":"info","msg":"Success to get articleCategoryList by categoryId","time":"2025-03-31T16:05:17+08:00"}
{"event":"get a articleDTO by id","level":"info","msg":"Success","time":"2025-03-31T16:05:17+08:00"}
{"event":"get a articleDTO by id","level":"info","msg":"Success","time":"2025-03-31T16:05:17+08:00"}
{"event":"get a articleDTO by id","level":"info","msg":"Success","time":"2025-03-31T16:05:17+08:00"}
{"event":"get a articleDTO by id","level":"info","msg":"Success","time":"2025-03-31T16:05:17+08:00"}
{"event":"get a articleDTO by id","level":"info","msg":"Success","time":"2025-03-31T16:05:17+08:00"}
{"event":"get get articleCategoryList by categoryId","level":"info","msg":"Success to get articleCategoryList by categoryId","time":"2025-03-31T16:05:17+08:00"}
{"event":"get a articleDTO by id","level":"info","msg":"Success","time":"2025-03-31T16:05:17+08:00"}
{"event":"get a articleDTO by id","level":"info","msg":"Success","time":"2025-03-31T16:05:17+08:00"}
{"event":"get a articleDTO by id","level":"info","msg":"Success","time":"2025-03-31T16:05:17+08:00"}
{"event":"get get articleCategoryList by categoryId","level":"info","msg":"Success to get articleCategoryList by categoryId","time":"2025-03-31T16:05:17+08:00"}
{"event":"get get articleCategoryList by categoryId","level":"info","msg":"Success to get articleCategoryList by categoryId","time":"2025-03-31T16:05:17+08:00"}
{"event":"get a articleDTO by id","level":"info","msg":"Success","time":"2025-03-31T16:05:17+08:00"}
{"event":"get a articleDTO by id","level":"info","msg":"Success","time":"2025-03-31T16:05:17+08:00"}
{"event":"get a articleDTO by id","level":"info","msg":"Success","time":"2025-03-31T16:05:17+08:00"}
{"event":"get a articleDTO by id","level":"info","msg":"Success","time":"2025-03-31T16:05:17+08:00"}
{"event":"get a articleDTO by id","level":"info","msg":"Success","time":"2025-03-31T16:05:17+08:00"}
{"event":"get a articleDTO by id","level":"info","msg":"Success","time":"2025-03-31T16:05:17+08:00"}
{"event":"get get articleCategoryList by categoryId","level":"info","msg":"Success to get articleCategoryList by categoryId","time":"2025-03-31T16:05:17+08:00"}
{"event":"get a articleDTO by id","level":"info","msg":"Success","time":"2025-03-31T16:05:17+08:00"}
{"event":"get a articleDTO by id","level":"info","msg":"Success","time":"2025-03-31T16:05:17+08:00"}
{"event":"get a articleDTO by id","level":"info","msg":"Success","time":"2025-03-31T16:05:17+08:00"}
{"event":"get a articleDTO by id","level":"info","msg":"Success","time":"2025-03-31T16:05:17+08:00"}
{"event":"get a articleDTOs by userId","level":"info","msg":"Success","time":"2025-03-31T16:05:18+08:00"}
{"event":"get a articleDTOs by userId","level":"info","msg":"Success","time":"2025-03-31T16:05:18+08:00"}
{"event":"get all categories","level":"info","msg":"Success to get all categories","time":"2025-03-31T16:05:19+08:00"}
{"event":"get all categories","level":"info","msg":"Success to get all categories","time":"2025-03-31T16:05:19+08:00"}
{"event":"get get articleCategoryList by categoryId","level":"info","msg":"Success to get articleCategoryList by categoryId","time":"2025-03-31T16:05:19+08:00"}
{"event":"get get articleCategoryList by categoryId","level":"info","msg":"Success to get articleCategoryList by categoryId","time":"2025-03-31T16:05:19+08:00"}
{"event":"get a articleDTO by id","level":"info","msg":"Success","time":"2025-03-31T16:05:19+08:00"}
{"event":"get a articleDTO by id","level":"info","msg":"Success","time":"2025-03-31T16:05:19+08:00"}
{"event":"get a articleDTO by id","level":"info","msg":"Success","time":"2025-03-31T16:05:19+08:00"}
{"event":"get a articleDTO by id","level":"info","msg":"Success","time":"2025-03-31T16:05:19+08:00"}
{"event":"get get articleCategoryList by categoryId","level":"info","msg":"Success to get articleCategoryList by categoryId","time":"2025-03-31T16:05:19+08:00"}
{"event":"get a articleDTO by id","level":"info","msg":"Success","time":"2025-03-31T16:05:19+08:00"}
{"event":"get a articleDTO by id","level":"info","msg":"Success","time":"2025-03-31T16:05:19+08:00"}
{"event":"get a articleDTO by id","level":"info","msg":"Success","time":"2025-03-31T16:05:19+08:00"}
{"event":"get a articleDTO by id","level":"info","msg":"Success","time":"2025-03-31T16:05:19+08:00"}
{"event":"get get articleCategoryList by categoryId","level":"info","msg":"Success to get articleCategoryList by categoryId","time":"2025-03-31T16:05:19+08:00"}
{"event":"get get articleCategoryList by categoryId","level":"info","msg":"Success to get articleCategoryList by categoryId","time":"2025-03-31T16:05:19+08:00"}
{"event":"get a articleDTO by id","level":"info","msg":"Success","time":"2025-03-31T16:05:19+08:00"}
{"event":"get a articleDTO by id","level":"info","msg":"Success","time":"2025-03-31T16:05:19+08:00"}
{"event":"get a articleDTO by id","level":"info","msg":"Success","time":"2025-03-31T16:05:19+08:00"}
{"event":"get a articleDTO by id","level":"info","msg":"Success","time":"2025-03-31T16:05:19+08:00"}
{"event":"get a articleDTO by id","level":"info","msg":"Success","time":"2025-03-31T16:05:19+08:00"}
{"event":"get a articleDTO by id","level":"info","msg":"Success","time":"2025-03-31T16:05:19+08:00"}
{"event":"get get articleCategoryList by categoryId","level":"info","msg":"Success to get articleCategoryList by categoryId","time":"2025-03-31T16:05:19+08:00"}
{"event":"get a articleDTO by id","level":"info","msg":"Success","time":"2025-03-31T16:05:19+08:00"}
{"event":"get a articleDTO by id","level":"info","msg":"Success","time":"2025-03-31T16:05:19+08:00"}
{"event":"get a articleDTO by id","level":"info","msg":"Success","time":"2025-03-31T16:05:19+08:00"}
{"event":"get a articleDTO by id","level":"info","msg":"Success","time":"2025-03-31T16:05:19+08:00"}
{"event":"get a articleDTOs by userId","level":"info","msg":"Success","time":"2025-03-31T16:05:28+08:00"}
{"event":"get a articleDTOs by userId","level":"info","msg":"Success","time":"2025-03-31T16:05:28+08:00"}
{"event":"get all categories","level":"info","msg":"Success to get all categories","time":"2025-03-31T16:05:28+08:00"}
{"event":"get all categories","level":"info","msg":"Success to get all categories","time":"2025-03-31T16:05:28+08:00"}
{"event":"get get articleCategoryList by categoryId","level":"info","msg":"Success to get articleCategoryList by categoryId","time":"2025-03-31T16:05:28+08:00"}
{"event":"get get articleCategoryList by categoryId","level":"info","msg":"Success to get articleCategoryList by categoryId","time":"2025-03-31T16:05:28+08:00"}
{"event":"get a articleDTO by id","level":"info","msg":"Success","time":"2025-03-31T16:05:28+08:00"}
{"event":"get a articleDTO by id","level":"info","msg":"Success","time":"2025-03-31T16:05:28+08:00"}
{"event":"get a articleDTO by id","level":"info","msg":"Success","time":"2025-03-31T16:05:28+08:00"}
{"event":"get a articleDTO by id","level":"info","msg":"Success","time":"2025-03-31T16:05:28+08:00"}
{"event":"get a articleDTO by id","level":"info","msg":"Success","time":"2025-03-31T16:05:28+08:00"}
{"event":"get get articleCategoryList by categoryId","level":"info","msg":"Success to get articleCategoryList by categoryId","time":"2025-03-31T16:05:28+08:00"}
{"event":"get a articleDTO by id","level":"info","msg":"Success","time":"2025-03-31T16:05:28+08:00"}
{"event":"get a articleDTO by id","level":"info","msg":"Success","time":"2025-03-31T16:05:28+08:00"}
{"event":"get a articleDTO by id","level":"info","msg":"Success","time":"2025-03-31T16:05:28+08:00"}
{"event":"get get articleCategoryList by categoryId","level":"info","msg":"Success to get articleCategoryList by categoryId","time":"2025-03-31T16:05:28+08:00"}
{"event":"get a articleDTO by id","level":"info","msg":"Success","time":"2025-03-31T16:05:28+08:00"}
{"event":"get get articleCategoryList by categoryId","level":"info","msg":"Success to get articleCategoryList by categoryId","time":"2025-03-31T16:05:28+08:00"}
{"event":"get a articleDTO by id","level":"info","msg":"Success","time":"2025-03-31T16:05:28+08:00"}
{"event":"get a articleDTO by id","level":"info","msg":"Success","time":"2025-03-31T16:05:28+08:00"}
{"event":"get a articleDTO by id","level":"info","msg":"Success","time":"2025-03-31T16:05:28+08:00"}
{"event":"get a articleDTO by id","level":"info","msg":"Success","time":"2025-03-31T16:05:28+08:00"}
{"event":"get a articleDTO by id","level":"info","msg":"Success","time":"2025-03-31T16:05:28+08:00"}
{"event":"get get articleCategoryList by categoryId","level":"info","msg":"Success to get articleCategoryList by categoryId","time":"2025-03-31T16:05:28+08:00"}
{"event":"get a articleDTO by id","level":"info","msg":"Success","time":"2025-03-31T16:05:28+08:00"}
{"event":"get a articleDTO by id","level":"info","msg":"Success","time":"2025-03-31T16:05:28+08:00"}
{"event":"get a articleDTO by id","level":"info","msg":"Success","time":"2025-03-31T16:05:28+08:00"}
{"event":"get a articleDTO by id","level":"info","msg":"Success","time":"2025-03-31T16:05:28+08:00"}
{"event":"get a articleDTOs by userId","level":"info","msg":"Success","time":"2025-03-31T16:05:38+08:00"}
{"event":"get a articleDTOs by userId","level":"info","msg":"Success","time":"2025-03-31T16:05:38+08:00"}
{"event":"get all categories","level":"info","msg":"Success to get all categories","time":"2025-03-31T16:05:41+08:00"}
{"event":"get all categories","level":"info","msg":"Success to get all categories","time":"2025-03-31T16:05:41+08:00"}
{"event":"get get articleCategoryList by categoryId","level":"info","msg":"Success to get articleCategoryList by categoryId","time":"2025-03-31T16:05:41+08:00"}
{"event":"get get articleCategoryList by categoryId","level":"info","msg":"Success to get articleCategoryList by categoryId","time":"2025-03-31T16:05:41+08:00"}
{"event":"get a articleDTO by id","level":"info","msg":"Success","time":"2025-03-31T16:05:41+08:00"}
{"event":"get a articleDTO by id","level":"info","msg":"Success","time":"2025-03-31T16:05:41+08:00"}
{"event":"get a articleDTO by id","level":"info","msg":"Success","time":"2025-03-31T16:05:41+08:00"}
{"event":"get a articleDTO by id","level":"info","msg":"Success","time":"2025-03-31T16:05:41+08:00"}
{"event":"get a articleDTO by id","level":"info","msg":"Success","time":"2025-03-31T16:05:41+08:00"}
{"event":"get a articleDTO by id","level":"info","msg":"Success","time":"2025-03-31T16:05:41+08:00"}
{"event":"get get articleCategoryList by categoryId","level":"info","msg":"Success to get articleCategoryList by categoryId","time":"2025-03-31T16:05:41+08:00"}
{"event":"get a articleDTO by id","level":"info","msg":"Success","time":"2025-03-31T16:05:41+08:00"}
{"event":"get get articleCategoryList by categoryId","level":"info","msg":"Success to get articleCategoryList by categoryId","time":"2025-03-31T16:05:41+08:00"}
{"event":"get a articleDTO by id","level":"info","msg":"Success","time":"2025-03-31T16:05:41+08:00"}
{"event":"get a articleDTO by id","level":"info","msg":"Success","time":"2025-03-31T16:05:41+08:00"}
{"event":"get a articleDTO by id","level":"info","msg":"Success","time":"2025-03-31T16:05:41+08:00"}
{"event":"get a articleDTO by id","level":"info","msg":"Success","time":"2025-03-31T16:05:41+08:00"}
{"event":"get a articleDTO by id","level":"info","msg":"Success","time":"2025-03-31T16:05:41+08:00"}
{"event":"get all categories","level":"info","msg":"Success to get all categories","time":"2025-03-31T16:05:45+08:00"}
{"event":"get all categories","level":"info","msg":"Success to get all categories","time":"2025-03-31T16:05:45+08:00"}
{"event":"get get articleCategoryList by categoryId","level":"info","msg":"Success to get articleCategoryList by categoryId","time":"2025-03-31T16:05:45+08:00"}
{"event":"get get articleCategoryList by categoryId","level":"info","msg":"Success to get articleCategoryList by categoryId","time":"2025-03-31T16:05:45+08:00"}
{"event":"get a articleDTO by id","level":"info","msg":"Success","time":"2025-03-31T16:05:45+08:00"}
{"event":"get a articleDTO by id","level":"info","msg":"Success","time":"2025-03-31T16:05:45+08:00"}
{"event":"get a articleDTO by id","level":"info","msg":"Success","time":"2025-03-31T16:05:45+08:00"}
{"event":"get a articleDTO by id","level":"info","msg":"Success","time":"2025-03-31T16:05:45+08:00"}
{"event":"get a articleDTO by id","level":"info","msg":"Success","time":"2025-03-31T16:05:45+08:00"}
{"event":"get a articleDTO by id","level":"info","msg":"Success","time":"2025-03-31T16:05:45+08:00"}
{"event":"get get articleCategoryList by categoryId","level":"info","msg":"Success to get articleCategoryList by categoryId","time":"2025-03-31T16:05:45+08:00"}
{"event":"get a articleDTO by id","level":"info","msg":"Success","time":"2025-03-31T16:05:45+08:00"}
{"event":"get get articleCategoryList by categoryId","level":"info","msg":"Success to get articleCategoryList by categoryId","time":"2025-03-31T16:05:45+08:00"}
{"event":"get a articleDTO by id","level":"info","msg":"Success","time":"2025-03-31T16:05:45+08:00"}
{"event":"get a articleDTO by id","level":"info","msg":"Success","time":"2025-03-31T16:05:45+08:00"}
{"event":"get a articleDTO by id","level":"info","msg":"Success","time":"2025-03-31T16:05:45+08:00"}
{"event":"get a articleDTO by id","level":"info","msg":"Success","time":"2025-03-31T16:05:45+08:00"}
{"event":"get a articleDTO by id","level":"info","msg":"Success","time":"2025-03-31T16:05:45+08:00"}
{"event":"get all categories","level":"info","msg":"Success to get all categories","time":"2025-03-31T16:05:46+08:00"}
{"event":"get all categories","level":"info","msg":"Success to get all categories","time":"2025-03-31T16:05:46+08:00"}
{"event":"get get articleCategoryList by categoryId","level":"info","msg":"Success to get articleCategoryList by categoryId","time":"2025-03-31T16:05:46+08:00"}
{"event":"get get articleCategoryList by categoryId","level":"info","msg":"Success to get articleCategoryList by categoryId","time":"2025-03-31T16:05:46+08:00"}
{"event":"get a articleDTO by id","level":"info","msg":"Success","time":"2025-03-31T16:05:46+08:00"}
{"event":"get a articleDTO by id","level":"info","msg":"Success","time":"2025-03-31T16:05:46+08:00"}
{"event":"get a articleDTO by id","level":"info","msg":"Success","time":"2025-03-31T16:05:46+08:00"}
{"event":"get a articleDTO by id","level":"info","msg":"Success","time":"2025-03-31T16:05:46+08:00"}
{"event":"get a articleDTO by id","level":"info","msg":"Success","time":"2025-03-31T16:05:46+08:00"}
{"event":"get a articleDTO by id","level":"info","msg":"Success","time":"2025-03-31T16:05:46+08:00"}
{"event":"get get articleCategoryList by categoryId","level":"info","msg":"Success to get articleCategoryList by categoryId","time":"2025-03-31T16:05:46+08:00"}
{"event":"get a articleDTO by id","level":"info","msg":"Success","time":"2025-03-31T16:05:46+08:00"}
{"event":"get a articleDTO by id","level":"info","msg":"Success","time":"2025-03-31T16:05:46+08:00"}
{"event":"get get articleCategoryList by categoryId","level":"info","msg":"Success to get articleCategoryList by categoryId","time":"2025-03-31T16:05:46+08:00"}
{"event":"get a articleDTO by id","level":"info","msg":"Success","time":"2025-03-31T16:05:46+08:00"}
{"event":"get a articleDTO by id","level":"info","msg":"Success","time":"2025-03-31T16:05:46+08:00"}
{"event":"get get articleCategoryList by categoryId","level":"info","msg":"Success to get articleCategoryList by categoryId","time":"2025-03-31T16:05:46+08:00"}
{"event":"get a articleDTO by id","level":"info","msg":"Success","time":"2025-03-31T16:05:46+08:00"}
{"event":"get a articleDTO by id","level":"info","msg":"Success","time":"2025-03-31T16:05:46+08:00"}
{"event":"get a articleDTO by id","level":"info","msg":"Success","time":"2025-03-31T16:05:46+08:00"}
{"event":"get a articleDTO by id","level":"info","msg":"Success","time":"2025-03-31T16:05:46+08:00"}
{"event":"get get articleCategoryList by categoryId","level":"info","msg":"Success to get articleCategoryList by categoryId","time":"2025-03-31T16:05:46+08:00"}
{"event":"get a articleDTO by id","level":"info","msg":"Success","time":"2025-03-31T16:05:46+08:00"}
{"event":"get a articleDTO by id","level":"info","msg":"Success","time":"2025-03-31T16:05:46+08:00"}
{"event":"get a articleDTO by id","level":"info","msg":"Success","time":"2025-03-31T16:05:46+08:00"}
{"event":"get a articleDTO by id","level":"info","msg":"Success","time":"2025-03-31T16:05:46+08:00"}
{"event":"get all categories","level":"info","msg":"Success to get all categories","time":"2025-03-31T16:06:47+08:00"}
{"event":"get all categories","level":"info","msg":"Success to get all categories","time":"2025-03-31T16:06:47+08:00"}
{"event":"get get articleCategoryList by categoryId","level":"info","msg":"Success to get articleCategoryList by categoryId","time":"2025-03-31T16:06:47+08:00"}
{"event":"get get articleCategoryList by categoryId","level":"info","msg":"Success to get articleCategoryList by categoryId","time":"2025-03-31T16:06:47+08:00"}
{"event":"get a articleDTO by id","level":"info","msg":"Success","time":"2025-03-31T16:06:47+08:00"}
{"event":"get a articleDTO by id","level":"info","msg":"Success","time":"2025-03-31T16:06:47+08:00"}
{"event":"get a articleDTO by id","level":"info","msg":"Success","time":"2025-03-31T16:06:47+08:00"}
{"event":"get a articleDTO by id","level":"info","msg":"Success","time":"2025-03-31T16:06:47+08:00"}
{"event":"get a articleDTO by id","level":"info","msg":"Success","time":"2025-03-31T16:06:47+08:00"}
{"event":"get a articleDTO by id","level":"info","msg":"Success","time":"2025-03-31T16:06:47+08:00"}
{"event":"get get articleCategoryList by categoryId","level":"info","msg":"Success to get articleCategoryList by categoryId","time":"2025-03-31T16:06:47+08:00"}
{"event":"get get articleCategoryList by categoryId","level":"info","msg":"Success to get articleCategoryList by categoryId","time":"2025-03-31T16:06:47+08:00"}
{"event":"get a articleDTO by id","level":"info","msg":"Success","time":"2025-03-31T16:06:47+08:00"}
{"event":"get a articleDTO by id","level":"info","msg":"Success","time":"2025-03-31T16:06:47+08:00"}
{"event":"get a articleDTO by id","level":"info","msg":"Success","time":"2025-03-31T16:06:47+08:00"}
{"event":"get a articleDTO by id","level":"info","msg":"Success","time":"2025-03-31T16:06:47+08:00"}
{"event":"get a articleDTO by id","level":"info","msg":"Success","time":"2025-03-31T16:06:47+08:00"}
{"event":"get a articleDTO by id","level":"info","msg":"Success","time":"2025-03-31T16:06:47+08:00"}
{"event":"get get articleCategoryList by categoryId","level":"info","msg":"Success to get articleCategoryList by categoryId","time":"2025-03-31T16:06:47+08:00"}
{"event":"get get articleCategoryList by categoryId","level":"info","msg":"Success to get articleCategoryList by categoryId","time":"2025-03-31T16:06:47+08:00"}
{"event":"get a articleDTO by id","level":"info","msg":"Success","time":"2025-03-31T16:06:47+08:00"}
{"event":"get a articleDTO by id","level":"info","msg":"Success","time":"2025-03-31T16:06:47+08:00"}
{"event":"get a articleDTO by id","level":"info","msg":"Success","time":"2025-03-31T16:06:47+08:00"}
{"event":"get a articleDTO by id","level":"info","msg":"Success","time":"2025-03-31T16:06:47+08:00"}
{"event":"get a articleDTO by id","level":"info","msg":"Success","time":"2025-03-31T16:06:47+08:00"}
{"event":"get a articleDTO by id","level":"info","msg":"Success","time":"2025-03-31T16:06:47+08:00"}
{"event":"get a articleDTOs by userId","level":"info","msg":"Success","time":"2025-03-31T16:06:50+08:00"}
{"event":"get a articleDTOs by userId","level":"info","msg":"Success","time":"2025-03-31T16:06:50+08:00"}
{"event":"get all categories","level":"info","msg":"Success to get all categories","time":"2025-03-31T16:06:51+08:00"}
{"event":"get all categories","level":"info","msg":"Success to get all categories","time":"2025-03-31T16:06:51+08:00"}
{"event":"get get articleCategoryList by categoryId","level":"info","msg":"Success to get articleCategoryList by categoryId","time":"2025-03-31T16:06:51+08:00"}
{"event":"get get articleCategoryList by categoryId","level":"info","msg":"Success to get articleCategoryList by categoryId","time":"2025-03-31T16:06:51+08:00"}
{"event":"get a articleDTO by id","level":"info","msg":"Success","time":"2025-03-31T16:06:51+08:00"}
{"event":"get a articleDTO by id","level":"info","msg":"Success","time":"2025-03-31T16:06:51+08:00"}
{"event":"get a articleDTO by id","level":"info","msg":"Success","time":"2025-03-31T16:06:51+08:00"}
{"event":"get a articleDTO by id","level":"info","msg":"Success","time":"2025-03-31T16:06:51+08:00"}
{"event":"get a articleDTO by id","level":"info","msg":"Success","time":"2025-03-31T16:06:51+08:00"}
{"event":"get a articleDTO by id","level":"info","msg":"Success","time":"2025-03-31T16:06:51+08:00"}
{"event":"get get articleCategoryList by categoryId","level":"info","msg":"Success to get articleCategoryList by categoryId","time":"2025-03-31T16:06:51+08:00"}
{"event":"get a articleDTO by id","level":"info","msg":"Success","time":"2025-03-31T16:06:51+08:00"}
{"event":"get a articleDTO by id","level":"info","msg":"Success","time":"2025-03-31T16:06:51+08:00"}
{"event":"get get articleCategoryList by categoryId","level":"info","msg":"Success to get articleCategoryList by categoryId","time":"2025-03-31T16:06:51+08:00"}
{"event":"get a articleDTO by id","level":"info","msg":"Success","time":"2025-03-31T16:06:51+08:00"}
{"event":"get a articleDTO by id","level":"info","msg":"Success","time":"2025-03-31T16:06:51+08:00"}
{"event":"get a articleDTO by id","level":"info","msg":"Success","time":"2025-03-31T16:06:51+08:00"}
{"event":"get a articleDTO by id","level":"info","msg":"Success","time":"2025-03-31T16:06:51+08:00"}
{"event":"get a articleDTOs by userId","level":"info","msg":"Success","time":"2025-03-31T16:06:57+08:00"}
{"event":"get a articleDTOs by userId","level":"info","msg":"Success","time":"2025-03-31T16:06:57+08:00"}
{"event":"get all categories","level":"info","msg":"Success to get all categories","time":"2025-03-31T16:06:58+08:00"}
{"event":"get all categories","level":"info","msg":"Success to get all categories","time":"2025-03-31T16:06:58+08:00"}
{"event":"get get articleCategoryList by categoryId","level":"info","msg":"Success to get articleCategoryList by categoryId","time":"2025-03-31T16:06:58+08:00"}
{"event":"get get articleCategoryList by categoryId","level":"info","msg":"Success to get articleCategoryList by categoryId","time":"2025-03-31T16:06:58+08:00"}
{"event":"get a articleDTO by id","level":"info","msg":"Success","time":"2025-03-31T16:06:58+08:00"}
{"event":"get a articleDTO by id","level":"info","msg":"Success","time":"2025-03-31T16:06:58+08:00"}
{"event":"get a articleDTO by id","level":"info","msg":"Success","time":"2025-03-31T16:06:58+08:00"}
{"event":"get a articleDTO by id","level":"info","msg":"Success","time":"2025-03-31T16:06:58+08:00"}
{"event":"get a articleDTO by id","level":"info","msg":"Success","time":"2025-03-31T16:06:58+08:00"}
{"event":"get a articleDTO by id","level":"info","msg":"Success","time":"2025-03-31T16:06:58+08:00"}
{"event":"get get articleCategoryList by categoryId","level":"info","msg":"Success to get articleCategoryList by categoryId","time":"2025-03-31T16:06:58+08:00"}
{"event":"get a articleDTO by id","level":"info","msg":"Success","time":"2025-03-31T16:06:58+08:00"}
{"event":"get a articleDTO by id","level":"info","msg":"Success","time":"2025-03-31T16:06:58+08:00"}
{"event":"get get articleCategoryList by categoryId","level":"info","msg":"Success to get articleCategoryList by categoryId","time":"2025-03-31T16:06:58+08:00"}
{"event":"get a articleDTO by id","level":"info","msg":"Success","time":"2025-03-31T16:06:58+08:00"}
{"event":"get a articleDTO by id","level":"info","msg":"Success","time":"2025-03-31T16:06:58+08:00"}
{"event":"get a articleDTO by id","level":"info","msg":"Success","time":"2025-03-31T16:06:58+08:00"}
{"event":"get a articleDTO by id","level":"info","msg":"Success","time":"2025-03-31T16:06:58+08:00"}
{"event":"get get articleCategoryList by categoryId","level":"info","msg":"Success to get articleCategoryList by categoryId","time":"2025-03-31T16:07:17+08:00"}
{"event":"get a articleDTO by id","level":"info","msg":"Success","time":"2025-03-31T16:07:17+08:00"}
{"event":"get a articleDTO by id","level":"info","msg":"Success","time":"2025-03-31T16:07:17+08:00"}
{"event":"get a articleDTO by id","level":"info","msg":"Success","time":"2025-03-31T16:07:17+08:00"}
{"event":"get a articleDTO by id","level":"info","msg":"Success","time":"2025-03-31T16:07:17+08:00"}
{"event":"get get articleCategoryList by categoryId","level":"info","msg":"Success to get articleCategoryList by categoryId","time":"2025-03-31T16:07:17+08:00"}
{"event":"get a articleDTO by id","level":"info","msg":"Success","time":"2025-03-31T16:07:17+08:00"}
{"event":"get a articleDTO by id","level":"info","msg":"Success","time":"2025-03-31T16:07:17+08:00"}
{"event":"get a articleDTO by id","level":"info","msg":"Success","time":"2025-03-31T16:07:17+08:00"}
{"event":"get a articleDTO by id","level":"info","msg":"Success","time":"2025-03-31T16:07:17+08:00"}
{"event":"get get articleCategoryList by categoryId","level":"info","msg":"Success to get articleCategoryList by categoryId","time":"2025-03-31T16:13:40+08:00"}
{"event":"get a articleDTO by id","level":"info","msg":"Success","time":"2025-03-31T16:13:40+08:00"}
{"event":"get a articleDTO by id","level":"info","msg":"Success","time":"2025-03-31T16:13:40+08:00"}
{"event":"get a articleDTO by id","level":"info","msg":"Success","time":"2025-03-31T16:13:40+08:00"}
{"event":"get a articleDTO by id","level":"info","msg":"Success","time":"2025-03-31T16:13:40+08:00"}
{"event":"get get articleCategoryList by categoryId","level":"info","msg":"Success to get articleCategoryList by categoryId","time":"2025-03-31T16:13:40+08:00"}
{"event":"get a articleDTO by id","level":"info","msg":"Success","time":"2025-03-31T16:13:40+08:00"}
{"event":"get a articleDTO by id","level":"info","msg":"Success","time":"2025-03-31T16:13:40+08:00"}
{"event":"get a articleDTO by id","level":"info","msg":"Success","time":"2025-03-31T16:13:40+08:00"}
{"event":"get a articleDTO by id","level":"info","msg":"Success","time":"2025-03-31T16:13:40+08:00"}
{"event":"get all categories","level":"info","msg":"Success to get all categories","time":"2025-03-31T16:13:41+08:00"}
{"event":"get all categories","level":"info","msg":"Success to get all categories","time":"2025-03-31T16:13:41+08:00"}
{"event":"get get articleCategoryList by categoryId","level":"info","msg":"Success to get articleCategoryList by categoryId","time":"2025-03-31T16:13:41+08:00"}
{"event":"get get articleCategoryList by categoryId","level":"info","msg":"Success to get articleCategoryList by categoryId","time":"2025-03-31T16:13:41+08:00"}
{"event":"get a articleDTO by id","level":"info","msg":"Success","time":"2025-03-31T16:13:41+08:00"}
{"event":"get a articleDTO by id","level":"info","msg":"Success","time":"2025-03-31T16:13:41+08:00"}
{"event":"get a articleDTO by id","level":"info","msg":"Success","time":"2025-03-31T16:13:41+08:00"}
{"event":"get a articleDTO by id","level":"info","msg":"Success","time":"2025-03-31T16:13:41+08:00"}
{"event":"get a articleDTO by id","level":"info","msg":"Success","time":"2025-03-31T16:13:41+08:00"}
{"event":"get a articleDTO by id","level":"info","msg":"Success","time":"2025-03-31T16:13:41+08:00"}
{"event":"get get articleCategoryList by categoryId","level":"info","msg":"Success to get articleCategoryList by categoryId","time":"2025-03-31T16:13:41+08:00"}
{"event":"get a articleDTO by id","level":"info","msg":"Success","time":"2025-03-31T16:13:41+08:00"}
{"event":"get get articleCategoryList by categoryId","level":"info","msg":"Success to get articleCategoryList by categoryId","time":"2025-03-31T16:13:41+08:00"}
{"event":"get a articleDTO by id","level":"info","msg":"Success","time":"2025-03-31T16:13:41+08:00"}
{"event":"get a articleDTO by id","level":"info","msg":"Success","time":"2025-03-31T16:13:41+08:00"}
{"event":"get a articleDTO by id","level":"info","msg":"Success","time":"2025-03-31T16:13:41+08:00"}
{"event":"get get articleCategoryList by categoryId","level":"info","msg":"Success to get articleCategoryList by categoryId","time":"2025-03-31T16:13:41+08:00"}
{"event":"get a articleDTO by id","level":"info","msg":"Success","time":"2025-03-31T16:13:41+08:00"}
{"event":"get a articleDTO by id","level":"info","msg":"Success","time":"2025-03-31T16:13:41+08:00"}
{"event":"get a articleDTO by id","level":"info","msg":"Success","time":"2025-03-31T16:13:41+08:00"}
{"event":"get a articleDTO by id","level":"info","msg":"Success","time":"2025-03-31T16:13:41+08:00"}
{"event":"get get articleCategoryList by categoryId","level":"info","msg":"Success to get articleCategoryList by categoryId","time":"2025-03-31T16:13:41+08:00"}
{"event":"get a articleDTO by id","level":"info","msg":"Success","time":"2025-03-31T16:13:41+08:00"}
{"event":"get a articleDTO by id","level":"info","msg":"Success","time":"2025-03-31T16:13:41+08:00"}
{"event":"get a articleDTO by id","level":"info","msg":"Success","time":"2025-03-31T16:13:41+08:00"}
{"event":"get a articleDTO by id","level":"info","msg":"Success","time":"2025-03-31T16:13:41+08:00"}
{"event":"get get articleCategoryList by categoryId","level":"info","msg":"Success to get articleCategoryList by categoryId","time":"2025-03-31T16:15:09+08:00"}
{"event":"get a articleDTO by id","level":"info","msg":"Success","time":"2025-03-31T16:15:09+08:00"}
{"event":"get a articleDTO by id","level":"info","msg":"Success","time":"2025-03-31T16:15:09+08:00"}
{"event":"get a articleDTO by id","level":"info","msg":"Success","time":"2025-03-31T16:15:09+08:00"}
{"event":"get a articleDTO by id","level":"info","msg":"Success","time":"2025-03-31T16:15:09+08:00"}
{"event":"get get articleCategoryList by categoryId","level":"info","msg":"Success to get articleCategoryList by categoryId","time":"2025-03-31T16:15:09+08:00"}
{"event":"get a articleDTO by id","level":"info","msg":"Success","time":"2025-03-31T16:15:09+08:00"}
{"event":"get a articleDTO by id","level":"info","msg":"Success","time":"2025-03-31T16:15:09+08:00"}
{"event":"get a articleDTO by id","level":"info","msg":"Success","time":"2025-03-31T16:15:09+08:00"}
{"event":"get a articleDTO by id","level":"info","msg":"Success","time":"2025-03-31T16:15:09+08:00"}
{"event":"get a article by id","level":"info","msg":"Success","time":"2025-03-31T16:15:31+08:00"}
{"event":"get a article by id","level":"info","msg":"Success","time":"2025-03-31T16:15:31+08:00"}
{"event":"get get articleCategoryList by categoryId","level":"info","msg":"Success to get articleCategoryList by categoryId","time":"2025-03-31T16:15:33+08:00"}
{"event":"get a articleDTO by id","level":"info","msg":"Success","time":"2025-03-31T16:15:33+08:00"}
{"event":"get a articleDTO by id","level":"info","msg":"Success","time":"2025-03-31T16:15:33+08:00"}
{"event":"get a articleDTO by id","level":"info","msg":"Success","time":"2025-03-31T16:15:33+08:00"}
{"event":"get a articleDTO by id","level":"info","msg":"Success","time":"2025-03-31T16:15:33+08:00"}
{"event":"get get articleCategoryList by categoryId","level":"info","msg":"Success to get articleCategoryList by categoryId","time":"2025-03-31T16:15:33+08:00"}
{"event":"get a articleDTO by id","level":"info","msg":"Success","time":"2025-03-31T16:15:33+08:00"}
{"event":"get a articleDTO by id","level":"info","msg":"Success","time":"2025-03-31T16:15:33+08:00"}
{"event":"get a articleDTO by id","level":"info","msg":"Success","time":"2025-03-31T16:15:33+08:00"}
{"event":"get a articleDTO by id","level":"info","msg":"Success","time":"2025-03-31T16:15:33+08:00"}
{"event":"get all categories","level":"info","msg":"Success to get all categories","time":"2025-03-31T16:15:35+08:00"}
{"event":"get all categories","level":"info","msg":"Success to get all categories","time":"2025-03-31T16:15:35+08:00"}
{"event":"get get articleCategoryList by categoryId","level":"info","msg":"Success to get articleCategoryList by categoryId","time":"2025-03-31T16:15:37+08:00"}
{"event":"get a articleDTO by id","level":"info","msg":"Success","time":"2025-03-31T16:15:37+08:00"}
{"event":"get a articleDTO by id","level":"info","msg":"Success","time":"2025-03-31T16:15:37+08:00"}
{"event":"get get articleCategoryList by categoryId","level":"info","msg":"Success to get articleCategoryList by categoryId","time":"2025-03-31T16:15:37+08:00"}
{"event":"get a articleDTO by id","level":"info","msg":"Success","time":"2025-03-31T16:15:37+08:00"}
{"event":"get a articleDTO by id","level":"info","msg":"Success","time":"2025-03-31T16:15:37+08:00"}
{"event":"get all categories","level":"info","msg":"Success to get all categories","time":"2025-03-31T16:15:38+08:00"}
{"event":"get all categories","level":"info","msg":"Success to get all categories","time":"2025-03-31T16:15:38+08:00"}
{"event":"get get articleCategoryList by categoryId","level":"info","msg":"Success to get articleCategoryList by categoryId","time":"2025-03-31T16:15:39+08:00"}
{"event":"get a articleDTO by id","level":"info","msg":"Success","time":"2025-03-31T16:15:39+08:00"}
{"event":"get a articleDTO by id","level":"info","msg":"Success","time":"2025-03-31T16:15:39+08:00"}
{"event":"get a articleDTO by id","level":"info","msg":"Success","time":"2025-03-31T16:15:39+08:00"}
{"event":"get a articleDTO by id","level":"info","msg":"Success","time":"2025-03-31T16:15:39+08:00"}
{"event":"get get articleCategoryList by categoryId","level":"info","msg":"Success to get articleCategoryList by categoryId","time":"2025-03-31T16:15:39+08:00"}
{"event":"get a articleDTO by id","level":"info","msg":"Success","time":"2025-03-31T16:15:39+08:00"}
{"event":"get a articleDTO by id","level":"info","msg":"Success","time":"2025-03-31T16:15:39+08:00"}
{"event":"get a articleDTO by id","level":"info","msg":"Success","time":"2025-03-31T16:15:39+08:00"}
{"event":"get a articleDTO by id","level":"info","msg":"Success","time":"2025-03-31T16:15:39+08:00"}
{"event":"get all categories","level":"info","msg":"Success to get all categories","time":"2025-03-31T16:15:41+08:00"}
{"event":"get all categories","level":"info","msg":"Success to get all categories","time":"2025-03-31T16:15:41+08:00"}
{"event":"get all categories","level":"info","msg":"Success to get all categories","time":"2025-03-31T16:15:41+08:00"}
{"event":"get all categories","level":"info","msg":"Success to get all categories","time":"2025-03-31T16:15:41+08:00"}
{"event":"get get articleCategoryList by categoryId","level":"info","msg":"Success to get articleCategoryList by categoryId","time":"2025-03-31T16:15:41+08:00"}
{"event":"get get articleCategoryList by categoryId","level":"info","msg":"Success to get articleCategoryList by categoryId","time":"2025-03-31T16:15:41+08:00"}
{"event":"get a articleDTO by id","level":"info","msg":"Success","time":"2025-03-31T16:15:41+08:00"}
{"event":"get a articleDTO by id","level":"info","msg":"Success","time":"2025-03-31T16:15:41+08:00"}
{"event":"get a articleDTO by id","level":"info","msg":"Success","time":"2025-03-31T16:15:41+08:00"}
{"event":"get a articleDTO by id","level":"info","msg":"Success","time":"2025-03-31T16:15:41+08:00"}
{"event":"get a articleDTO by id","level":"info","msg":"Success","time":"2025-03-31T16:15:41+08:00"}
{"event":"get get articleCategoryList by categoryId","level":"info","msg":"Success to get articleCategoryList by categoryId","time":"2025-03-31T16:15:41+08:00"}
{"event":"get a articleDTO by id","level":"info","msg":"Success","time":"2025-03-31T16:15:41+08:00"}
{"event":"get a articleDTO by id","level":"info","msg":"Success","time":"2025-03-31T16:15:41+08:00"}
{"event":"get a articleDTO by id","level":"info","msg":"Success","time":"2025-03-31T16:15:41+08:00"}
{"event":"get get articleCategoryList by categoryId","level":"info","msg":"Success to get articleCategoryList by categoryId","time":"2025-03-31T16:15:41+08:00"}
{"event":"get get articleCategoryList by categoryId","level":"info","msg":"Success to get articleCategoryList by categoryId","time":"2025-03-31T16:15:41+08:00"}
{"event":"get a articleDTO by id","level":"info","msg":"Success","time":"2025-03-31T16:15:41+08:00"}
{"event":"get a articleDTO by id","level":"info","msg":"Success","time":"2025-03-31T16:15:41+08:00"}
{"event":"get a articleDTO by id","level":"info","msg":"Success","time":"2025-03-31T16:15:41+08:00"}
{"event":"get a articleDTO by id","level":"info","msg":"Success","time":"2025-03-31T16:15:41+08:00"}
{"event":"get a articleDTO by id","level":"info","msg":"Success","time":"2025-03-31T16:15:41+08:00"}
{"event":"get a articleDTO by id","level":"info","msg":"Success","time":"2025-03-31T16:15:41+08:00"}
{"event":"get get articleCategoryList by categoryId","level":"info","msg":"Success to get articleCategoryList by categoryId","time":"2025-03-31T16:15:41+08:00"}
{"event":"get a articleDTO by id","level":"info","msg":"Success","time":"2025-03-31T16:15:41+08:00"}
{"event":"get a articleDTO by id","level":"info","msg":"Success","time":"2025-03-31T16:15:41+08:00"}
{"event":"get a articleDTO by id","level":"info","msg":"Success","time":"2025-03-31T16:15:41+08:00"}
{"event":"get a articleDTO by id","level":"info","msg":"Success","time":"2025-03-31T16:15:41+08:00"}
{"event":"get all categories","level":"info","msg":"Success to get all categories","time":"2025-03-31T16:15:46+08:00"}
{"event":"get all categories","level":"info","msg":"Success to get all categories","time":"2025-03-31T16:15:46+08:00"}
{"event":"get get articleCategoryList by categoryId","level":"info","msg":"Success to get articleCategoryList by categoryId","time":"2025-03-31T16:15:46+08:00"}
{"event":"get get articleCategoryList by categoryId","level":"info","msg":"Success to get articleCategoryList by categoryId","time":"2025-03-31T16:15:46+08:00"}
{"event":"get a articleDTO by id","level":"info","msg":"Success","time":"2025-03-31T16:15:46+08:00"}
{"event":"get a articleDTO by id","level":"info","msg":"Success","time":"2025-03-31T16:15:46+08:00"}
{"event":"get a articleDTO by id","level":"info","msg":"Success","time":"2025-03-31T16:15:46+08:00"}
{"event":"get a articleDTO by id","level":"info","msg":"Success","time":"2025-03-31T16:15:46+08:00"}
{"event":"get a articleDTO by id","level":"info","msg":"Success","time":"2025-03-31T16:15:46+08:00"}
{"event":"get get articleCategoryList by categoryId","level":"info","msg":"Success to get articleCategoryList by categoryId","time":"2025-03-31T16:15:46+08:00"}
{"event":"get a articleDTO by id","level":"info","msg":"Success","time":"2025-03-31T16:15:46+08:00"}
{"event":"get get articleCategoryList by categoryId","level":"info","msg":"Success to get articleCategoryList by categoryId","time":"2025-03-31T16:15:46+08:00"}
{"event":"get a articleDTO by id","level":"info","msg":"Success","time":"2025-03-31T16:15:46+08:00"}
{"event":"get a articleDTO by id","level":"info","msg":"Success","time":"2025-03-31T16:15:46+08:00"}
{"event":"get a articleDTO by id","level":"info","msg":"Success","time":"2025-03-31T16:15:46+08:00"}
{"event":"get a articleDTO by id","level":"info","msg":"Success","time":"2025-03-31T16:15:46+08:00"}
{"event":"get a articleDTO by id","level":"info","msg":"Success","time":"2025-03-31T16:15:46+08:00"}
{"event":"get a articleDTO by id","level":"info","msg":"Success","time":"2025-03-31T16:15:46+08:00"}
{"event":"get all categories","level":"info","msg":"Success to get all categories","time":"2025-03-31T16:15:47+08:00"}
{"event":"get all categories","level":"info","msg":"Success to get all categories","time":"2025-03-31T16:15:47+08:00"}
{"event":"get all categories","level":"info","msg":"Success to get all categories","time":"2025-03-31T16:15:48+08:00"}
{"event":"get all categories","level":"info","msg":"Success to get all categories","time":"2025-03-31T16:15:48+08:00"}
{"event":"get get articleCategoryList by categoryId","level":"info","msg":"Success to get articleCategoryList by categoryId","time":"2025-03-31T16:15:48+08:00"}
{"event":"get get articleCategoryList by categoryId","level":"info","msg":"Success to get articleCategoryList by categoryId","time":"2025-03-31T16:15:48+08:00"}
{"event":"get a articleDTO by id","level":"info","msg":"Success","time":"2025-03-31T16:15:48+08:00"}
{"event":"get a articleDTO by id","level":"info","msg":"Success","time":"2025-03-31T16:15:48+08:00"}
{"event":"get a articleDTO by id","level":"info","msg":"Success","time":"2025-03-31T16:15:48+08:00"}
{"event":"get a articleDTO by id","level":"info","msg":"Success","time":"2025-03-31T16:15:48+08:00"}
{"event":"get a articleDTO by id","level":"info","msg":"Success","time":"2025-03-31T16:15:48+08:00"}
{"event":"get a articleDTO by id","level":"info","msg":"Success","time":"2025-03-31T16:15:48+08:00"}
{"event":"get get articleCategoryList by categoryId","level":"info","msg":"Success to get articleCategoryList by categoryId","time":"2025-03-31T16:15:48+08:00"}
{"event":"get a articleDTO by id","level":"info","msg":"Success","time":"2025-03-31T16:15:48+08:00"}
{"event":"get a articleDTO by id","level":"info","msg":"Success","time":"2025-03-31T16:15:48+08:00"}
{"event":"get get articleCategoryList by categoryId","level":"info","msg":"Success to get articleCategoryList by categoryId","time":"2025-03-31T16:15:48+08:00"}
{"event":"get a articleDTO by id","level":"info","msg":"Success","time":"2025-03-31T16:15:48+08:00"}
{"event":"get get articleCategoryList by categoryId","level":"info","msg":"Success to get articleCategoryList by categoryId","time":"2025-03-31T16:15:48+08:00"}
{"event":"get a articleDTO by id","level":"info","msg":"Success","time":"2025-03-31T16:15:48+08:00"}
{"event":"get a articleDTO by id","level":"info","msg":"Success","time":"2025-03-31T16:15:48+08:00"}
{"event":"get a articleDTO by id","level":"info","msg":"Success","time":"2025-03-31T16:15:48+08:00"}
{"event":"get a articleDTO by id","level":"info","msg":"Success","time":"2025-03-31T16:15:48+08:00"}
{"event":"get a articleDTO by id","level":"info","msg":"Success","time":"2025-03-31T16:15:48+08:00"}
{"event":"get get articleCategoryList by categoryId","level":"info","msg":"Success to get articleCategoryList by categoryId","time":"2025-03-31T16:15:48+08:00"}
{"event":"get a articleDTO by id","level":"info","msg":"Success","time":"2025-03-31T16:15:48+08:00"}
{"event":"get a articleDTO by id","level":"info","msg":"Success","time":"2025-03-31T16:15:48+08:00"}
{"event":"get a articleDTO by id","level":"info","msg":"Success","time":"2025-03-31T16:15:48+08:00"}
{"event":"get a articleDTO by id","level":"info","msg":"Success","time":"2025-03-31T16:15:48+08:00"}
{"event":"get all categories","level":"info","msg":"Success to get all categories","time":"2025-03-31T16:15:54+08:00"}
{"event":"get all categories","level":"info","msg":"Success to get all categories","time":"2025-03-31T16:15:54+08:00"}
{"event":"get get articleCategoryList by categoryId","level":"info","msg":"Success to get articleCategoryList by categoryId","time":"2025-03-31T16:15:54+08:00"}
{"event":"get get articleCategoryList by categoryId","level":"info","msg":"Success to get articleCategoryList by categoryId","time":"2025-03-31T16:15:54+08:00"}
{"event":"get a articleDTO by id","level":"info","msg":"Success","time":"2025-03-31T16:15:54+08:00"}
{"event":"get a articleDTO by id","level":"info","msg":"Success","time":"2025-03-31T16:15:54+08:00"}
{"event":"get a articleDTO by id","level":"info","msg":"Success","time":"2025-03-31T16:15:54+08:00"}
{"event":"get a articleDTO by id","level":"info","msg":"Success","time":"2025-03-31T16:15:54+08:00"}
{"event":"get a articleDTO by id","level":"info","msg":"Success","time":"2025-03-31T16:15:54+08:00"}
{"event":"get a articleDTO by id","level":"info","msg":"Success","time":"2025-03-31T16:15:54+08:00"}
{"event":"get get articleCategoryList by categoryId","level":"info","msg":"Success to get articleCategoryList by categoryId","time":"2025-03-31T16:15:54+08:00"}
{"event":"get a articleDTO by id","level":"info","msg":"Success","time":"2025-03-31T16:15:54+08:00"}
{"event":"get a articleDTO by id","level":"info","msg":"Success","time":"2025-03-31T16:15:54+08:00"}
{"event":"get get articleCategoryList by categoryId","level":"info","msg":"Success to get articleCategoryList by categoryId","time":"2025-03-31T16:15:54+08:00"}
{"event":"get a articleDTO by id","level":"info","msg":"Success","time":"2025-03-31T16:15:54+08:00"}
{"event":"get a articleDTO by id","level":"info","msg":"Success","time":"2025-03-31T16:15:54+08:00"}
{"event":"get get articleCategoryList by categoryId","level":"info","msg":"Success to get articleCategoryList by categoryId","time":"2025-03-31T16:15:54+08:00"}
{"event":"get a articleDTO by id","level":"info","msg":"Success","time":"2025-03-31T16:15:54+08:00"}
{"event":"get a articleDTO by id","level":"info","msg":"Success","time":"2025-03-31T16:15:54+08:00"}
{"event":"get a articleDTO by id","level":"info","msg":"Success","time":"2025-03-31T16:15:54+08:00"}
{"event":"get a articleDTO by id","level":"info","msg":"Success","time":"2025-03-31T16:15:54+08:00"}
{"event":"get get articleCategoryList by categoryId","level":"info","msg":"Success to get articleCategoryList by categoryId","time":"2025-03-31T16:15:54+08:00"}
{"event":"get a articleDTO by id","level":"info","msg":"Success","time":"2025-03-31T16:15:54+08:00"}
{"event":"get a articleDTO by id","level":"info","msg":"Success","time":"2025-03-31T16:15:54+08:00"}
{"event":"get a articleDTO by id","level":"info","msg":"Success","time":"2025-03-31T16:15:54+08:00"}
{"event":"get a articleDTO by id","level":"info","msg":"Success","time":"2025-03-31T16:15:54+08:00"}
{"event":"get all categories","level":"info","msg":"Success to get all categories","time":"2025-03-31T16:15:55+08:00"}
{"event":"get all categories","level":"info","msg":"Success to get all categories","time":"2025-03-31T16:15:55+08:00"}
{"event":"get get articleCategoryList by categoryId","level":"info","msg":"Success to get articleCategoryList by categoryId","time":"2025-03-31T16:15:55+08:00"}
{"event":"get get articleCategoryList by categoryId","level":"info","msg":"Success to get articleCategoryList by categoryId","time":"2025-03-31T16:15:55+08:00"}
{"event":"get a articleDTO by id","level":"info","msg":"Success","time":"2025-03-31T16:15:55+08:00"}
{"event":"get a articleDTO by id","level":"info","msg":"Success","time":"2025-03-31T16:15:55+08:00"}
{"event":"get a articleDTO by id","level":"info","msg":"Success","time":"2025-03-31T16:15:55+08:00"}
{"event":"get a articleDTO by id","level":"info","msg":"Success","time":"2025-03-31T16:15:55+08:00"}
{"event":"get get articleCategoryList by categoryId","level":"info","msg":"Success to get articleCategoryList by categoryId","time":"2025-03-31T16:15:55+08:00"}
{"event":"get a articleDTO by id","level":"info","msg":"Success","time":"2025-03-31T16:15:55+08:00"}
{"event":"get a articleDTO by id","level":"info","msg":"Success","time":"2025-03-31T16:15:55+08:00"}
{"event":"get a articleDTO by id","level":"info","msg":"Success","time":"2025-03-31T16:15:55+08:00"}
{"event":"get a articleDTO by id","level":"info","msg":"Success","time":"2025-03-31T16:15:55+08:00"}
{"event":"get get articleCategoryList by categoryId","level":"info","msg":"Success to get articleCategoryList by categoryId","time":"2025-03-31T16:15:55+08:00"}
{"event":"get get articleCategoryList by categoryId","level":"info","msg":"Success to get articleCategoryList by categoryId","time":"2025-03-31T16:15:55+08:00"}
{"event":"get a articleDTO by id","level":"info","msg":"Success","time":"2025-03-31T16:15:55+08:00"}
{"event":"get a articleDTO by id","level":"info","msg":"Success","time":"2025-03-31T16:15:55+08:00"}
{"event":"get a articleDTO by id","level":"info","msg":"Success","time":"2025-03-31T16:15:55+08:00"}
{"event":"get a articleDTO by id","level":"info","msg":"Success","time":"2025-03-31T16:15:55+08:00"}
{"event":"get a articleDTO by id","level":"info","msg":"Success","time":"2025-03-31T16:15:55+08:00"}
{"event":"get a articleDTO by id","level":"info","msg":"Success","time":"2025-03-31T16:15:55+08:00"}
{"event":"get get articleCategoryList by categoryId","level":"info","msg":"Success to get articleCategoryList by categoryId","time":"2025-03-31T16:15:55+08:00"}
{"event":"get a articleDTO by id","level":"info","msg":"Success","time":"2025-03-31T16:15:55+08:00"}
{"event":"get a articleDTO by id","level":"info","msg":"Success","time":"2025-03-31T16:15:55+08:00"}
{"event":"get a articleDTO by id","level":"info","msg":"Success","time":"2025-03-31T16:15:55+08:00"}
{"event":"get a articleDTO by id","level":"info","msg":"Success","time":"2025-03-31T16:15:55+08:00"}
{"event":"get all categories","level":"info","msg":"Success to get all categories","time":"2025-03-31T16:15:56+08:00"}
{"event":"get all categories","level":"info","msg":"Success to get all categories","time":"2025-03-31T16:15:56+08:00"}
{"event":"get get articleCategoryList by categoryId","level":"info","msg":"Success to get articleCategoryList by categoryId","time":"2025-03-31T16:15:57+08:00"}
{"event":"get a articleDTO by id","level":"info","msg":"Success","time":"2025-03-31T16:15:57+08:00"}
{"event":"get a articleDTO by id","level":"info","msg":"Success","time":"2025-03-31T16:15:57+08:00"}
{"event":"get a articleDTO by id","level":"info","msg":"Success","time":"2025-03-31T16:15:57+08:00"}
{"event":"get a articleDTO by id","level":"info","msg":"Success","time":"2025-03-31T16:15:57+08:00"}
{"event":"get get articleCategoryList by categoryId","level":"info","msg":"Success to get articleCategoryList by categoryId","time":"2025-03-31T16:15:57+08:00"}
{"event":"get a articleDTO by id","level":"info","msg":"Success","time":"2025-03-31T16:15:57+08:00"}
{"event":"get a articleDTO by id","level":"info","msg":"Success","time":"2025-03-31T16:15:57+08:00"}
{"event":"get a articleDTO by id","level":"info","msg":"Success","time":"2025-03-31T16:15:57+08:00"}
{"event":"get a articleDTO by id","level":"info","msg":"Success","time":"2025-03-31T16:15:57+08:00"}
{"event":"get a articleDTOs by userId","level":"info","msg":"Success","time":"2025-03-31T16:16:00+08:00"}
{"event":"get a articleDTOs by userId","level":"info","msg":"Success","time":"2025-03-31T16:16:00+08:00"}
{"event":"get a articleDTOs by userId","level":"info","msg":"Success","time":"2025-03-31T16:16:05+08:00"}
{"event":"get a articleDTOs by userId","level":"info","msg":"Success","time":"2025-03-31T16:16:06+08:00"}
{"event":"get all categories","level":"info","msg":"Success to get all categories","time":"2025-03-31T16:16:10+08:00"}
{"event":"get all categories","level":"info","msg":"Success to get all categories","time":"2025-03-31T16:16:10+08:00"}
{"event":"get get articleCategoryList by categoryId","level":"info","msg":"Success to get articleCategoryList by categoryId","time":"2025-03-31T16:16:10+08:00"}
{"event":"get get articleCategoryList by categoryId","level":"info","msg":"Success to get articleCategoryList by categoryId","time":"2025-03-31T16:16:10+08:00"}
{"event":"get a articleDTO by id","level":"info","msg":"Success","time":"2025-03-31T16:16:10+08:00"}
{"event":"get a articleDTO by id","level":"info","msg":"Success","time":"2025-03-31T16:16:10+08:00"}
{"event":"get a articleDTO by id","level":"info","msg":"Success","time":"2025-03-31T16:16:10+08:00"}
{"event":"get a articleDTO by id","level":"info","msg":"Success","time":"2025-03-31T16:16:10+08:00"}
{"event":"get a articleDTO by id","level":"info","msg":"Success","time":"2025-03-31T16:16:10+08:00"}
{"event":"get a articleDTO by id","level":"info","msg":"Success","time":"2025-03-31T16:16:10+08:00"}
{"event":"get get articleCategoryList by categoryId","level":"info","msg":"Success to get articleCategoryList by categoryId","time":"2025-03-31T16:16:10+08:00"}
{"event":"get a articleDTO by id","level":"info","msg":"Success","time":"2025-03-31T16:16:10+08:00"}
{"event":"get get articleCategoryList by categoryId","level":"info","msg":"Success to get articleCategoryList by categoryId","time":"2025-03-31T16:16:10+08:00"}
{"event":"get a articleDTO by id","level":"info","msg":"Success","time":"2025-03-31T16:16:10+08:00"}
{"event":"get a articleDTO by id","level":"info","msg":"Success","time":"2025-03-31T16:16:10+08:00"}
{"event":"get a articleDTO by id","level":"info","msg":"Success","time":"2025-03-31T16:16:10+08:00"}
{"event":"get a articleDTO by id","level":"info","msg":"Success","time":"2025-03-31T16:16:10+08:00"}
{"event":"get get articleCategoryList by categoryId","level":"info","msg":"Success to get articleCategoryList by categoryId","time":"2025-03-31T16:16:10+08:00"}
{"event":"get a articleDTO by id","level":"info","msg":"Success","time":"2025-03-31T16:16:10+08:00"}
{"event":"get a articleDTO by id","level":"info","msg":"Success","time":"2025-03-31T16:16:10+08:00"}
{"event":"get a articleDTO by id","level":"info","msg":"Success","time":"2025-03-31T16:16:10+08:00"}
{"event":"get get articleCategoryList by categoryId","level":"info","msg":"Success to get articleCategoryList by categoryId","time":"2025-03-31T16:16:10+08:00"}
{"event":"get a articleDTO by id","level":"info","msg":"Success","time":"2025-03-31T16:16:10+08:00"}
{"event":"get a articleDTO by id","level":"info","msg":"Success","time":"2025-03-31T16:16:10+08:00"}
{"event":"get a articleDTO by id","level":"info","msg":"Success","time":"2025-03-31T16:16:10+08:00"}
{"event":"get a articleDTO by id","level":"info","msg":"Success","time":"2025-03-31T16:16:10+08:00"}
{"event":"get a articleDTOs by keywords","level":"info","msg":"Success","time":"2025-03-31T16:16:59+08:00"}
{"event":"get a articleDTOs by keywords","level":"info","msg":"Success","time":"2025-03-31T16:16:59+08:00"}
{"event":"get a articleDTOs by keywords","level":"info","msg":"Success","time":"2025-03-31T16:16:59+08:00"}
{"event":"get a articleDTOs by keywords","level":"info","msg":"Success","time":"2025-03-31T16:17:02+08:00"}
{"event":"get a articleDTOs by keywords","level":"info","msg":"Success","time":"2025-03-31T16:17:02+08:00"}
{"event":"get a articleDTOs by keywords","level":"info","msg":"Success","time":"2025-03-31T16:17:02+08:00"}
{"event":"get a articleDTOs by keywords","level":"info","msg":"Success","time":"2025-03-31T16:17:02+08:00"}
{"event":"get a article by id","level":"info","msg":"Success","time":"2025-03-31T16:17:08+08:00"}
{"event":"get a article by id","level":"info","msg":"Success","time":"2025-03-31T16:17:08+08:00"}
{"event":"get all categories","level":"info","msg":"Success to get all categories","time":"2025-03-31T16:17:10+08:00"}
{"event":"get all categories","level":"info","msg":"Success to get all categories","time":"2025-03-31T16:17:10+08:00"}
{"event":"get get articleCategoryList by categoryId","level":"info","msg":"Success to get articleCategoryList by categoryId","time":"2025-03-31T16:17:10+08:00"}
{"event":"get get articleCategoryList by categoryId","level":"info","msg":"Success to get articleCategoryList by categoryId","time":"2025-03-31T16:17:10+08:00"}
{"event":"get a articleDTO by id","level":"info","msg":"Success","time":"2025-03-31T16:17:10+08:00"}
{"event":"get a articleDTO by id","level":"info","msg":"Success","time":"2025-03-31T16:17:10+08:00"}
{"event":"get a articleDTO by id","level":"info","msg":"Success","time":"2025-03-31T16:17:10+08:00"}
{"event":"get a articleDTO by id","level":"info","msg":"Success","time":"2025-03-31T16:17:10+08:00"}
{"event":"get a articleDTO by id","level":"info","msg":"Success","time":"2025-03-31T16:17:10+08:00"}
{"event":"get a articleDTO by id","level":"info","msg":"Success","time":"2025-03-31T16:17:10+08:00"}
{"event":"get get articleCategoryList by categoryId","level":"info","msg":"Success to get articleCategoryList by categoryId","time":"2025-03-31T16:17:10+08:00"}
{"event":"get a articleDTO by id","level":"info","msg":"Success","time":"2025-03-31T16:17:10+08:00"}
{"event":"get a articleDTO by id","level":"info","msg":"Success","time":"2025-03-31T16:17:10+08:00"}
{"event":"get get articleCategoryList by categoryId","level":"info","msg":"Success to get articleCategoryList by categoryId","time":"2025-03-31T16:17:10+08:00"}
{"event":"get a articleDTO by id","level":"info","msg":"Success","time":"2025-03-31T16:17:10+08:00"}
{"event":"get get articleCategoryList by categoryId","level":"info","msg":"Success to get articleCategoryList by categoryId","time":"2025-03-31T16:17:10+08:00"}
{"event":"get a articleDTO by id","level":"info","msg":"Success","time":"2025-03-31T16:17:10+08:00"}
{"event":"get a articleDTO by id","level":"info","msg":"Success","time":"2025-03-31T16:17:10+08:00"}
{"event":"get a articleDTO by id","level":"info","msg":"Success","time":"2025-03-31T16:17:10+08:00"}
{"event":"get a articleDTO by id","level":"info","msg":"Success","time":"2025-03-31T16:17:10+08:00"}
{"event":"get a articleDTO by id","level":"info","msg":"Success","time":"2025-03-31T16:17:10+08:00"}
{"event":"get get articleCategoryList by categoryId","level":"info","msg":"Success to get articleCategoryList by categoryId","time":"2025-03-31T16:17:10+08:00"}
{"event":"get a articleDTO by id","level":"info","msg":"Success","time":"2025-03-31T16:17:10+08:00"}
{"event":"get a articleDTO by id","level":"info","msg":"Success","time":"2025-03-31T16:17:10+08:00"}
{"event":"get a articleDTO by id","level":"info","msg":"Success","time":"2025-03-31T16:17:10+08:00"}
{"event":"get a articleDTO by id","level":"info","msg":"Success","time":"2025-03-31T16:17:10+08:00"}
{"event":"get a articleDTOs by userId","level":"info","msg":"Success","time":"2025-03-31T16:18:01+08:00"}
{"event":"get a articleDTOs by userId","level":"info","msg":"Success","time":"2025-03-31T16:18:01+08:00"}
{"event":"get a articleDTOs by userId","level":"info","msg":"Success","time":"2025-03-31T16:18:03+08:00"}
{"event":"get all categories","level":"info","msg":"Success to get all categories","time":"2025-03-31T16:18:15+08:00"}
{"event":"get all categories","level":"info","msg":"Success to get all categories","time":"2025-03-31T16:18:15+08:00"}
{"event":"get get articleCategoryList by categoryId","level":"info","msg":"Success to get articleCategoryList by categoryId","time":"2025-03-31T16:18:15+08:00"}
{"event":"get get articleCategoryList by categoryId","level":"info","msg":"Success to get articleCategoryList by categoryId","time":"2025-03-31T16:18:15+08:00"}
{"event":"get a articleDTO by id","level":"info","msg":"Success","time":"2025-03-31T16:18:15+08:00"}
{"event":"get a articleDTO by id","level":"info","msg":"Success","time":"2025-03-31T16:18:15+08:00"}
{"event":"get a articleDTO by id","level":"info","msg":"Success","time":"2025-03-31T16:18:15+08:00"}
{"event":"get a articleDTO by id","level":"info","msg":"Success","time":"2025-03-31T16:18:15+08:00"}
{"event":"get a articleDTO by id","level":"info","msg":"Success","time":"2025-03-31T16:18:15+08:00"}
{"event":"get a articleDTO by id","level":"info","msg":"Success","time":"2025-03-31T16:18:15+08:00"}
{"event":"get get articleCategoryList by categoryId","level":"info","msg":"Success to get articleCategoryList by categoryId","time":"2025-03-31T16:18:15+08:00"}
{"event":"get a articleDTO by id","level":"info","msg":"Success","time":"2025-03-31T16:18:15+08:00"}
{"event":"get a articleDTO by id","level":"info","msg":"Success","time":"2025-03-31T16:18:15+08:00"}
{"event":"get get articleCategoryList by categoryId","level":"info","msg":"Success to get articleCategoryList by categoryId","time":"2025-03-31T16:18:15+08:00"}
{"event":"get a articleDTO by id","level":"info","msg":"Success","time":"2025-03-31T16:18:15+08:00"}
{"event":"get a articleDTO by id","level":"info","msg":"Success","time":"2025-03-31T16:18:15+08:00"}
{"event":"get get articleCategoryList by categoryId","level":"info","msg":"Success to get articleCategoryList by categoryId","time":"2025-03-31T16:18:15+08:00"}
{"event":"get a articleDTO by id","level":"info","msg":"Success","time":"2025-03-31T16:18:15+08:00"}
{"event":"get a articleDTO by id","level":"info","msg":"Success","time":"2025-03-31T16:18:15+08:00"}
{"event":"get a articleDTO by id","level":"info","msg":"Success","time":"2025-03-31T16:18:15+08:00"}
{"event":"get a articleDTO by id","level":"info","msg":"Success","time":"2025-03-31T16:18:15+08:00"}
{"event":"get get articleCategoryList by categoryId","level":"info","msg":"Success to get articleCategoryList by categoryId","time":"2025-03-31T16:18:15+08:00"}
{"event":"get a articleDTO by id","level":"info","msg":"Success","time":"2025-03-31T16:18:15+08:00"}
{"event":"get a articleDTO by id","level":"info","msg":"Success","time":"2025-03-31T16:18:15+08:00"}
{"event":"get a articleDTO by id","level":"info","msg":"Success","time":"2025-03-31T16:18:15+08:00"}
{"event":"get a articleDTO by id","level":"info","msg":"Success","time":"2025-03-31T16:18:15+08:00"}
{"event":"get a articleDTOs by userId","level":"info","msg":"Success","time":"2025-03-31T16:31:11+08:00"}
{"event":"get a articleDTOs by userId","level":"info","msg":"Success","time":"2025-03-31T16:31:11+08:00"}
{"event":"get a articleDTOs by userId","level":"info","msg":"Success","time":"2025-03-31T16:31:13+08:00"}
{"event":"get a articleDTOs by userId","level":"info","msg":"Success","time":"2025-03-31T16:31:14+08:00"}
{"event":"get all categories","level":"info","msg":"Success to get all categories","time":"2025-03-31T16:31:25+08:00"}
{"event":"get all categories","level":"info","msg":"Success to get all categories","time":"2025-03-31T16:31:25+08:00"}
{"event":"get get articleCategoryList by categoryId","level":"info","msg":"Success to get articleCategoryList by categoryId","time":"2025-03-31T16:31:25+08:00"}
{"event":"get get articleCategoryList by categoryId","level":"info","msg":"Success to get articleCategoryList by categoryId","time":"2025-03-31T16:31:25+08:00"}
{"event":"get a articleDTO by id","level":"info","msg":"Success","time":"2025-03-31T16:31:25+08:00"}
{"event":"get a articleDTO by id","level":"info","msg":"Success","time":"2025-03-31T16:31:25+08:00"}
{"event":"get a articleDTO by id","level":"info","msg":"Success","time":"2025-03-31T16:31:25+08:00"}
{"event":"get a articleDTO by id","level":"info","msg":"Success","time":"2025-03-31T16:31:25+08:00"}
{"event":"get a articleDTO by id","level":"info","msg":"Success","time":"2025-03-31T16:31:25+08:00"}
{"event":"get a articleDTO by id","level":"info","msg":"Success","time":"2025-03-31T16:31:25+08:00"}
{"event":"get get articleCategoryList by categoryId","level":"info","msg":"Success to get articleCategoryList by categoryId","time":"2025-03-31T16:31:25+08:00"}
{"event":"get a articleDTO by id","level":"info","msg":"Success","time":"2025-03-31T16:31:25+08:00"}
{"event":"get get articleCategoryList by categoryId","level":"info","msg":"Success to get articleCategoryList by categoryId","time":"2025-03-31T16:31:25+08:00"}
{"event":"get a articleDTO by id","level":"info","msg":"Success","time":"2025-03-31T16:31:25+08:00"}
{"event":"get a articleDTO by id","level":"info","msg":"Success","time":"2025-03-31T16:31:25+08:00"}
{"event":"get get articleCategoryList by categoryId","level":"info","msg":"Success to get articleCategoryList by categoryId","time":"2025-03-31T16:31:25+08:00"}
{"event":"get a articleDTO by id","level":"info","msg":"Success","time":"2025-03-31T16:31:25+08:00"}
{"event":"get a articleDTO by id","level":"info","msg":"Success","time":"2025-03-31T16:31:25+08:00"}
{"event":"get a articleDTO by id","level":"info","msg":"Success","time":"2025-03-31T16:31:25+08:00"}
{"event":"get a articleDTO by id","level":"info","msg":"Success","time":"2025-03-31T16:31:25+08:00"}
{"event":"get a articleDTO by id","level":"info","msg":"Success","time":"2025-03-31T16:31:25+08:00"}
{"event":"get get articleCategoryList by categoryId","level":"info","msg":"Success to get articleCategoryList by categoryId","time":"2025-03-31T16:31:25+08:00"}
{"event":"get a articleDTO by id","level":"info","msg":"Success","time":"2025-03-31T16:31:25+08:00"}
{"event":"get a articleDTO by id","level":"info","msg":"Success","time":"2025-03-31T16:31:25+08:00"}
{"event":"get a articleDTO by id","level":"info","msg":"Success","time":"2025-03-31T16:31:25+08:00"}
{"event":"get a articleDTO by id","level":"info","msg":"Success","time":"2025-03-31T16:31:25+08:00"}
{"event":"get all categories","level":"info","msg":"Success to get all categories","time":"2025-03-31T16:31:41+08:00"}
{"event":"get all categories","level":"info","msg":"Success to get all categories","time":"2025-03-31T16:31:41+08:00"}
{"event":"get get articleCategoryList by categoryId","level":"info","msg":"Success to get articleCategoryList by categoryId","time":"2025-03-31T16:31:41+08:00"}
{"event":"get get articleCategoryList by categoryId","level":"info","msg":"Success to get articleCategoryList by categoryId","time":"2025-03-31T16:31:41+08:00"}
{"event":"get a articleDTO by id","level":"info","msg":"Success","time":"2025-03-31T16:31:41+08:00"}
{"event":"get a articleDTO by id","level":"info","msg":"Success","time":"2025-03-31T16:31:41+08:00"}
{"event":"get a articleDTO by id","level":"info","msg":"Success","time":"2025-03-31T16:31:41+08:00"}
{"event":"get a articleDTO by id","level":"info","msg":"Success","time":"2025-03-31T16:31:41+08:00"}
{"event":"get a articleDTO by id","level":"info","msg":"Success","time":"2025-03-31T16:31:41+08:00"}
{"event":"get a articleDTO by id","level":"info","msg":"Success","time":"2025-03-31T16:31:41+08:00"}
{"event":"get get articleCategoryList by categoryId","level":"info","msg":"Success to get articleCategoryList by categoryId","time":"2025-03-31T16:31:41+08:00"}
{"event":"get get articleCategoryList by categoryId","level":"info","msg":"Success to get articleCategoryList by categoryId","time":"2025-03-31T16:31:41+08:00"}
{"event":"get a articleDTO by id","level":"info","msg":"Success","time":"2025-03-31T16:31:41+08:00"}
{"event":"get a articleDTO by id","level":"info","msg":"Success","time":"2025-03-31T16:31:41+08:00"}
{"event":"get a articleDTO by id","level":"info","msg":"Success","time":"2025-03-31T16:31:41+08:00"}
{"event":"get a articleDTO by id","level":"info","msg":"Success","time":"2025-03-31T16:31:41+08:00"}
{"event":"get a articleDTO by id","level":"info","msg":"Success","time":"2025-03-31T16:31:41+08:00"}
{"event":"get a articleDTO by id","level":"info","msg":"Success","time":"2025-03-31T16:31:41+08:00"}
{"event":"get all categories","level":"info","msg":"Success to get all categories","time":"2025-03-31T16:31:57+08:00"}
{"event":"get all categories","level":"info","msg":"Success to get all categories","time":"2025-03-31T16:31:57+08:00"}
{"event":"get get articleCategoryList by categoryId","level":"info","msg":"Success to get articleCategoryList by categoryId","time":"2025-03-31T16:31:57+08:00"}
{"event":"get get articleCategoryList by categoryId","level":"info","msg":"Success to get articleCategoryList by categoryId","time":"2025-03-31T16:31:57+08:00"}
{"event":"get a articleDTO by id","level":"info","msg":"Success","time":"2025-03-31T16:31:57+08:00"}
{"event":"get a articleDTO by id","level":"info","msg":"Success","time":"2025-03-31T16:31:57+08:00"}
{"event":"get a articleDTO by id","level":"info","msg":"Success","time":"2025-03-31T16:31:57+08:00"}
{"event":"get a articleDTO by id","level":"info","msg":"Success","time":"2025-03-31T16:31:57+08:00"}
{"event":"get a articleDTO by id","level":"info","msg":"Success","time":"2025-03-31T16:31:57+08:00"}
{"event":"get get articleCategoryList by categoryId","level":"info","msg":"Success to get articleCategoryList by categoryId","time":"2025-03-31T16:31:57+08:00"}
{"event":"get a articleDTO by id","level":"info","msg":"Success","time":"2025-03-31T16:31:57+08:00"}
{"event":"get a articleDTO by id","level":"info","msg":"Success","time":"2025-03-31T16:31:57+08:00"}
{"event":"get get articleCategoryList by categoryId","level":"info","msg":"Success to get articleCategoryList by categoryId","time":"2025-03-31T16:31:57+08:00"}
{"event":"get a articleDTO by id","level":"info","msg":"Success","time":"2025-03-31T16:31:57+08:00"}
{"event":"get a articleDTO by id","level":"info","msg":"Success","time":"2025-03-31T16:31:57+08:00"}
{"event":"get a articleDTO by id","level":"info","msg":"Success","time":"2025-03-31T16:31:57+08:00"}
{"event":"get a articleDTO by id","level":"info","msg":"Success","time":"2025-03-31T16:31:57+08:00"}
{"event":"get a articleDTO by id","level":"info","msg":"Success","time":"2025-03-31T16:31:57+08:00"}
{"event":"get a article by id","level":"info","msg":"Success","time":"2025-03-31T16:38:16+08:00"}
{"event":"get a article by id","level":"info","msg":"Success","time":"2025-03-31T16:38:16+08:00"}
{"event":"get a article by id","level":"info","msg":"Success","time":"2025-03-31T16:38:19+08:00"}
{"event":"get a article by id","level":"info","msg":"Success","time":"2025-03-31T16:38:19+08:00"}
{"event":"get a articleDTOs by userId","level":"info","msg":"Success","time":"2025-03-31T16:38:21+08:00"}
{"event":"get a articleDTOs by userId","level":"info","msg":"Success","time":"2025-03-31T16:38:21+08:00"}
{"event":"get a articleDTOs by userId","level":"info","msg":"Success","time":"2025-03-31T16:39:04+08:00"}
{"event":"get a articleDTOs by userId","level":"info","msg":"Success","time":"2025-03-31T16:39:06+08:00"}
{"event":"get a articleDTOs by userId","level":"info","msg":"Success","time":"2025-03-31T16:39:06+08:00"}
{"event":"get all categories","level":"info","msg":"Success to get all categories","time":"2025-03-31T18:56:03+08:00"}
{"event":"get all categories","level":"info","msg":"Success to get all categories","time":"2025-03-31T18:56:03+08:00"}
{"event":"get get articleCategoryList by categoryId","level":"info","msg":"Success to get articleCategoryList by categoryId","time":"2025-03-31T18:56:03+08:00"}
{"event":"get get articleCategoryList by categoryId","level":"info","msg":"Success to get articleCategoryList by categoryId","time":"2025-03-31T18:56:03+08:00"}
{"event":"get a articleDTO by id","level":"info","msg":"Success","time":"2025-03-31T18:56:03+08:00"}
{"event":"get a articleDTO by id","level":"info","msg":"Success","time":"2025-03-31T18:56:03+08:00"}
{"event":"get a articleDTO by id","level":"info","msg":"Success","time":"2025-03-31T18:56:03+08:00"}
{"event":"get a articleDTO by id","level":"info","msg":"Success","time":"2025-03-31T18:56:03+08:00"}
{"event":"get get articleCategoryList by categoryId","level":"info","msg":"Success to get articleCategoryList by categoryId","time":"2025-03-31T18:56:03+08:00"}
{"event":"get a articleDTO by id","level":"info","msg":"Success","time":"2025-03-31T18:56:03+08:00"}
{"event":"get a articleDTO by id","level":"info","msg":"Success","time":"2025-03-31T18:56:03+08:00"}
{"event":"get a articleDTO by id","level":"info","msg":"Success","time":"2025-03-31T18:56:03+08:00"}
{"event":"get get articleCategoryList by categoryId","level":"info","msg":"Success to get articleCategoryList by categoryId","time":"2025-03-31T18:56:03+08:00"}
{"event":"get a articleDTO by id","level":"info","msg":"Success","time":"2025-03-31T18:56:03+08:00"}
{"event":"get a articleDTO by id","level":"info","msg":"Success","time":"2025-03-31T18:56:03+08:00"}
{"event":"get get articleCategoryList by categoryId","level":"info","msg":"Success to get articleCategoryList by categoryId","time":"2025-03-31T18:56:03+08:00"}
{"event":"get a articleDTO by id","level":"info","msg":"Success","time":"2025-03-31T18:56:03+08:00"}
{"event":"get a articleDTO by id","level":"info","msg":"Success","time":"2025-03-31T18:56:03+08:00"}
{"event":"get a articleDTO by id","level":"info","msg":"Success","time":"2025-03-31T18:56:03+08:00"}
{"event":"get a articleDTO by id","level":"info","msg":"Success","time":"2025-03-31T18:56:03+08:00"}
{"event":"get a articleDTO by id","level":"info","msg":"Success","time":"2025-03-31T18:56:03+08:00"}
{"event":"get get articleCategoryList by categoryId","level":"info","msg":"Success to get articleCategoryList by categoryId","time":"2025-03-31T18:56:03+08:00"}
{"event":"get a articleDTO by id","level":"info","msg":"Success","time":"2025-03-31T18:56:03+08:00"}
{"event":"get a articleDTO by id","level":"info","msg":"Success","time":"2025-03-31T18:56:03+08:00"}
{"event":"get a articleDTO by id","level":"info","msg":"Success","time":"2025-03-31T18:56:03+08:00"}
{"event":"get a articleDTO by id","level":"info","msg":"Success","time":"2025-03-31T18:56:03+08:00"}
{"event":"get a article by id","level":"info","msg":"Success","time":"2025-03-31T19:21:55+08:00"}
{"event":"get a article by id","level":"info","msg":"Success","time":"2025-03-31T19:21:55+08:00"}
{"event":"get all categories","level":"info","msg":"Success to get all categories","time":"2025-03-31T19:22:03+08:00"}
{"event":"get all categories","level":"info","msg":"Success to get all categories","time":"2025-03-31T19:22:03+08:00"}
{"event":"get get articleCategoryList by categoryId","level":"info","msg":"Success to get articleCategoryList by categoryId","time":"2025-03-31T19:22:03+08:00"}
{"event":"get get articleCategoryList by categoryId","level":"info","msg":"Success to get articleCategoryList by categoryId","time":"2025-03-31T19:22:03+08:00"}
{"event":"get a articleDTO by id","level":"info","msg":"Success","time":"2025-03-31T19:22:03+08:00"}
{"event":"get a articleDTO by id","level":"info","msg":"Success","time":"2025-03-31T19:22:03+08:00"}
{"event":"get a articleDTO by id","level":"info","msg":"Success","time":"2025-03-31T19:22:03+08:00"}
{"event":"get a articleDTO by id","level":"info","msg":"Success","time":"2025-03-31T19:22:03+08:00"}
{"event":"get a articleDTO by id","level":"info","msg":"Success","time":"2025-03-31T19:22:03+08:00"}
{"event":"get get articleCategoryList by categoryId","level":"info","msg":"Success to get articleCategoryList by categoryId","time":"2025-03-31T19:22:03+08:00"}
{"event":"get a articleDTO by id","level":"info","msg":"Success","time":"2025-03-31T19:22:03+08:00"}
{"event":"get a articleDTO by id","level":"info","msg":"Success","time":"2025-03-31T19:22:03+08:00"}
{"event":"get get articleCategoryList by categoryId","level":"info","msg":"Success to get articleCategoryList by categoryId","time":"2025-03-31T19:22:03+08:00"}
{"event":"get a articleDTO by id","level":"info","msg":"Success","time":"2025-03-31T19:22:03+08:00"}
{"event":"get a articleDTO by id","level":"info","msg":"Success","time":"2025-03-31T19:22:03+08:00"}
{"event":"get a articleDTO by id","level":"info","msg":"Success","time":"2025-03-31T19:22:03+08:00"}
{"event":"get get articleCategoryList by categoryId","level":"info","msg":"Success to get articleCategoryList by categoryId","time":"2025-03-31T19:22:03+08:00"}
{"event":"get a articleDTO by id","level":"info","msg":"Success","time":"2025-03-31T19:22:03+08:00"}
{"event":"get a articleDTO by id","level":"info","msg":"Success","time":"2025-03-31T19:22:03+08:00"}
{"event":"get a articleDTO by id","level":"info","msg":"Success","time":"2025-03-31T19:22:03+08:00"}
{"event":"get a articleDTO by id","level":"info","msg":"Success","time":"2025-03-31T19:22:03+08:00"}
{"event":"get get articleCategoryList by categoryId","level":"info","msg":"Success to get articleCategoryList by categoryId","time":"2025-03-31T19:22:03+08:00"}
{"event":"get a articleDTO by id","level":"info","msg":"Success","time":"2025-03-31T19:22:03+08:00"}
{"event":"get a articleDTO by id","level":"info","msg":"Success","time":"2025-03-31T19:22:03+08:00"}
{"event":"get a articleDTO by id","level":"info","msg":"Success","time":"2025-03-31T19:22:03+08:00"}
{"event":"get a articleDTO by id","level":"info","msg":"Success","time":"2025-03-31T19:22:03+08:00"}
{"event":"get a articleDTOs by userId","level":"info","msg":"Success","time":"2025-03-31T19:45:16+08:00"}
{"event":"get a articleDTOs by userId","level":"info","msg":"Success","time":"2025-03-31T19:45:16+08:00"}
{"event":"get all categories","level":"info","msg":"Success to get all categories","time":"2025-03-31T19:46:58+08:00"}
{"event":"get all categories","level":"info","msg":"Success to get all categories","time":"2025-03-31T19:46:58+08:00"}
{"event":"get get articleCategoryList by categoryId","level":"info","msg":"Success to get articleCategoryList by categoryId","time":"2025-03-31T19:46:58+08:00"}
{"event":"get get articleCategoryList by categoryId","level":"info","msg":"Success to get articleCategoryList by categoryId","time":"2025-03-31T19:46:58+08:00"}
{"event":"get a articleDTO by id","level":"info","msg":"Success","time":"2025-03-31T19:46:58+08:00"}
{"event":"get a articleDTO by id","level":"info","msg":"Success","time":"2025-03-31T19:46:58+08:00"}
{"event":"get a articleDTO by id","level":"info","msg":"Success","time":"2025-03-31T19:46:58+08:00"}
{"event":"get a articleDTO by id","level":"info","msg":"Success","time":"2025-03-31T19:46:58+08:00"}
{"event":"get get articleCategoryList by categoryId","level":"info","msg":"Success to get articleCategoryList by categoryId","time":"2025-03-31T19:46:58+08:00"}
{"event":"get a articleDTO by id","level":"info","msg":"Success","time":"2025-03-31T19:46:58+08:00"}
{"event":"get a articleDTO by id","level":"info","msg":"Success","time":"2025-03-31T19:46:58+08:00"}
{"event":"get a articleDTO by id","level":"info","msg":"Success","time":"2025-03-31T19:46:58+08:00"}
{"event":"get a articleDTO by id","level":"info","msg":"Success","time":"2025-03-31T19:46:58+08:00"}
{"event":"get get articleCategoryList by categoryId","level":"info","msg":"Success to get articleCategoryList by categoryId","time":"2025-03-31T19:46:58+08:00"}
{"event":"get a articleDTO by id","level":"info","msg":"Success","time":"2025-03-31T19:46:58+08:00"}
{"event":"get get articleCategoryList by categoryId","level":"info","msg":"Success to get articleCategoryList by categoryId","time":"2025-03-31T19:46:58+08:00"}
{"event":"get a articleDTO by id","level":"info","msg":"Success","time":"2025-03-31T19:46:58+08:00"}
{"event":"get a articleDTO by id","level":"info","msg":"Success","time":"2025-03-31T19:46:58+08:00"}
{"event":"get a articleDTO by id","level":"info","msg":"Success","time":"2025-03-31T19:46:58+08:00"}
{"event":"get a articleDTO by id","level":"info","msg":"Success","time":"2025-03-31T19:46:58+08:00"}
{"event":"get a articleDTO by id","level":"info","msg":"Success","time":"2025-03-31T19:46:58+08:00"}
{"event":"get get articleCategoryList by categoryId","level":"info","msg":"Success to get articleCategoryList by categoryId","time":"2025-03-31T19:46:58+08:00"}
{"event":"get a articleDTO by id","level":"info","msg":"Success","time":"2025-03-31T19:46:58+08:00"}
{"event":"get a articleDTO by id","level":"info","msg":"Success","time":"2025-03-31T19:46:58+08:00"}
{"event":"get a articleDTO by id","level":"info","msg":"Success","time":"2025-03-31T19:46:58+08:00"}
{"event":"get a articleDTO by id","level":"info","msg":"Success","time":"2025-03-31T19:46:58+08:00"}
{"event":"get a articleDTOs by keywords","level":"info","msg":"Success","time":"2025-03-31T19:47:09+08:00"}
{"event":"get a articleDTOs by keywords","level":"info","msg":"Success","time":"2025-03-31T19:47:09+08:00"}
{"event":"get a articleDTOs by keywords","level":"info","msg":"Success","time":"2025-03-31T19:47:09+08:00"}
{"event":"get all categories","level":"info","msg":"Success to get all categories","time":"2025-03-31T19:54:28+08:00"}
{"event":"get all categories","level":"info","msg":"Success to get all categories","time":"2025-03-31T19:54:28+08:00"}
{"event":"get get articleCategoryList by categoryId","level":"info","msg":"Success to get articleCategoryList by categoryId","time":"2025-03-31T19:54:28+08:00"}
{"event":"get get articleCategoryList by categoryId","level":"info","msg":"Success to get articleCategoryList by categoryId","time":"2025-03-31T19:54:28+08:00"}
{"event":"get a articleDTO by id","level":"info","msg":"Success","time":"2025-03-31T19:54:28+08:00"}
{"event":"get a articleDTO by id","level":"info","msg":"Success","time":"2025-03-31T19:54:28+08:00"}
{"event":"get a articleDTO by id","level":"info","msg":"Success","time":"2025-03-31T19:54:28+08:00"}
{"event":"get a articleDTO by id","level":"info","msg":"Success","time":"2025-03-31T19:54:28+08:00"}
{"event":"get a articleDTO by id","level":"info","msg":"Success","time":"2025-03-31T19:54:28+08:00"}
{"event":"get a articleDTO by id","level":"info","msg":"Success","time":"2025-03-31T19:54:28+08:00"}
{"event":"get get articleCategoryList by categoryId","level":"info","msg":"Success to get articleCategoryList by categoryId","time":"2025-03-31T19:54:28+08:00"}
{"event":"get a articleDTO by id","level":"info","msg":"Success","time":"2025-03-31T19:54:28+08:00"}
{"event":"get get articleCategoryList by categoryId","level":"info","msg":"Success to get articleCategoryList by categoryId","time":"2025-03-31T19:54:28+08:00"}
{"event":"get a articleDTO by id","level":"info","msg":"Success","time":"2025-03-31T19:54:28+08:00"}
{"event":"get a articleDTO by id","level":"info","msg":"Success","time":"2025-03-31T19:54:28+08:00"}
{"event":"get a articleDTO by id","level":"info","msg":"Success","time":"2025-03-31T19:54:28+08:00"}
{"event":"get a articleDTO by id","level":"info","msg":"Success","time":"2025-03-31T19:54:28+08:00"}
{"event":"get a articleDTO by id","level":"info","msg":"Success","time":"2025-03-31T19:54:28+08:00"}
{"event":"get get articleCategoryList by categoryId","level":"info","msg":"Success to get articleCategoryList by categoryId","time":"2025-03-31T19:54:28+08:00"}
{"event":"get a articleDTO by id","level":"info","msg":"Success","time":"2025-03-31T19:54:28+08:00"}
{"event":"get get articleCategoryList by categoryId","level":"info","msg":"Success to get articleCategoryList by categoryId","time":"2025-03-31T19:54:28+08:00"}
{"event":"get a articleDTO by id","level":"info","msg":"Success","time":"2025-03-31T19:54:28+08:00"}
{"event":"get a articleDTO by id","level":"info","msg":"Success","time":"2025-03-31T19:54:28+08:00"}
{"event":"get a articleDTO by id","level":"info","msg":"Success","time":"2025-03-31T19:54:28+08:00"}
{"event":"get a articleDTO by id","level":"info","msg":"Success","time":"2025-03-31T19:54:28+08:00"}
{"event":"get a articleDTO by id","level":"info","msg":"Success","time":"2025-03-31T19:54:28+08:00"}
{"event":"get a article by id","level":"info","msg":"Success","time":"2025-03-31T19:57:11+08:00"}
{"event":"get a article by id","level":"info","msg":"Success","time":"2025-03-31T19:57:11+08:00"}
{"event":"get a articleDTOs by userId","level":"info","msg":"Success","time":"2025-03-31T19:57:12+08:00"}
{"event":"get a articleDTOs by userId","level":"info","msg":"Success","time":"2025-03-31T19:57:12+08:00"}
{"event":"get a articleDTOs by userId","level":"info","msg":"Success","time":"2025-03-31T20:00:03+08:00"}
{"event":"get a articleDTOs by userId","level":"info","msg":"Success","time":"2025-03-31T20:00:42+08:00"}
{"event":"get a articleDTOs by userId","level":"info","msg":"Success","time":"2025-03-31T20:02:45+08:00"}
{"event":"get all categories","level":"info","msg":"Success to get all categories","time":"2025-03-31T20:07:52+08:00"}
{"event":"get all categories","level":"info","msg":"Success to get all categories","time":"2025-03-31T20:07:52+08:00"}
{"event":"get get articleCategoryList by categoryId","level":"info","msg":"Success to get articleCategoryList by categoryId","time":"2025-03-31T20:07:52+08:00"}
{"event":"get get articleCategoryList by categoryId","level":"info","msg":"Success to get articleCategoryList by categoryId","time":"2025-03-31T20:07:52+08:00"}
{"event":"get a articleDTO by id","level":"info","msg":"Success","time":"2025-03-31T20:07:52+08:00"}
{"event":"get a articleDTO by id","level":"info","msg":"Success","time":"2025-03-31T20:07:52+08:00"}
{"event":"get a articleDTO by id","level":"info","msg":"Success","time":"2025-03-31T20:07:52+08:00"}
{"event":"get a articleDTO by id","level":"info","msg":"Success","time":"2025-03-31T20:07:52+08:00"}
{"event":"get a articleDTO by id","level":"info","msg":"Success","time":"2025-03-31T20:07:52+08:00"}
{"event":"get a articleDTO by id","level":"info","msg":"Success","time":"2025-03-31T20:07:52+08:00"}
{"event":"get get articleCategoryList by categoryId","level":"info","msg":"Success to get articleCategoryList by categoryId","time":"2025-03-31T20:07:52+08:00"}
{"event":"get a articleDTO by id","level":"info","msg":"Success","time":"2025-03-31T20:07:52+08:00"}
{"event":"get get articleCategoryList by categoryId","level":"info","msg":"Success to get articleCategoryList by categoryId","time":"2025-03-31T20:07:52+08:00"}
{"event":"get a articleDTO by id","level":"info","msg":"Success","time":"2025-03-31T20:07:52+08:00"}
{"event":"get a articleDTO by id","level":"info","msg":"Success","time":"2025-03-31T20:07:52+08:00"}
{"event":"get a articleDTO by id","level":"info","msg":"Success","time":"2025-03-31T20:07:52+08:00"}
{"event":"get a articleDTO by id","level":"info","msg":"Success","time":"2025-03-31T20:07:52+08:00"}
{"event":"get get articleCategoryList by categoryId","level":"info","msg":"Success to get articleCategoryList by categoryId","time":"2025-03-31T20:07:52+08:00"}
{"event":"get a articleDTO by id","level":"info","msg":"Success","time":"2025-03-31T20:07:52+08:00"}
{"event":"get a articleDTO by id","level":"info","msg":"Success","time":"2025-03-31T20:07:52+08:00"}
{"event":"get a articleDTO by id","level":"info","msg":"Success","time":"2025-03-31T20:07:52+08:00"}
{"event":"get get articleCategoryList by categoryId","level":"info","msg":"Success to get articleCategoryList by categoryId","time":"2025-03-31T20:07:52+08:00"}
{"event":"get a articleDTO by id","level":"info","msg":"Success","time":"2025-03-31T20:07:52+08:00"}
{"event":"get a articleDTO by id","level":"info","msg":"Success","time":"2025-03-31T20:07:52+08:00"}
{"event":"get a articleDTO by id","level":"info","msg":"Success","time":"2025-03-31T20:07:52+08:00"}
{"event":"get a articleDTO by id","level":"info","msg":"Success","time":"2025-03-31T20:07:52+08:00"}
{"event":"get a article by id","level":"info","msg":"Success","time":"2025-03-31T20:07:56+08:00"}
{"event":"get a article by id","level":"info","msg":"Success","time":"2025-03-31T20:07:56+08:00"}
{"event":"get a articleDTOs by userId","level":"info","msg":"Success","time":"2025-03-31T20:07:58+08:00"}
{"event":"get a articleDTOs by userId","level":"info","msg":"Success","time":"2025-03-31T20:07:58+08:00"}
{"event":"get a articleDTOs by userId","level":"info","msg":"Success","time":"2025-03-31T20:08:44+08:00"}
{"event":"get a articleDTOs by userId","level":"info","msg":"Success","time":"2025-03-31T20:08:44+08:00"}
{"event":"get a articleDTOs by userId","level":"info","msg":"Success","time":"2025-03-31T20:08:58+08:00"}
{"event":"get a articleDTOs by userId","level":"info","msg":"Success","time":"2025-03-31T20:09:09+08:00"}
{"event":"get a articleDTOs by userId","level":"info","msg":"Success","time":"2025-03-31T20:09:09+08:00"}
{"event":"get a articleDTOs by userId","level":"info","msg":"Success","time":"2025-03-31T20:09:11+08:00"}
{"event":"get a articleDTOs by userId","level":"info","msg":"Success","time":"2025-03-31T20:09:22+08:00"}
{"event":"get a articleDTOs by userId","level":"info","msg":"Success","time":"2025-03-31T20:09:22+08:00"}
{"event":"get a articleDTOs by userId","level":"info","msg":"Success","time":"2025-03-31T20:10:14+08:00"}
{"event":"get all categories","level":"info","msg":"Success to get all categories","time":"2025-03-31T20:10:29+08:00"}
{"event":"get a articleDTOs by userId","level":"info","msg":"Success","time":"2025-03-31T20:11:29+08:00"}
{"event":"get a articleDTOs by userId","level":"info","msg":"Success","time":"2025-03-31T20:11:31+08:00"}
{"event":"get a articleDTOs by userId","level":"info","msg":"Success","time":"2025-03-31T20:11:41+08:00"}
{"event":"get a articleDTOs by userId","level":"info","msg":"Success","time":"2025-03-31T20:11:41+08:00"}
{"event":"get a articleDTOs by userId","level":"info","msg":"Success","time":"2025-03-31T20:11:43+08:00"}
{"event":"get a articleDTOs by userId","level":"info","msg":"Success","time":"2025-03-31T20:12:07+08:00"}
{"event":"get a articleDTOs by userId","level":"info","msg":"Success","time":"2025-03-31T20:12:08+08:00"}
{"event":"get a articleDTOs by userId","level":"info","msg":"Success","time":"2025-03-31T20:12:08+08:00"}
{"event":"get a articleDTOs by userId","level":"info","msg":"Success","time":"2025-03-31T20:12:09+08:00"}
{"event":"get a articleDTOs by userId","level":"info","msg":"Success","time":"2025-03-31T20:12:11+08:00"}
{"event":"get a articleDTOs by userId","level":"info","msg":"Success","time":"2025-04-01T08:33:08+08:00"}
{"event":"get a articleDTOs by userId","level":"info","msg":"Success","time":"2025-04-01T08:33:08+08:00"}
{"event":"get a articleDTOs by userId","level":"info","msg":"Success","time":"2025-04-01T08:33:22+08:00"}
{"event":"get a articleDTOs by userId","level":"info","msg":"Success","time":"2025-04-01T09:47:33+08:00"}
{"event":"get a articleDTOs by userId","level":"info","msg":"Success","time":"2025-04-01T09:47:44+08:00"}
{"event":"get a articleDTOs by userId","level":"info","msg":"Success","time":"2025-04-01T09:47:44+08:00"}
{"event":"get a articleDTOs by userId","level":"info","msg":"Success","time":"2025-04-01T09:47:46+08:00"}
{"event":"get a articleDTOs by userId","level":"info","msg":"Success","time":"2025-04-01T09:47:47+08:00"}
{"event":"get a articleDTOs by userId","level":"info","msg":"Success","time":"2025-04-01T09:51:37+08:00"}
{"event":"get a articleDTOs by userId","level":"info","msg":"Success","time":"2025-04-01T09:51:37+08:00"}
{"event":"get all categories","level":"info","msg":"Success to get all categories","time":"2025-04-01T09:53:40+08:00"}
{"event":"get all categories","level":"info","msg":"Success to get all categories","time":"2025-04-01T09:53:40+08:00"}
{"event":"get get articleCategoryList by categoryId","level":"info","msg":"Success to get articleCategoryList by categoryId","time":"2025-04-01T09:53:40+08:00"}
{"event":"get get articleCategoryList by categoryId","level":"info","msg":"Success to get articleCategoryList by categoryId","time":"2025-04-01T09:53:40+08:00"}
{"event":"get a articleDTO by id","level":"info","msg":"Success","time":"2025-04-01T09:53:40+08:00"}
{"event":"get a articleDTO by id","level":"info","msg":"Success","time":"2025-04-01T09:53:40+08:00"}
{"event":"get a articleDTO by id","level":"info","msg":"Success","time":"2025-04-01T09:53:40+08:00"}
{"event":"get a articleDTO by id","level":"info","msg":"Success","time":"2025-04-01T09:53:40+08:00"}
{"event":"get a articleDTO by id","level":"info","msg":"Success","time":"2025-04-01T09:53:40+08:00"}
{"event":"get get articleCategoryList by categoryId","level":"info","msg":"Success to get articleCategoryList by categoryId","time":"2025-04-01T09:53:40+08:00"}
{"event":"get a articleDTO by id","level":"info","msg":"Success","time":"2025-04-01T09:53:40+08:00"}
{"event":"get a articleDTO by id","level":"info","msg":"Success","time":"2025-04-01T09:53:40+08:00"}
{"event":"get a articleDTO by id","level":"info","msg":"Success","time":"2025-04-01T09:53:40+08:00"}
{"event":"get get articleCategoryList by categoryId","level":"info","msg":"Success to get articleCategoryList by categoryId","time":"2025-04-01T09:53:40+08:00"}
{"event":"get get articleCategoryList by categoryId","level":"info","msg":"Success to get articleCategoryList by categoryId","time":"2025-04-01T09:53:40+08:00"}
{"event":"get a articleDTO by id","level":"info","msg":"Success","time":"2025-04-01T09:53:40+08:00"}
{"event":"get a articleDTO by id","level":"info","msg":"Success","time":"2025-04-01T09:53:40+08:00"}
{"event":"get a articleDTO by id","level":"info","msg":"Success","time":"2025-04-01T09:53:40+08:00"}
{"event":"get a articleDTO by id","level":"info","msg":"Success","time":"2025-04-01T09:53:40+08:00"}
{"event":"get a articleDTO by id","level":"info","msg":"Success","time":"2025-04-01T09:53:40+08:00"}
{"event":"get a articleDTO by id","level":"info","msg":"Success","time":"2025-04-01T09:53:40+08:00"}
{"event":"get get articleCategoryList by categoryId","level":"info","msg":"Success to get articleCategoryList by categoryId","time":"2025-04-01T09:53:40+08:00"}
{"event":"get a articleDTO by id","level":"info","msg":"Success","time":"2025-04-01T09:53:40+08:00"}
{"event":"get a articleDTO by id","level":"info","msg":"Success","time":"2025-04-01T09:53:40+08:00"}
{"event":"get a articleDTO by id","level":"info","msg":"Success","time":"2025-04-01T09:53:40+08:00"}
{"event":"get a articleDTO by id","level":"info","msg":"Success","time":"2025-04-01T09:53:40+08:00"}
{"event":"get all categories","level":"info","msg":"Success to get all categories","time":"2025-04-01T09:54:09+08:00"}
{"event":"get all categories","level":"info","msg":"Success to get all categories","time":"2025-04-01T09:54:09+08:00"}
{"event":"get get articleCategoryList by categoryId","level":"info","msg":"Success to get articleCategoryList by categoryId","time":"2025-04-01T09:54:09+08:00"}
{"event":"get a articleDTO by id","level":"info","msg":"Success","time":"2025-04-01T09:54:09+08:00"}
{"event":"get a articleDTO by id","level":"info","msg":"Success","time":"2025-04-01T09:54:09+08:00"}
{"event":"get a articleDTO by id","level":"info","msg":"Success","time":"2025-04-01T09:54:09+08:00"}
{"event":"get a articleDTO by id","level":"info","msg":"Success","time":"2025-04-01T09:54:09+08:00"}
{"event":"get get articleCategoryList by categoryId","level":"info","msg":"Success to get articleCategoryList by categoryId","time":"2025-04-01T09:54:09+08:00"}
{"event":"get a articleDTO by id","level":"info","msg":"Success","time":"2025-04-01T09:54:09+08:00"}
{"event":"get a articleDTO by id","level":"info","msg":"Success","time":"2025-04-01T09:54:09+08:00"}
{"event":"get a articleDTO by id","level":"info","msg":"Success","time":"2025-04-01T09:54:09+08:00"}
{"event":"get a articleDTO by id","level":"info","msg":"Success","time":"2025-04-01T09:54:09+08:00"}
{"event":"get get articleCategoryList by categoryId","level":"info","msg":"Success to get articleCategoryList by categoryId","time":"2025-04-01T09:54:09+08:00"}
{"event":"get a articleDTO by id","level":"info","msg":"Success","time":"2025-04-01T09:54:09+08:00"}
{"event":"get a articleDTO by id","level":"info","msg":"Success","time":"2025-04-01T09:54:09+08:00"}
{"event":"get get articleCategoryList by categoryId","level":"info","msg":"Success to get articleCategoryList by categoryId","time":"2025-04-01T09:54:09+08:00"}
{"event":"get a articleDTO by id","level":"info","msg":"Success","time":"2025-04-01T09:54:09+08:00"}
{"event":"get a articleDTO by id","level":"info","msg":"Success","time":"2025-04-01T09:54:09+08:00"}
{"event":"get all categories","level":"info","msg":"Success to get all categories","time":"2025-04-01T09:55:22+08:00"}
{"event":"get all categories","level":"info","msg":"Success to get all categories","time":"2025-04-01T09:55:22+08:00"}
{"event":"get get articleCategoryList by categoryId","level":"info","msg":"Success to get articleCategoryList by categoryId","time":"2025-04-01T09:55:23+08:00"}
{"event":"get a articleDTO by id","level":"info","msg":"Success","time":"2025-04-01T09:55:23+08:00"}
{"event":"get a articleDTO by id","level":"info","msg":"Success","time":"2025-04-01T09:55:23+08:00"}
{"event":"get a articleDTO by id","level":"info","msg":"Success","time":"2025-04-01T09:55:23+08:00"}
{"event":"get a articleDTO by id","level":"info","msg":"Success","time":"2025-04-01T09:55:23+08:00"}
{"event":"get get articleCategoryList by categoryId","level":"info","msg":"Success to get articleCategoryList by categoryId","time":"2025-04-01T09:55:23+08:00"}
{"event":"get a articleDTO by id","level":"info","msg":"Success","time":"2025-04-01T09:55:23+08:00"}
{"event":"get a articleDTO by id","level":"info","msg":"Success","time":"2025-04-01T09:55:23+08:00"}
{"event":"get a articleDTO by id","level":"info","msg":"Success","time":"2025-04-01T09:55:23+08:00"}
{"event":"get a articleDTO by id","level":"info","msg":"Success","time":"2025-04-01T09:55:23+08:00"}
{"event":"get all categories","level":"info","msg":"Success to get all categories","time":"2025-04-01T09:56:20+08:00"}
{"event":"get all categories","level":"info","msg":"Success to get all categories","time":"2025-04-01T09:56:20+08:00"}
{"event":"get get articleCategoryList by categoryId","level":"info","msg":"Success to get articleCategoryList by categoryId","time":"2025-04-01T09:56:20+08:00"}
{"event":"get get articleCategoryList by categoryId","level":"info","msg":"Success to get articleCategoryList by categoryId","time":"2025-04-01T09:56:20+08:00"}
{"event":"get a articleDTO by id","level":"info","msg":"Success","time":"2025-04-01T09:56:20+08:00"}
{"event":"get a articleDTO by id","level":"info","msg":"Success","time":"2025-04-01T09:56:20+08:00"}
{"event":"get a articleDTO by id","level":"info","msg":"Success","time":"2025-04-01T09:56:20+08:00"}
{"event":"get a articleDTO by id","level":"info","msg":"Success","time":"2025-04-01T09:56:20+08:00"}
{"event":"get a articleDTO by id","level":"info","msg":"Success","time":"2025-04-01T09:56:20+08:00"}
{"event":"get get articleCategoryList by categoryId","level":"info","msg":"Success to get articleCategoryList by categoryId","time":"2025-04-01T09:56:20+08:00"}
{"event":"get a articleDTO by id","level":"info","msg":"Success","time":"2025-04-01T09:56:20+08:00"}
{"event":"get a articleDTO by id","level":"info","msg":"Success","time":"2025-04-01T09:56:20+08:00"}
{"event":"get get articleCategoryList by categoryId","level":"info","msg":"Success to get articleCategoryList by categoryId","time":"2025-04-01T09:56:20+08:00"}
{"event":"get a articleDTO by id","level":"info","msg":"Success","time":"2025-04-01T09:56:20+08:00"}
{"event":"get a articleDTO by id","level":"info","msg":"Success","time":"2025-04-01T09:56:20+08:00"}
{"event":"get a articleDTO by id","level":"info","msg":"Success","time":"2025-04-01T09:56:20+08:00"}
{"event":"get get articleCategoryList by categoryId","level":"info","msg":"Success to get articleCategoryList by categoryId","time":"2025-04-01T09:56:20+08:00"}
{"event":"get a articleDTO by id","level":"info","msg":"Success","time":"2025-04-01T09:56:20+08:00"}
{"event":"get a articleDTO by id","level":"info","msg":"Success","time":"2025-04-01T09:56:20+08:00"}
{"event":"get a articleDTO by id","level":"info","msg":"Success","time":"2025-04-01T09:56:20+08:00"}
{"event":"get a articleDTO by id","level":"info","msg":"Success","time":"2025-04-01T09:56:20+08:00"}
{"event":"get get articleCategoryList by categoryId","level":"info","msg":"Success to get articleCategoryList by categoryId","time":"2025-04-01T09:56:20+08:00"}
{"event":"get a articleDTO by id","level":"info","msg":"Success","time":"2025-04-01T09:56:20+08:00"}
{"event":"get a articleDTO by id","level":"info","msg":"Success","time":"2025-04-01T09:56:20+08:00"}
{"event":"get a articleDTO by id","level":"info","msg":"Success","time":"2025-04-01T09:56:20+08:00"}
{"event":"get a articleDTO by id","level":"info","msg":"Success","time":"2025-04-01T09:56:20+08:00"}
{"event":"get get articleCategoryList by categoryId","level":"info","msg":"Success to get articleCategoryList by categoryId","time":"2025-04-01T09:58:05+08:00"}
{"event":"get a articleDTO by id","level":"info","msg":"Success","time":"2025-04-01T09:58:05+08:00"}
{"event":"get a articleDTO by id","level":"info","msg":"Success","time":"2025-04-01T09:58:05+08:00"}
{"event":"get a articleDTO by id","level":"info","msg":"Success","time":"2025-04-01T09:58:05+08:00"}
{"event":"get a articleDTO by id","level":"info","msg":"Success","time":"2025-04-01T09:58:05+08:00"}
{"event":"get get articleCategoryList by categoryId","level":"info","msg":"Success to get articleCategoryList by categoryId","time":"2025-04-01T09:58:05+08:00"}
{"event":"get a articleDTO by id","level":"info","msg":"Success","time":"2025-04-01T09:58:05+08:00"}
{"event":"get a articleDTO by id","level":"info","msg":"Success","time":"2025-04-01T09:58:05+08:00"}
{"event":"get a articleDTO by id","level":"info","msg":"Success","time":"2025-04-01T09:58:05+08:00"}
{"event":"get a articleDTO by id","level":"info","msg":"Success","time":"2025-04-01T09:58:05+08:00"}
{"event":"get a articleDTOs by userId","level":"info","msg":"Success","time":"2025-04-01T09:59:09+08:00"}
{"event":"get a articleDTOs by userId","level":"info","msg":"Success","time":"2025-04-01T09:59:09+08:00"}
{"event":"get a articleDTOs by userId","level":"info","msg":"Success","time":"2025-04-01T10:00:18+08:00"}
{"event":"get all categories","level":"info","msg":"Success to get all categories","time":"2025-04-01T10:00:22+08:00"}
{"event":"get all categories","level":"info","msg":"Success to get all categories","time":"2025-04-01T10:00:22+08:00"}
{"event":"get get articleCategoryList by categoryId","level":"info","msg":"Success to get articleCategoryList by categoryId","time":"2025-04-01T10:00:22+08:00"}
{"event":"get get articleCategoryList by categoryId","level":"info","msg":"Success to get articleCategoryList by categoryId","time":"2025-04-01T10:00:22+08:00"}
{"event":"get a articleDTO by id","level":"info","msg":"Success","time":"2025-04-01T10:00:22+08:00"}
{"event":"get a articleDTO by id","level":"info","msg":"Success","time":"2025-04-01T10:00:22+08:00"}
{"event":"get a articleDTO by id","level":"info","msg":"Success","time":"2025-04-01T10:00:22+08:00"}
{"event":"get a articleDTO by id","level":"info","msg":"Success","time":"2025-04-01T10:00:22+08:00"}
{"event":"get a articleDTO by id","level":"info","msg":"Success","time":"2025-04-01T10:00:22+08:00"}
{"event":"get get articleCategoryList by categoryId","level":"info","msg":"Success to get articleCategoryList by categoryId","time":"2025-04-01T10:00:22+08:00"}
{"event":"get a articleDTO by id","level":"info","msg":"Success","time":"2025-04-01T10:00:22+08:00"}
{"event":"get a articleDTO by id","level":"info","msg":"Success","time":"2025-04-01T10:00:22+08:00"}
{"event":"get a articleDTO by id","level":"info","msg":"Success","time":"2025-04-01T10:00:22+08:00"}
{"event":"get get articleCategoryList by categoryId","level":"info","msg":"Success to get articleCategoryList by categoryId","time":"2025-04-01T10:00:22+08:00"}
{"event":"get a articleDTO by id","level":"info","msg":"Success","time":"2025-04-01T10:00:22+08:00"}
{"event":"get get articleCategoryList by categoryId","level":"info","msg":"Success to get articleCategoryList by categoryId","time":"2025-04-01T10:00:22+08:00"}
{"event":"get a articleDTO by id","level":"info","msg":"Success","time":"2025-04-01T10:00:22+08:00"}
{"event":"get a articleDTO by id","level":"info","msg":"Success","time":"2025-04-01T10:00:22+08:00"}
{"event":"get a articleDTO by id","level":"info","msg":"Success","time":"2025-04-01T10:00:22+08:00"}
{"event":"get a articleDTO by id","level":"info","msg":"Success","time":"2025-04-01T10:00:22+08:00"}
{"event":"get a articleDTO by id","level":"info","msg":"Success","time":"2025-04-01T10:00:22+08:00"}
{"event":"get get articleCategoryList by categoryId","level":"info","msg":"Success to get articleCategoryList by categoryId","time":"2025-04-01T10:00:22+08:00"}
{"event":"get a articleDTO by id","level":"info","msg":"Success","time":"2025-04-01T10:00:22+08:00"}
{"event":"get a articleDTO by id","level":"info","msg":"Success","time":"2025-04-01T10:00:22+08:00"}
{"event":"get a articleDTO by id","level":"info","msg":"Success","time":"2025-04-01T10:00:22+08:00"}
{"event":"get a articleDTO by id","level":"info","msg":"Success","time":"2025-04-01T10:00:22+08:00"}
{"event":"get a article by id","level":"info","msg":"Success","time":"2025-04-01T10:00:24+08:00"}
{"event":"get a article by id","level":"info","msg":"Success","time":"2025-04-01T10:00:24+08:00"}
{"event":"get a articleDTOs by userId","level":"info","msg":"Success","time":"2025-04-01T10:00:27+08:00"}
{"event":"get a articleDTOs by userId","level":"info","msg":"Success","time":"2025-04-01T10:00:27+08:00"}
{"event":"get a articleDTOs by userId","level":"info","msg":"Success","time":"2025-04-01T10:02:07+08:00"}
{"event":"get a articleDTOs by userId","level":"info","msg":"Success","time":"2025-04-01T10:02:07+08:00"}
{"event":"get all categories","level":"info","msg":"Success to get all categories","time":"2025-04-01T10:02:37+08:00"}
{"event":"get all categories","level":"info","msg":"Success to get all categories","time":"2025-04-01T10:02:37+08:00"}
{"event":"get get articleCategoryList by categoryId","level":"info","msg":"Success to get articleCategoryList by categoryId","time":"2025-04-01T10:02:37+08:00"}
{"event":"get get articleCategoryList by categoryId","level":"info","msg":"Success to get articleCategoryList by categoryId","time":"2025-04-01T10:02:37+08:00"}
{"event":"get a articleDTO by id","level":"info","msg":"Success","time":"2025-04-01T10:02:37+08:00"}
{"event":"get a articleDTO by id","level":"info","msg":"Success","time":"2025-04-01T10:02:37+08:00"}
{"event":"get a articleDTO by id","level":"info","msg":"Success","time":"2025-04-01T10:02:37+08:00"}
{"event":"get a articleDTO by id","level":"info","msg":"Success","time":"2025-04-01T10:02:37+08:00"}
{"event":"get a articleDTO by id","level":"info","msg":"Success","time":"2025-04-01T10:02:37+08:00"}
{"event":"get a articleDTO by id","level":"info","msg":"Success","time":"2025-04-01T10:02:37+08:00"}
{"event":"get get articleCategoryList by categoryId","level":"info","msg":"Success to get articleCategoryList by categoryId","time":"2025-04-01T10:02:37+08:00"}
{"event":"get get articleCategoryList by categoryId","level":"info","msg":"Success to get articleCategoryList by categoryId","time":"2025-04-01T10:02:37+08:00"}
{"event":"get a articleDTO by id","level":"info","msg":"Success","time":"2025-04-01T10:02:37+08:00"}
{"event":"get a articleDTO by id","level":"info","msg":"Success","time":"2025-04-01T10:02:37+08:00"}
{"event":"get a articleDTO by id","level":"info","msg":"Success","time":"2025-04-01T10:02:37+08:00"}
{"event":"get a articleDTO by id","level":"info","msg":"Success","time":"2025-04-01T10:02:37+08:00"}
{"event":"get a articleDTO by id","level":"info","msg":"Success","time":"2025-04-01T10:02:37+08:00"}
{"event":"get get articleCategoryList by categoryId","level":"info","msg":"Success to get articleCategoryList by categoryId","time":"2025-04-01T10:02:37+08:00"}
{"event":"get a articleDTO by id","level":"info","msg":"Success","time":"2025-04-01T10:02:37+08:00"}
{"event":"get a articleDTO by id","level":"info","msg":"Success","time":"2025-04-01T10:02:37+08:00"}
{"event":"get a articleDTO by id","level":"info","msg":"Success","time":"2025-04-01T10:02:37+08:00"}
{"event":"get get articleCategoryList by categoryId","level":"info","msg":"Success to get articleCategoryList by categoryId","time":"2025-04-01T10:02:37+08:00"}
{"event":"get a articleDTO by id","level":"info","msg":"Success","time":"2025-04-01T10:02:37+08:00"}
{"event":"get a articleDTO by id","level":"info","msg":"Success","time":"2025-04-01T10:02:37+08:00"}
{"event":"get a articleDTO by id","level":"info","msg":"Success","time":"2025-04-01T10:02:37+08:00"}
{"event":"get a articleDTO by id","level":"info","msg":"Success","time":"2025-04-01T10:02:37+08:00"}
{"event":"get a article by id","level":"info","msg":"Success","time":"2025-04-01T10:02:37+08:00"}
{"event":"get a article by id","level":"info","msg":"Success","time":"2025-04-01T10:02:37+08:00"}
{"event":"get a articleDTOs by userId","level":"info","msg":"Success","time":"2025-04-01T10:02:40+08:00"}
{"event":"get a articleDTOs by userId","level":"info","msg":"Success","time":"2025-04-01T10:02:40+08:00"}
{"event":"get a articleDTOs by userId","level":"info","msg":"Success","time":"2025-04-01T10:09:33+08:00"}
{"event":"get a articleDTOs by userId","level":"info","msg":"Success","time":"2025-04-01T10:09:35+08:00"}
{"event":"get a articleDTOs by userId","level":"info","msg":"Success","time":"2025-04-01T10:09:39+08:00"}
{"event":"get a articleDTOs by userId","level":"info","msg":"Success","time":"2025-04-01T10:11:02+08:00"}
{"event":"get a articleDTOs by userId","level":"info","msg":"Success","time":"2025-04-01T10:11:37+08:00"}
{"event":"get a articleDTOs by userId","level":"info","msg":"Success","time":"2025-04-01T10:11:37+08:00"}
{"event":"get all categories","level":"info","msg":"Success to get all categories","time":"2025-04-01T10:12:29+08:00"}
{"event":"get all categories","level":"info","msg":"Success to get all categories","time":"2025-04-01T10:12:29+08:00"}
{"event":"get get articleCategoryList by categoryId","level":"info","msg":"Success to get articleCategoryList by categoryId","time":"2025-04-01T10:12:29+08:00"}
{"event":"get get articleCategoryList by categoryId","level":"info","msg":"Success to get articleCategoryList by categoryId","time":"2025-04-01T10:12:29+08:00"}
{"event":"get a articleDTO by id","level":"info","msg":"Success","time":"2025-04-01T10:12:29+08:00"}
{"event":"get a articleDTO by id","level":"info","msg":"Success","time":"2025-04-01T10:12:29+08:00"}
{"event":"get a articleDTO by id","level":"info","msg":"Success","time":"2025-04-01T10:12:29+08:00"}
{"event":"get a articleDTO by id","level":"info","msg":"Success","time":"2025-04-01T10:12:29+08:00"}
{"event":"get a articleDTO by id","level":"info","msg":"Success","time":"2025-04-01T10:12:29+08:00"}
{"event":"get a articleDTO by id","level":"info","msg":"Success","time":"2025-04-01T10:12:29+08:00"}
{"event":"get get articleCategoryList by categoryId","level":"info","msg":"Success to get articleCategoryList by categoryId","time":"2025-04-01T10:12:29+08:00"}
{"event":"get get articleCategoryList by categoryId","level":"info","msg":"Success to get articleCategoryList by categoryId","time":"2025-04-01T10:12:29+08:00"}
{"event":"get a articleDTO by id","level":"info","msg":"Success","time":"2025-04-01T10:12:29+08:00"}
{"event":"get a articleDTO by id","level":"info","msg":"Success","time":"2025-04-01T10:12:29+08:00"}
{"event":"get a articleDTO by id","level":"info","msg":"Success","time":"2025-04-01T10:12:29+08:00"}
{"event":"get a articleDTO by id","level":"info","msg":"Success","time":"2025-04-01T10:12:29+08:00"}
{"event":"get a articleDTO by id","level":"info","msg":"Success","time":"2025-04-01T10:12:29+08:00"}
{"event":"get get articleCategoryList by categoryId","level":"info","msg":"Success to get articleCategoryList by categoryId","time":"2025-04-01T10:12:29+08:00"}
{"event":"get a articleDTO by id","level":"info","msg":"Success","time":"2025-04-01T10:12:29+08:00"}
{"event":"get a articleDTO by id","level":"info","msg":"Success","time":"2025-04-01T10:12:29+08:00"}
{"event":"get a articleDTO by id","level":"info","msg":"Success","time":"2025-04-01T10:12:29+08:00"}
{"event":"get get articleCategoryList by categoryId","level":"info","msg":"Success to get articleCategoryList by categoryId","time":"2025-04-01T10:12:29+08:00"}
{"event":"get a articleDTO by id","level":"info","msg":"Success","time":"2025-04-01T10:12:29+08:00"}
{"event":"get a articleDTO by id","level":"info","msg":"Success","time":"2025-04-01T10:12:29+08:00"}
{"event":"get a articleDTO by id","level":"info","msg":"Success","time":"2025-04-01T10:12:29+08:00"}
{"event":"get a articleDTO by id","level":"info","msg":"Success","time":"2025-04-01T10:12:29+08:00"}
{"event":"get a article by id","level":"info","msg":"Success","time":"2025-04-01T10:12:29+08:00"}
{"event":"get a article by id","level":"info","msg":"Success","time":"2025-04-01T10:12:29+08:00"}
{"event":"get a articleDTOs by userId","level":"info","msg":"Success","time":"2025-04-01T10:12:31+08:00"}
{"event":"get a articleDTOs by userId","level":"info","msg":"Success","time":"2025-04-01T10:12:31+08:00"}
{"event":"get a articleDTOs by userId","level":"info","msg":"Success","time":"2025-04-01T10:14:15+08:00"}
{"event":"get a articleDTOs by userId","level":"info","msg":"Success","time":"2025-04-01T10:15:49+08:00"}
{"event":"get a articleDTOs by userId","level":"info","msg":"Success","time":"2025-04-01T10:23:14+08:00"}
{"event":"get a articleDTOs by userId","level":"info","msg":"Success","time":"2025-04-01T10:23:14+08:00"}
{"event":"get a articleDTOs by userId","level":"info","msg":"Success","time":"2025-04-01T10:23:28+08:00"}
{"event":"get a articleDTOs by userId","level":"info","msg":"Success","time":"2025-04-01T10:23:28+08:00"}
{"event":"get all categories","level":"info","msg":"Success to get all categories","time":"2025-04-01T10:24:45+08:00"}
{"event":"get all categories","level":"info","msg":"Success to get all categories","time":"2025-04-01T10:24:45+08:00"}
{"event":"get get articleCategoryList by categoryId","level":"info","msg":"Success to get articleCategoryList by categoryId","time":"2025-04-01T10:24:45+08:00"}
{"event":"get get articleCategoryList by categoryId","level":"info","msg":"Success to get articleCategoryList by categoryId","time":"2025-04-01T10:24:45+08:00"}
{"event":"get a articleDTO by id","level":"info","msg":"Success","time":"2025-04-01T10:24:45+08:00"}
{"event":"get a articleDTO by id","level":"info","msg":"Success","time":"2025-04-01T10:24:45+08:00"}
{"event":"get a articleDTO by id","level":"info","msg":"Success","time":"2025-04-01T10:24:45+08:00"}
{"event":"get a articleDTO by id","level":"info","msg":"Success","time":"2025-04-01T10:24:45+08:00"}
{"event":"get a articleDTO by id","level":"info","msg":"Success","time":"2025-04-01T10:24:45+08:00"}
{"event":"get get articleCategoryList by categoryId","level":"info","msg":"Success to get articleCategoryList by categoryId","time":"2025-04-01T10:24:45+08:00"}
{"event":"get a articleDTO by id","level":"info","msg":"Success","time":"2025-04-01T10:24:45+08:00"}
{"event":"get a articleDTO by id","level":"info","msg":"Success","time":"2025-04-01T10:24:45+08:00"}
{"event":"get a articleDTO by id","level":"info","msg":"Success","time":"2025-04-01T10:24:45+08:00"}
{"event":"get get articleCategoryList by categoryId","level":"info","msg":"Success to get articleCategoryList by categoryId","time":"2025-04-01T10:24:45+08:00"}
{"event":"get a articleDTO by id","level":"info","msg":"Success","time":"2025-04-01T10:24:45+08:00"}
{"event":"get a articleDTO by id","level":"info","msg":"Success","time":"2025-04-01T10:24:45+08:00"}
{"event":"get get articleCategoryList by categoryId","level":"info","msg":"Success to get articleCategoryList by categoryId","time":"2025-04-01T10:24:45+08:00"}
{"event":"get a articleDTO by id","level":"info","msg":"Success","time":"2025-04-01T10:24:45+08:00"}
{"event":"get a articleDTO by id","level":"info","msg":"Success","time":"2025-04-01T10:24:45+08:00"}
{"event":"get a articleDTO by id","level":"info","msg":"Success","time":"2025-04-01T10:24:45+08:00"}
{"event":"get a articleDTO by id","level":"info","msg":"Success","time":"2025-04-01T10:24:45+08:00"}
{"event":"get get articleCategoryList by categoryId","level":"info","msg":"Success to get articleCategoryList by categoryId","time":"2025-04-01T10:24:45+08:00"}
{"event":"get a articleDTO by id","level":"info","msg":"Success","time":"2025-04-01T10:24:45+08:00"}
{"event":"get a articleDTO by id","level":"info","msg":"Success","time":"2025-04-01T10:24:45+08:00"}
{"event":"get a articleDTO by id","level":"info","msg":"Success","time":"2025-04-01T10:24:45+08:00"}
{"event":"get a articleDTO by id","level":"info","msg":"Success","time":"2025-04-01T10:24:45+08:00"}
{"event":"get a article by id","level":"info","msg":"Success","time":"2025-04-01T10:24:45+08:00"}
{"event":"get a article by id","level":"info","msg":"Success","time":"2025-04-01T10:24:45+08:00"}
{"event":"get a articleDTOs by userId","level":"info","msg":"Success","time":"2025-04-01T10:24:47+08:00"}
{"event":"get a articleDTOs by userId","level":"info","msg":"Success","time":"2025-04-01T10:24:47+08:00"}
{"event":"get a articleDTOs by userId","level":"info","msg":"Success","time":"2025-04-01T10:24:49+08:00"}
{"event":"get a articleDTOs by userId","level":"info","msg":"Success","time":"2025-04-01T10:25:22+08:00"}
{"event":"get a articleDTOs by userId","level":"info","msg":"Success","time":"2025-04-01T10:25:59+08:00"}
{"event":"get a articleDTOs by userId","level":"info","msg":"Success","time":"2025-04-01T10:25:59+08:00"}
{"event":"get a articleDTOs by userId","level":"info","msg":"Success","time":"2025-04-01T10:26:03+08:00"}
{"event":"get a articleDTOs by userId","level":"info","msg":"Success","time":"2025-04-01T10:26:08+08:00"}
{"event":"get a articleDTOs by userId","level":"info","msg":"Success","time":"2025-04-01T10:26:08+08:00"}
{"event":"get a articleDTOs by userId","level":"info","msg":"Success","time":"2025-04-01T15:29:52+08:00"}
{"event":"get a articleDTOs by userId","level":"info","msg":"Success","time":"2025-04-01T15:29:52+08:00"}
{"event":"get a articleDTOs by userId","level":"info","msg":"Success","time":"2025-04-01T15:37:07+08:00"}
{"event":"get a articleDTOs by userId","level":"info","msg":"Success","time":"2025-04-01T15:41:09+08:00"}
{"event":"get a articleDTOs by userId","level":"info","msg":"Success","time":"2025-04-01T15:41:09+08:00"}
{"event":"get a articleDTOs by userId","level":"info","msg":"Success","time":"2025-04-01T15:43:09+08:00"}
{"event":"get a articleDTOs by userId","level":"info","msg":"Success","time":"2025-04-01T15:43:09+08:00"}
{"event":"get a articleDTOs by userId","level":"info","msg":"Success","time":"2025-04-01T15:43:38+08:00"}
{"event":"get a articleDTOs by userId","level":"info","msg":"Success","time":"2025-04-01T15:43:38+08:00"}
{"event":"get a articleDTOs by userId","level":"info","msg":"Success","time":"2025-04-01T15:44:30+08:00"}
{"event":"get a articleDTOs by userId","level":"info","msg":"Success","time":"2025-04-01T15:44:30+08:00"}
{"event":"get a articleDTOs by userId","level":"info","msg":"Success","time":"2025-04-01T15:46:09+08:00"}
{"event":"get a articleDTOs by userId","level":"info","msg":"Success","time":"2025-04-01T15:46:09+08:00"}
{"event":"get a articleDTOs by userId","level":"info","msg":"Success","time":"2025-04-01T15:47:02+08:00"}
{"event":"get a articleDTOs by userId","level":"info","msg":"Success","time":"2025-04-01T15:47:02+08:00"}
{"event":"get a articleDTOs by userId","level":"info","msg":"Success","time":"2025-04-01T15:47:17+08:00"}
{"event":"get a articleDTOs by userId","level":"info","msg":"Success","time":"2025-04-01T15:47:17+08:00"}
{"event":"get a articleDTOs by userId","level":"info","msg":"Success","time":"2025-04-01T15:47:20+08:00"}
{"event":"get a articleDTOs by userId","level":"info","msg":"Success","time":"2025-04-01T15:47:20+08:00"}
{"event":"get a articleDTOs by userId","level":"info","msg":"Success","time":"2025-04-01T15:47:22+08:00"}
{"event":"get a articleDTOs by userId","level":"info","msg":"Success","time":"2025-04-01T15:47:22+08:00"}
{"event":"get a articleDTOs by userId","level":"info","msg":"Success","time":"2025-04-01T15:47:24+08:00"}
{"event":"get a articleDTOs by userId","level":"info","msg":"Success","time":"2025-04-01T15:47:24+08:00"}
{"event":"get all categories","level":"info","msg":"Success to get all categories","time":"2025-04-01T15:48:39+08:00"}
{"event":"get all categories","level":"info","msg":"Success to get all categories","time":"2025-04-01T15:48:39+08:00"}
{"event":"get get articleCategoryList by categoryId","level":"info","msg":"Success to get articleCategoryList by categoryId","time":"2025-04-01T15:48:39+08:00"}
{"event":"get get articleCategoryList by categoryId","level":"info","msg":"Success to get articleCategoryList by categoryId","time":"2025-04-01T15:48:39+08:00"}
{"event":"get a articleDTO by id","level":"info","msg":"Success","time":"2025-04-01T15:48:39+08:00"}
{"event":"get a articleDTO by id","level":"info","msg":"Success","time":"2025-04-01T15:48:39+08:00"}
{"event":"get a articleDTO by id","level":"info","msg":"Success","time":"2025-04-01T15:48:39+08:00"}
{"event":"get a articleDTO by id","level":"info","msg":"Success","time":"2025-04-01T15:48:39+08:00"}
{"event":"get a articleDTO by id","level":"info","msg":"Success","time":"2025-04-01T15:48:39+08:00"}
{"event":"get a articleDTO by id","level":"info","msg":"Success","time":"2025-04-01T15:48:39+08:00"}
{"event":"get get articleCategoryList by categoryId","level":"info","msg":"Success to get articleCategoryList by categoryId","time":"2025-04-01T15:48:39+08:00"}
{"event":"get get articleCategoryList by categoryId","level":"info","msg":"Success to get articleCategoryList by categoryId","time":"2025-04-01T15:48:39+08:00"}
{"event":"get a articleDTO by id","level":"info","msg":"Success","time":"2025-04-01T15:48:39+08:00"}
{"event":"get a articleDTO by id","level":"info","msg":"Success","time":"2025-04-01T15:48:39+08:00"}
{"event":"get a articleDTO by id","level":"info","msg":"Success","time":"2025-04-01T15:48:39+08:00"}
{"event":"get a articleDTO by id","level":"info","msg":"Success","time":"2025-04-01T15:48:39+08:00"}
{"event":"get get articleCategoryList by categoryId","level":"info","msg":"Success to get articleCategoryList by categoryId","time":"2025-04-01T15:48:39+08:00"}
{"event":"get a articleDTO by id","level":"info","msg":"Success","time":"2025-04-01T15:48:39+08:00"}
{"event":"get a articleDTO by id","level":"info","msg":"Success","time":"2025-04-01T15:48:39+08:00"}
{"event":"get a articleDTO by id","level":"info","msg":"Success","time":"2025-04-01T15:48:39+08:00"}
{"event":"get a articleDTO by id","level":"info","msg":"Success","time":"2025-04-01T15:48:39+08:00"}
{"event":"get get articleCategoryList by categoryId","level":"info","msg":"Success to get articleCategoryList by categoryId","time":"2025-04-01T15:48:39+08:00"}
{"event":"get a articleDTO by id","level":"info","msg":"Success","time":"2025-04-01T15:48:39+08:00"}
{"event":"get a articleDTO by id","level":"info","msg":"Success","time":"2025-04-01T15:48:39+08:00"}
{"event":"get a articleDTO by id","level":"info","msg":"Success","time":"2025-04-01T15:48:39+08:00"}
{"event":"get a articleDTO by id","level":"info","msg":"Success","time":"2025-04-01T15:48:39+08:00"}
{"event":"get a articleDTOs by userId","level":"info","msg":"Success","time":"2025-04-01T15:48:42+08:00"}
{"event":"get a articleDTOs by userId","level":"info","msg":"Success","time":"2025-04-01T15:48:42+08:00"}
{"event":"get all categories","level":"info","msg":"Success to get all categories","time":"2025-04-01T15:48:46+08:00"}
{"event":"get all categories","level":"info","msg":"Success to get all categories","time":"2025-04-01T15:48:46+08:00"}
{"event":"get get articleCategoryList by categoryId","level":"info","msg":"Success to get articleCategoryList by categoryId","time":"2025-04-01T15:48:46+08:00"}
{"event":"get get articleCategoryList by categoryId","level":"info","msg":"Success to get articleCategoryList by categoryId","time":"2025-04-01T15:48:46+08:00"}
{"event":"get a articleDTO by id","level":"info","msg":"Success","time":"2025-04-01T15:48:46+08:00"}
{"event":"get a articleDTO by id","level":"info","msg":"Success","time":"2025-04-01T15:48:46+08:00"}
{"event":"get a articleDTO by id","level":"info","msg":"Success","time":"2025-04-01T15:48:46+08:00"}
{"event":"get a articleDTO by id","level":"info","msg":"Success","time":"2025-04-01T15:48:46+08:00"}
{"event":"get a articleDTO by id","level":"info","msg":"Success","time":"2025-04-01T15:48:46+08:00"}
{"event":"get a articleDTO by id","level":"info","msg":"Success","time":"2025-04-01T15:48:46+08:00"}
{"event":"get get articleCategoryList by categoryId","level":"info","msg":"Success to get articleCategoryList by categoryId","time":"2025-04-01T15:48:46+08:00"}
{"event":"get a articleDTO by id","level":"info","msg":"Success","time":"2025-04-01T15:48:46+08:00"}
{"event":"get get articleCategoryList by categoryId","level":"info","msg":"Success to get articleCategoryList by categoryId","time":"2025-04-01T15:48:46+08:00"}
{"event":"get a articleDTO by id","level":"info","msg":"Success","time":"2025-04-01T15:48:46+08:00"}
{"event":"get a articleDTO by id","level":"info","msg":"Success","time":"2025-04-01T15:48:46+08:00"}
{"event":"get a articleDTO by id","level":"info","msg":"Success","time":"2025-04-01T15:48:46+08:00"}
{"event":"get a articleDTO by id","level":"info","msg":"Success","time":"2025-04-01T15:48:46+08:00"}
{"event":"get a articleDTO by id","level":"info","msg":"Success","time":"2025-04-01T15:48:46+08:00"}
{"event":"get a articleDTOs by userId","level":"info","msg":"Success","time":"2025-04-01T15:48:49+08:00"}
{"event":"get a articleDTOs by userId","level":"info","msg":"Success","time":"2025-04-01T15:48:49+08:00"}
{"event":"get all categories","level":"info","msg":"Success to get all categories","time":"2025-04-01T15:48:59+08:00"}
{"event":"get all categories","level":"info","msg":"Success to get all categories","time":"2025-04-01T15:48:59+08:00"}
{"event":"get get articleCategoryList by categoryId","level":"info","msg":"Success to get articleCategoryList by categoryId","time":"2025-04-01T15:48:59+08:00"}
{"event":"get get articleCategoryList by categoryId","level":"info","msg":"Success to get articleCategoryList by categoryId","time":"2025-04-01T15:48:59+08:00"}
{"event":"get a articleDTO by id","level":"info","msg":"Success","time":"2025-04-01T15:48:59+08:00"}
{"event":"get a articleDTO by id","level":"info","msg":"Success","time":"2025-04-01T15:48:59+08:00"}
{"event":"get a articleDTO by id","level":"info","msg":"Success","time":"2025-04-01T15:48:59+08:00"}
{"event":"get a articleDTO by id","level":"info","msg":"Success","time":"2025-04-01T15:48:59+08:00"}
{"event":"get a articleDTO by id","level":"info","msg":"Success","time":"2025-04-01T15:48:59+08:00"}
{"event":"get a articleDTO by id","level":"info","msg":"Success","time":"2025-04-01T15:48:59+08:00"}
{"event":"get get articleCategoryList by categoryId","level":"info","msg":"Success to get articleCategoryList by categoryId","time":"2025-04-01T15:48:59+08:00"}
{"event":"get a articleDTO by id","level":"info","msg":"Success","time":"2025-04-01T15:48:59+08:00"}
{"event":"get get articleCategoryList by categoryId","level":"info","msg":"Success to get articleCategoryList by categoryId","time":"2025-04-01T15:48:59+08:00"}
{"event":"get a articleDTO by id","level":"info","msg":"Success","time":"2025-04-01T15:48:59+08:00"}
{"event":"get a articleDTO by id","level":"info","msg":"Success","time":"2025-04-01T15:48:59+08:00"}
{"event":"get a articleDTO by id","level":"info","msg":"Success","time":"2025-04-01T15:48:59+08:00"}
{"event":"get get articleCategoryList by categoryId","level":"info","msg":"Success to get articleCategoryList by categoryId","time":"2025-04-01T15:48:59+08:00"}
{"event":"get a articleDTO by id","level":"info","msg":"Success","time":"2025-04-01T15:48:59+08:00"}
{"event":"get a articleDTO by id","level":"info","msg":"Success","time":"2025-04-01T15:48:59+08:00"}
{"event":"get a articleDTO by id","level":"info","msg":"Success","time":"2025-04-01T15:48:59+08:00"}
{"event":"get a articleDTO by id","level":"info","msg":"Success","time":"2025-04-01T15:48:59+08:00"}
{"event":"get get articleCategoryList by categoryId","level":"info","msg":"Success to get articleCategoryList by categoryId","time":"2025-04-01T15:48:59+08:00"}
{"event":"get a articleDTO by id","level":"info","msg":"Success","time":"2025-04-01T15:48:59+08:00"}
{"event":"get a articleDTO by id","level":"info","msg":"Success","time":"2025-04-01T15:48:59+08:00"}
{"event":"get a articleDTO by id","level":"info","msg":"Success","time":"2025-04-01T15:48:59+08:00"}
{"event":"get a articleDTO by id","level":"info","msg":"Success","time":"2025-04-01T15:48:59+08:00"}
{"event":"get a articleDTOs by userId","level":"info","msg":"Success","time":"2025-04-01T15:49:01+08:00"}
{"event":"get a articleDTOs by userId","level":"info","msg":"Success","time":"2025-04-01T15:49:01+08:00"}
{"event":"get all categories","level":"info","msg":"Success to get all categories","time":"2025-04-01T15:49:04+08:00"}
{"event":"get all categories","level":"info","msg":"Success to get all categories","time":"2025-04-01T15:49:04+08:00"}
{"event":"get get articleCategoryList by categoryId","level":"info","msg":"Success to get articleCategoryList by categoryId","time":"2025-04-01T15:49:04+08:00"}
{"event":"get get articleCategoryList by categoryId","level":"info","msg":"Success to get articleCategoryList by categoryId","time":"2025-04-01T15:49:04+08:00"}
{"event":"get a articleDTO by id","level":"info","msg":"Success","time":"2025-04-01T15:49:04+08:00"}
{"event":"get a articleDTO by id","level":"info","msg":"Success","time":"2025-04-01T15:49:04+08:00"}
{"event":"get a articleDTO by id","level":"info","msg":"Success","time":"2025-04-01T15:49:04+08:00"}
{"event":"get a articleDTO by id","level":"info","msg":"Success","time":"2025-04-01T15:49:04+08:00"}
{"event":"get a articleDTO by id","level":"info","msg":"Success","time":"2025-04-01T15:49:04+08:00"}
{"event":"get get articleCategoryList by categoryId","level":"info","msg":"Success to get articleCategoryList by categoryId","time":"2025-04-01T15:49:04+08:00"}
{"event":"get a articleDTO by id","level":"info","msg":"Success","time":"2025-04-01T15:49:04+08:00"}
{"event":"get a articleDTO by id","level":"info","msg":"Success","time":"2025-04-01T15:49:04+08:00"}
{"event":"get a articleDTO by id","level":"info","msg":"Success","time":"2025-04-01T15:49:04+08:00"}
{"event":"get get articleCategoryList by categoryId","level":"info","msg":"Success to get articleCategoryList by categoryId","time":"2025-04-01T15:49:04+08:00"}
{"event":"get a articleDTO by id","level":"info","msg":"Success","time":"2025-04-01T15:49:04+08:00"}
{"event":"get a articleDTO by id","level":"info","msg":"Success","time":"2025-04-01T15:49:04+08:00"}
{"event":"get a articleDTO by id","level":"info","msg":"Success","time":"2025-04-01T15:49:04+08:00"}
{"event":"get a articleDTO by id","level":"info","msg":"Success","time":"2025-04-01T15:49:04+08:00"}
{"event":"get a articleDTOs by userId","level":"info","msg":"Success","time":"2025-04-01T15:49:35+08:00"}
{"event":"get a articleDTOs by userId","level":"info","msg":"Success","time":"2025-04-01T15:49:35+08:00"}
{"event":"get all categories","level":"info","msg":"Success to get all categories","time":"2025-04-01T15:50:29+08:00"}
{"event":"get all categories","level":"info","msg":"Success to get all categories","time":"2025-04-01T15:50:29+08:00"}
{"event":"get get articleCategoryList by categoryId","level":"info","msg":"Success to get articleCategoryList by categoryId","time":"2025-04-01T15:50:29+08:00"}
{"event":"get a articleDTO by id","level":"info","msg":"Success","time":"2025-04-01T15:50:29+08:00"}
{"event":"get a articleDTO by id","level":"info","msg":"Success","time":"2025-04-01T15:50:29+08:00"}
{"event":"get get articleCategoryList by categoryId","level":"info","msg":"Success to get articleCategoryList by categoryId","time":"2025-04-01T15:50:29+08:00"}
{"event":"get a articleDTO by id","level":"info","msg":"Success","time":"2025-04-01T15:50:29+08:00"}
{"event":"get get articleCategoryList by categoryId","level":"info","msg":"Success to get articleCategoryList by categoryId","time":"2025-04-01T15:50:29+08:00"}
{"event":"get a articleDTO by id","level":"info","msg":"Success","time":"2025-04-01T15:50:29+08:00"}
{"event":"get a articleDTO by id","level":"info","msg":"Success","time":"2025-04-01T15:50:29+08:00"}
{"event":"get a articleDTO by id","level":"info","msg":"Success","time":"2025-04-01T15:50:29+08:00"}
{"event":"get get articleCategoryList by categoryId","level":"info","msg":"Success to get articleCategoryList by categoryId","time":"2025-04-01T15:50:29+08:00"}
{"event":"get a articleDTO by id","level":"info","msg":"Success","time":"2025-04-01T15:50:29+08:00"}
{"event":"get a articleDTO by id","level":"info","msg":"Success","time":"2025-04-01T15:50:29+08:00"}
{"event":"get a articleDTO by id","level":"info","msg":"Success","time":"2025-04-01T15:50:29+08:00"}
{"event":"get a articleDTO by id","level":"info","msg":"Success","time":"2025-04-01T15:50:29+08:00"}
{"event":"get get articleCategoryList by categoryId","level":"info","msg":"Success to get articleCategoryList by categoryId","time":"2025-04-01T15:50:29+08:00"}
{"event":"get a articleDTO by id","level":"info","msg":"Success","time":"2025-04-01T15:50:29+08:00"}
{"event":"get a articleDTO by id","level":"info","msg":"Success","time":"2025-04-01T15:50:29+08:00"}
{"event":"get a articleDTO by id","level":"info","msg":"Success","time":"2025-04-01T15:50:29+08:00"}
{"event":"get a articleDTO by id","level":"info","msg":"Success","time":"2025-04-01T15:50:29+08:00"}
{"event":"get get articleCategoryList by categoryId","level":"info","msg":"Success to get articleCategoryList by categoryId","time":"2025-04-01T15:50:29+08:00"}
{"event":"get a articleDTO by id","level":"info","msg":"Success","time":"2025-04-01T15:50:29+08:00"}
{"event":"get a articleDTO by id","level":"info","msg":"Success","time":"2025-04-01T15:50:29+08:00"}
{"event":"get a articleDTO by id","level":"info","msg":"Success","time":"2025-04-01T15:50:29+08:00"}
{"event":"get a articleDTO by id","level":"info","msg":"Success","time":"2025-04-01T15:50:29+08:00"}
{"event":"get all categories","level":"info","msg":"Success to get all categories","time":"2025-04-01T15:50:56+08:00"}
{"event":"get all categories","level":"info","msg":"Success to get all categories","time":"2025-04-01T15:50:56+08:00"}
{"event":"get get articleCategoryList by categoryId","level":"info","msg":"Success to get articleCategoryList by categoryId","time":"2025-04-01T15:50:56+08:00"}
{"event":"get get articleCategoryList by categoryId","level":"info","msg":"Success to get articleCategoryList by categoryId","time":"2025-04-01T15:50:56+08:00"}
{"event":"get a articleDTO by id","level":"info","msg":"Success","time":"2025-04-01T15:50:56+08:00"}
{"event":"get a articleDTO by id","level":"info","msg":"Success","time":"2025-04-01T15:50:56+08:00"}
{"event":"get a articleDTO by id","level":"info","msg":"Success","time":"2025-04-01T15:50:56+08:00"}
{"event":"get a articleDTO by id","level":"info","msg":"Success","time":"2025-04-01T15:50:56+08:00"}
{"event":"get a articleDTO by id","level":"info","msg":"Success","time":"2025-04-01T15:50:56+08:00"}
{"event":"get a articleDTO by id","level":"info","msg":"Success","time":"2025-04-01T15:50:56+08:00"}
{"event":"get get articleCategoryList by categoryId","level":"info","msg":"Success to get articleCategoryList by categoryId","time":"2025-04-01T15:50:56+08:00"}
{"event":"get a articleDTO by id","level":"info","msg":"Success","time":"2025-04-01T15:50:56+08:00"}
{"event":"get a articleDTO by id","level":"info","msg":"Success","time":"2025-04-01T15:50:56+08:00"}
{"event":"get get articleCategoryList by categoryId","level":"info","msg":"Success to get articleCategoryList by categoryId","time":"2025-04-01T15:50:56+08:00"}
{"event":"get a articleDTO by id","level":"info","msg":"Success","time":"2025-04-01T15:50:56+08:00"}
{"event":"get a articleDTO by id","level":"info","msg":"Success","time":"2025-04-01T15:50:56+08:00"}
{"event":"get a articleDTO by id","level":"info","msg":"Success","time":"2025-04-01T15:50:56+08:00"}
{"event":"get a articleDTO by id","level":"info","msg":"Success","time":"2025-04-01T15:50:56+08:00"}
{"event":"get a articleDTOs by userId","level":"info","msg":"Success","time":"2025-04-01T15:50:59+08:00"}
{"event":"get a articleDTOs by userId","level":"info","msg":"Success","time":"2025-04-01T15:50:59+08:00"}
{"event":"get all categories","level":"info","msg":"Success to get all categories","time":"2025-04-01T15:51:02+08:00"}
{"event":"get all categories","level":"info","msg":"Success to get all categories","time":"2025-04-01T15:51:02+08:00"}
{"event":"get get articleCategoryList by categoryId","level":"info","msg":"Success to get articleCategoryList by categoryId","time":"2025-04-01T15:51:02+08:00"}
{"event":"get get articleCategoryList by categoryId","level":"info","msg":"Success to get articleCategoryList by categoryId","time":"2025-04-01T15:51:02+08:00"}
{"event":"get a articleDTO by id","level":"info","msg":"Success","time":"2025-04-01T15:51:02+08:00"}
{"event":"get a articleDTO by id","level":"info","msg":"Success","time":"2025-04-01T15:51:02+08:00"}
{"event":"get a articleDTO by id","level":"info","msg":"Success","time":"2025-04-01T15:51:02+08:00"}
{"event":"get a articleDTO by id","level":"info","msg":"Success","time":"2025-04-01T15:51:02+08:00"}
{"event":"get a articleDTO by id","level":"info","msg":"Success","time":"2025-04-01T15:51:02+08:00"}
{"event":"get a articleDTO by id","level":"info","msg":"Success","time":"2025-04-01T15:51:02+08:00"}
{"event":"get get articleCategoryList by categoryId","level":"info","msg":"Success to get articleCategoryList by categoryId","time":"2025-04-01T15:51:02+08:00"}
{"event":"get a articleDTO by id","level":"info","msg":"Success","time":"2025-04-01T15:51:02+08:00"}
{"event":"get get articleCategoryList by categoryId","level":"info","msg":"Success to get articleCategoryList by categoryId","time":"2025-04-01T15:51:02+08:00"}
{"event":"get a articleDTO by id","level":"info","msg":"Success","time":"2025-04-01T15:51:02+08:00"}
{"event":"get a articleDTO by id","level":"info","msg":"Success","time":"2025-04-01T15:51:02+08:00"}
{"event":"get get articleCategoryList by categoryId","level":"info","msg":"Success to get articleCategoryList by categoryId","time":"2025-04-01T15:51:02+08:00"}
{"event":"get a articleDTO by id","level":"info","msg":"Success","time":"2025-04-01T15:51:02+08:00"}
{"event":"get a articleDTO by id","level":"info","msg":"Success","time":"2025-04-01T15:51:02+08:00"}
{"event":"get a articleDTO by id","level":"info","msg":"Success","time":"2025-04-01T15:51:02+08:00"}
{"event":"get a articleDTO by id","level":"info","msg":"Success","time":"2025-04-01T15:51:02+08:00"}
{"event":"get a articleDTO by id","level":"info","msg":"Success","time":"2025-04-01T15:51:02+08:00"}
{"event":"get get articleCategoryList by categoryId","level":"info","msg":"Success to get articleCategoryList by categoryId","time":"2025-04-01T15:51:02+08:00"}
{"event":"get a articleDTO by id","level":"info","msg":"Success","time":"2025-04-01T15:51:02+08:00"}
{"event":"get a articleDTO by id","level":"info","msg":"Success","time":"2025-04-01T15:51:02+08:00"}
{"event":"get a articleDTO by id","level":"info","msg":"Success","time":"2025-04-01T15:51:02+08:00"}
{"event":"get a articleDTO by id","level":"info","msg":"Success","time":"2025-04-01T15:51:02+08:00"}
{"event":"get a articleDTOs by userId","level":"info","msg":"Success","time":"2025-04-01T15:51:36+08:00"}
{"event":"get a articleDTOs by userId","level":"info","msg":"Success","time":"2025-04-01T15:51:36+08:00"}
{"event":"get all categories","level":"info","msg":"Success to get all categories","time":"2025-04-01T15:51:36+08:00"}
{"event":"get all categories","level":"info","msg":"Success to get all categories","time":"2025-04-01T15:51:36+08:00"}
{"event":"get get articleCategoryList by categoryId","level":"info","msg":"Success to get articleCategoryList by categoryId","time":"2025-04-01T15:51:36+08:00"}
{"event":"get get articleCategoryList by categoryId","level":"info","msg":"Success to get articleCategoryList by categoryId","time":"2025-04-01T15:51:36+08:00"}
{"event":"get a articleDTO by id","level":"info","msg":"Success","time":"2025-04-01T15:51:36+08:00"}
{"event":"get a articleDTO by id","level":"info","msg":"Success","time":"2025-04-01T15:51:36+08:00"}
{"event":"get a articleDTO by id","level":"info","msg":"Success","time":"2025-04-01T15:51:36+08:00"}
{"event":"get a articleDTO by id","level":"info","msg":"Success","time":"2025-04-01T15:51:36+08:00"}
{"event":"get a articleDTO by id","level":"info","msg":"Success","time":"2025-04-01T15:51:36+08:00"}
{"event":"get a articleDTO by id","level":"info","msg":"Success","time":"2025-04-01T15:51:36+08:00"}
{"event":"get get articleCategoryList by categoryId","level":"info","msg":"Success to get articleCategoryList by categoryId","time":"2025-04-01T15:51:36+08:00"}
{"event":"get a articleDTO by id","level":"info","msg":"Success","time":"2025-04-01T15:51:36+08:00"}
{"event":"get get articleCategoryList by categoryId","level":"info","msg":"Success to get articleCategoryList by categoryId","time":"2025-04-01T15:51:36+08:00"}
{"event":"get a articleDTO by id","level":"info","msg":"Success","time":"2025-04-01T15:51:36+08:00"}
{"event":"get a articleDTO by id","level":"info","msg":"Success","time":"2025-04-01T15:51:36+08:00"}
{"event":"get a articleDTO by id","level":"info","msg":"Success","time":"2025-04-01T15:51:36+08:00"}
{"event":"get a articleDTO by id","level":"info","msg":"Success","time":"2025-04-01T15:51:36+08:00"}
{"event":"get a articleDTO by id","level":"info","msg":"Success","time":"2025-04-01T15:51:36+08:00"}
{"event":"get a articleDTOs by userId","level":"info","msg":"Success","time":"2025-04-01T15:51:40+08:00"}
{"event":"get a articleDTOs by userId","level":"info","msg":"Success","time":"2025-04-01T15:51:40+08:00"}
{"event":"get all categories","level":"info","msg":"Success to get all categories","time":"2025-04-01T15:51:42+08:00"}
{"event":"get all categories","level":"info","msg":"Success to get all categories","time":"2025-04-01T15:51:42+08:00"}
{"event":"get get articleCategoryList by categoryId","level":"info","msg":"Success to get articleCategoryList by categoryId","time":"2025-04-01T15:51:42+08:00"}
{"event":"get get articleCategoryList by categoryId","level":"info","msg":"Success to get articleCategoryList by categoryId","time":"2025-04-01T15:51:42+08:00"}
{"event":"get a articleDTO by id","level":"info","msg":"Success","time":"2025-04-01T15:51:42+08:00"}
{"event":"get a articleDTO by id","level":"info","msg":"Success","time":"2025-04-01T15:51:42+08:00"}
{"event":"get a articleDTO by id","level":"info","msg":"Success","time":"2025-04-01T15:51:42+08:00"}
{"event":"get a articleDTO by id","level":"info","msg":"Success","time":"2025-04-01T15:51:42+08:00"}
{"event":"get get articleCategoryList by categoryId","level":"info","msg":"Success to get articleCategoryList by categoryId","time":"2025-04-01T15:51:42+08:00"}
{"event":"get a articleDTO by id","level":"info","msg":"Success","time":"2025-04-01T15:51:42+08:00"}
{"event":"get a articleDTO by id","level":"info","msg":"Success","time":"2025-04-01T15:51:42+08:00"}
{"event":"get a articleDTO by id","level":"info","msg":"Success","time":"2025-04-01T15:51:42+08:00"}
{"event":"get a articleDTO by id","level":"info","msg":"Success","time":"2025-04-01T15:51:42+08:00"}
{"event":"get get articleCategoryList by categoryId","level":"info","msg":"Success to get articleCategoryList by categoryId","time":"2025-04-01T15:51:42+08:00"}
{"event":"get a articleDTO by id","level":"info","msg":"Success","time":"2025-04-01T15:51:42+08:00"}
{"event":"get a articleDTO by id","level":"info","msg":"Success","time":"2025-04-01T15:51:42+08:00"}
{"event":"get a articleDTO by id","level":"info","msg":"Success","time":"2025-04-01T15:51:42+08:00"}
{"event":"get a articleDTO by id","level":"info","msg":"Success","time":"2025-04-01T15:51:42+08:00"}
{"event":"get all categories","level":"info","msg":"Success to get all categories","time":"2025-04-01T15:52:08+08:00"}
{"event":"get all categories","level":"info","msg":"Success to get all categories","time":"2025-04-01T15:52:08+08:00"}
{"event":"get get articleCategoryList by categoryId","level":"info","msg":"Success to get articleCategoryList by categoryId","time":"2025-04-01T15:52:08+08:00"}
{"event":"get get articleCategoryList by categoryId","level":"info","msg":"Success to get articleCategoryList by categoryId","time":"2025-04-01T15:52:08+08:00"}
{"event":"get a articleDTO by id","level":"info","msg":"Success","time":"2025-04-01T15:52:08+08:00"}
{"event":"get a articleDTO by id","level":"info","msg":"Success","time":"2025-04-01T15:52:08+08:00"}
{"event":"get a articleDTO by id","level":"info","msg":"Success","time":"2025-04-01T15:52:08+08:00"}
{"event":"get a articleDTO by id","level":"info","msg":"Success","time":"2025-04-01T15:52:08+08:00"}
{"event":"get a articleDTO by id","level":"info","msg":"Success","time":"2025-04-01T15:52:08+08:00"}
{"event":"get get articleCategoryList by categoryId","level":"info","msg":"Success to get articleCategoryList by categoryId","time":"2025-04-01T15:52:08+08:00"}
{"event":"get a articleDTO by id","level":"info","msg":"Success","time":"2025-04-01T15:52:08+08:00"}
{"event":"get a articleDTO by id","level":"info","msg":"Success","time":"2025-04-01T15:52:08+08:00"}
{"event":"get a articleDTO by id","level":"info","msg":"Success","time":"2025-04-01T15:52:08+08:00"}
{"event":"get get articleCategoryList by categoryId","level":"info","msg":"Success to get articleCategoryList by categoryId","time":"2025-04-01T15:52:08+08:00"}
{"event":"get a articleDTO by id","level":"info","msg":"Success","time":"2025-04-01T15:52:08+08:00"}
{"event":"get get articleCategoryList by categoryId","level":"info","msg":"Success to get articleCategoryList by categoryId","time":"2025-04-01T15:52:08+08:00"}
{"event":"get a articleDTO by id","level":"info","msg":"Success","time":"2025-04-01T15:52:08+08:00"}
{"event":"get a articleDTO by id","level":"info","msg":"Success","time":"2025-04-01T15:52:08+08:00"}
{"event":"get a articleDTO by id","level":"info","msg":"Success","time":"2025-04-01T15:52:08+08:00"}
{"event":"get a articleDTO by id","level":"info","msg":"Success","time":"2025-04-01T15:52:08+08:00"}
{"event":"get a articleDTO by id","level":"info","msg":"Success","time":"2025-04-01T15:52:08+08:00"}
{"event":"get get articleCategoryList by categoryId","level":"info","msg":"Success to get articleCategoryList by categoryId","time":"2025-04-01T15:52:08+08:00"}
{"event":"get a articleDTO by id","level":"info","msg":"Success","time":"2025-04-01T15:52:08+08:00"}
{"event":"get a articleDTO by id","level":"info","msg":"Success","time":"2025-04-01T15:52:08+08:00"}
{"event":"get a articleDTO by id","level":"info","msg":"Success","time":"2025-04-01T15:52:08+08:00"}
{"event":"get a articleDTO by id","level":"info","msg":"Success","time":"2025-04-01T15:52:08+08:00"}
{"event":"get a articleDTOs by userId","level":"info","msg":"Success","time":"2025-04-01T15:52:08+08:00"}
{"event":"get a articleDTOs by userId","level":"info","msg":"Success","time":"2025-04-01T15:52:08+08:00"}
{"event":"get all categories","level":"info","msg":"Success to get all categories","time":"2025-04-01T15:52:10+08:00"}
{"event":"get all categories","level":"info","msg":"Success to get all categories","time":"2025-04-01T15:52:10+08:00"}
{"event":"get get articleCategoryList by categoryId","level":"info","msg":"Success to get articleCategoryList by categoryId","time":"2025-04-01T15:52:10+08:00"}
{"event":"get a articleDTO by id","level":"info","msg":"Success","time":"2025-04-01T15:52:10+08:00"}
{"event":"get get articleCategoryList by categoryId","level":"info","msg":"Success to get articleCategoryList by categoryId","time":"2025-04-01T15:52:10+08:00"}
{"event":"get a articleDTO by id","level":"info","msg":"Success","time":"2025-04-01T15:52:10+08:00"}
{"event":"get a articleDTO by id","level":"info","msg":"Success","time":"2025-04-01T15:52:10+08:00"}
{"event":"get a articleDTO by id","level":"info","msg":"Success","time":"2025-04-01T15:52:10+08:00"}
{"event":"get a articleDTO by id","level":"info","msg":"Success","time":"2025-04-01T15:52:10+08:00"}
{"event":"get a articleDTO by id","level":"info","msg":"Success","time":"2025-04-01T15:52:10+08:00"}
{"event":"get get articleCategoryList by categoryId","level":"info","msg":"Success to get articleCategoryList by categoryId","time":"2025-04-01T15:52:10+08:00"}
{"event":"get a articleDTO by id","level":"info","msg":"Success","time":"2025-04-01T15:52:10+08:00"}
{"event":"get get articleCategoryList by categoryId","level":"info","msg":"Success to get articleCategoryList by categoryId","time":"2025-04-01T15:52:10+08:00"}
{"event":"get a articleDTO by id","level":"info","msg":"Success","time":"2025-04-01T15:52:10+08:00"}
{"event":"get a articleDTO by id","level":"info","msg":"Success","time":"2025-04-01T15:52:10+08:00"}
{"event":"get a articleDTO by id","level":"info","msg":"Success","time":"2025-04-01T15:52:10+08:00"}
{"event":"get a articleDTO by id","level":"info","msg":"Success","time":"2025-04-01T15:52:10+08:00"}
{"event":"get a articleDTO by id","level":"info","msg":"Success","time":"2025-04-01T15:52:10+08:00"}
{"event":"get a articleDTOs by userId","level":"info","msg":"Success","time":"2025-04-01T15:52:56+08:00"}
{"event":"get a articleDTOs by userId","level":"info","msg":"Success","time":"2025-04-01T15:52:56+08:00"}
{"event":"get a articleDTOs by userId","level":"info","msg":"Success","time":"2025-04-01T15:52:58+08:00"}
{"event":"get a articleDTOs by userId","level":"info","msg":"Success","time":"2025-04-01T15:52:58+08:00"}
{"event":"get a articleDTOs by userId","level":"info","msg":"Success","time":"2025-04-01T15:53:00+08:00"}
{"event":"get a articleDTOs by userId","level":"info","msg":"Success","time":"2025-04-01T15:53:00+08:00"}
{"event":"get a articleDTOs by userId","level":"info","msg":"Success","time":"2025-04-01T15:53:04+08:00"}
{"event":"get a articleDTOs by userId","level":"info","msg":"Success","time":"2025-04-01T15:53:07+08:00"}
{"event":"get a articleDTOs by userId","level":"info","msg":"Success","time":"2025-04-01T15:53:16+08:00"}
{"event":"get all categories","level":"info","msg":"Success to get all categories","time":"2025-04-01T15:54:51+08:00"}
{"event":"get all categories","level":"info","msg":"Success to get all categories","time":"2025-04-01T15:54:51+08:00"}
{"event":"get get articleCategoryList by categoryId","level":"info","msg":"Success to get articleCategoryList by categoryId","time":"2025-04-01T15:54:51+08:00"}
{"event":"get get articleCategoryList by categoryId","level":"info","msg":"Success to get articleCategoryList by categoryId","time":"2025-04-01T15:54:51+08:00"}
{"event":"get a articleDTO by id","level":"info","msg":"Success","time":"2025-04-01T15:54:51+08:00"}
{"event":"get a articleDTO by id","level":"info","msg":"Success","time":"2025-04-01T15:54:51+08:00"}
{"event":"get a articleDTO by id","level":"info","msg":"Success","time":"2025-04-01T15:54:51+08:00"}
{"event":"get a articleDTO by id","level":"info","msg":"Success","time":"2025-04-01T15:54:51+08:00"}
{"event":"get a articleDTO by id","level":"info","msg":"Success","time":"2025-04-01T15:54:51+08:00"}
{"event":"get a articleDTO by id","level":"info","msg":"Success","time":"2025-04-01T15:54:51+08:00"}
{"event":"get get articleCategoryList by categoryId","level":"info","msg":"Success to get articleCategoryList by categoryId","time":"2025-04-01T15:54:51+08:00"}
{"event":"get a articleDTO by id","level":"info","msg":"Success","time":"2025-04-01T15:54:51+08:00"}
{"event":"get get articleCategoryList by categoryId","level":"info","msg":"Success to get articleCategoryList by categoryId","time":"2025-04-01T15:54:51+08:00"}
{"event":"get a articleDTO by id","level":"info","msg":"Success","time":"2025-04-01T15:54:51+08:00"}
{"event":"get a articleDTO by id","level":"info","msg":"Success","time":"2025-04-01T15:54:51+08:00"}
{"event":"get a articleDTO by id","level":"info","msg":"Success","time":"2025-04-01T15:54:51+08:00"}
{"event":"get get articleCategoryList by categoryId","level":"info","msg":"Success to get articleCategoryList by categoryId","time":"2025-04-01T15:54:51+08:00"}
{"event":"get a articleDTO by id","level":"info","msg":"Success","time":"2025-04-01T15:54:51+08:00"}
{"event":"get a articleDTO by id","level":"info","msg":"Success","time":"2025-04-01T15:54:51+08:00"}
{"event":"get a articleDTO by id","level":"info","msg":"Success","time":"2025-04-01T15:54:51+08:00"}
{"event":"get a articleDTO by id","level":"info","msg":"Success","time":"2025-04-01T15:54:51+08:00"}
{"event":"get get articleCategoryList by categoryId","level":"info","msg":"Success to get articleCategoryList by categoryId","time":"2025-04-01T15:54:51+08:00"}
{"event":"get a articleDTO by id","level":"info","msg":"Success","time":"2025-04-01T15:54:51+08:00"}
{"event":"get a articleDTO by id","level":"info","msg":"Success","time":"2025-04-01T15:54:51+08:00"}
{"event":"get a articleDTO by id","level":"info","msg":"Success","time":"2025-04-01T15:54:51+08:00"}
{"event":"get a articleDTO by id","level":"info","msg":"Success","time":"2025-04-01T15:54:51+08:00"}
{"event":"get a articleDTOs by userId","level":"info","msg":"Success","time":"2025-04-01T15:54:54+08:00"}
{"event":"get a articleDTOs by userId","level":"info","msg":"Success","time":"2025-04-01T15:54:54+08:00"}
{"event":"get all categories","level":"info","msg":"Success to get all categories","time":"2025-04-01T15:54:55+08:00"}
{"event":"get all categories","level":"info","msg":"Success to get all categories","time":"2025-04-01T15:54:55+08:00"}
{"event":"get get articleCategoryList by categoryId","level":"info","msg":"Success to get articleCategoryList by categoryId","time":"2025-04-01T15:54:55+08:00"}
{"event":"get get articleCategoryList by categoryId","level":"info","msg":"Success to get articleCategoryList by categoryId","time":"2025-04-01T15:54:55+08:00"}
{"event":"get a articleDTO by id","level":"info","msg":"Success","time":"2025-04-01T15:54:55+08:00"}
{"event":"get a articleDTO by id","level":"info","msg":"Success","time":"2025-04-01T15:54:55+08:00"}
{"event":"get a articleDTO by id","level":"info","msg":"Success","time":"2025-04-01T15:54:55+08:00"}
{"event":"get a articleDTO by id","level":"info","msg":"Success","time":"2025-04-01T15:54:55+08:00"}
{"event":"get a articleDTO by id","level":"info","msg":"Success","time":"2025-04-01T15:54:55+08:00"}
{"event":"get get articleCategoryList by categoryId","level":"info","msg":"Success to get articleCategoryList by categoryId","time":"2025-04-01T15:54:55+08:00"}
{"event":"get a articleDTO by id","level":"info","msg":"Success","time":"2025-04-01T15:54:55+08:00"}
{"event":"get a articleDTO by id","level":"info","msg":"Success","time":"2025-04-01T15:54:55+08:00"}
{"event":"get a articleDTO by id","level":"info","msg":"Success","time":"2025-04-01T15:54:55+08:00"}
{"event":"get get articleCategoryList by categoryId","level":"info","msg":"Success to get articleCategoryList by categoryId","time":"2025-04-01T15:54:55+08:00"}
{"event":"get a articleDTO by id","level":"info","msg":"Success","time":"2025-04-01T15:54:55+08:00"}
{"event":"get a articleDTO by id","level":"info","msg":"Success","time":"2025-04-01T15:54:55+08:00"}
{"event":"get a articleDTO by id","level":"info","msg":"Success","time":"2025-04-01T15:54:55+08:00"}
{"event":"get a articleDTO by id","level":"info","msg":"Success","time":"2025-04-01T15:54:55+08:00"}
{"event":"get a articleDTOs by userId","level":"info","msg":"Success","time":"2025-04-01T15:54:59+08:00"}
{"event":"get a articleDTOs by userId","level":"info","msg":"Success","time":"2025-04-01T15:54:59+08:00"}
{"event":"get all categories","level":"info","msg":"Success to get all categories","time":"2025-04-01T15:55:01+08:00"}
{"event":"get all categories","level":"info","msg":"Success to get all categories","time":"2025-04-01T15:55:01+08:00"}
{"event":"get get articleCategoryList by categoryId","level":"info","msg":"Success to get articleCategoryList by categoryId","time":"2025-04-01T15:55:01+08:00"}
{"event":"get get articleCategoryList by categoryId","level":"info","msg":"Success to get articleCategoryList by categoryId","time":"2025-04-01T15:55:01+08:00"}
{"event":"get a articleDTO by id","level":"info","msg":"Success","time":"2025-04-01T15:55:01+08:00"}
{"event":"get a articleDTO by id","level":"info","msg":"Success","time":"2025-04-01T15:55:01+08:00"}
{"event":"get a articleDTO by id","level":"info","msg":"Success","time":"2025-04-01T15:55:01+08:00"}
{"event":"get a articleDTO by id","level":"info","msg":"Success","time":"2025-04-01T15:55:01+08:00"}
{"event":"get a articleDTO by id","level":"info","msg":"Success","time":"2025-04-01T15:55:01+08:00"}
{"event":"get a articleDTO by id","level":"info","msg":"Success","time":"2025-04-01T15:55:01+08:00"}
{"event":"get get articleCategoryList by categoryId","level":"info","msg":"Success to get articleCategoryList by categoryId","time":"2025-04-01T15:55:01+08:00"}
{"event":"get a articleDTO by id","level":"info","msg":"Success","time":"2025-04-01T15:55:01+08:00"}
{"event":"get get articleCategoryList by categoryId","level":"info","msg":"Success to get articleCategoryList by categoryId","time":"2025-04-01T15:55:01+08:00"}
{"event":"get a articleDTO by id","level":"info","msg":"Success","time":"2025-04-01T15:55:01+08:00"}
{"event":"get a articleDTO by id","level":"info","msg":"Success","time":"2025-04-01T15:55:01+08:00"}
{"event":"get a articleDTO by id","level":"info","msg":"Success","time":"2025-04-01T15:55:01+08:00"}
{"event":"get a articleDTO by id","level":"info","msg":"Success","time":"2025-04-01T15:55:01+08:00"}
{"event":"get a articleDTO by id","level":"info","msg":"Success","time":"2025-04-01T15:55:01+08:00"}
{"event":"get a articleDTOs by userId","level":"info","msg":"Success","time":"2025-04-01T15:56:02+08:00"}
{"event":"get a articleDTOs by userId","level":"info","msg":"Success","time":"2025-04-01T15:56:02+08:00"}
{"event":"get all categories","level":"info","msg":"Success to get all categories","time":"2025-04-01T15:56:04+08:00"}
{"event":"get all categories","level":"info","msg":"Success to get all categories","time":"2025-04-01T15:56:04+08:00"}
{"event":"get get articleCategoryList by categoryId","level":"info","msg":"Success to get articleCategoryList by categoryId","time":"2025-04-01T15:56:04+08:00"}
{"event":"get get articleCategoryList by categoryId","level":"info","msg":"Success to get articleCategoryList by categoryId","time":"2025-04-01T15:56:04+08:00"}
{"event":"get a articleDTO by id","level":"info","msg":"Success","time":"2025-04-01T15:56:04+08:00"}
{"event":"get a articleDTO by id","level":"info","msg":"Success","time":"2025-04-01T15:56:04+08:00"}
{"event":"get a articleDTO by id","level":"info","msg":"Success","time":"2025-04-01T15:56:04+08:00"}
{"event":"get a articleDTO by id","level":"info","msg":"Success","time":"2025-04-01T15:56:04+08:00"}
{"event":"get a articleDTO by id","level":"info","msg":"Success","time":"2025-04-01T15:56:04+08:00"}
{"event":"get a articleDTO by id","level":"info","msg":"Success","time":"2025-04-01T15:56:04+08:00"}
{"event":"get get articleCategoryList by categoryId","level":"info","msg":"Success to get articleCategoryList by categoryId","time":"2025-04-01T15:56:04+08:00"}
{"event":"get a articleDTO by id","level":"info","msg":"Success","time":"2025-04-01T15:56:04+08:00"}
{"event":"get get articleCategoryList by categoryId","level":"info","msg":"Success to get articleCategoryList by categoryId","time":"2025-04-01T15:56:04+08:00"}
{"event":"get a articleDTO by id","level":"info","msg":"Success","time":"2025-04-01T15:56:04+08:00"}
{"event":"get a articleDTO by id","level":"info","msg":"Success","time":"2025-04-01T15:56:04+08:00"}
{"event":"get a articleDTO by id","level":"info","msg":"Success","time":"2025-04-01T15:56:04+08:00"}
{"event":"get get articleCategoryList by categoryId","level":"info","msg":"Success to get articleCategoryList by categoryId","time":"2025-04-01T15:56:04+08:00"}
{"event":"get a articleDTO by id","level":"info","msg":"Success","time":"2025-04-01T15:56:04+08:00"}
{"event":"get a articleDTO by id","level":"info","msg":"Success","time":"2025-04-01T15:56:04+08:00"}
{"event":"get a articleDTO by id","level":"info","msg":"Success","time":"2025-04-01T15:56:04+08:00"}
{"event":"get a articleDTO by id","level":"info","msg":"Success","time":"2025-04-01T15:56:04+08:00"}
{"event":"get get articleCategoryList by categoryId","level":"info","msg":"Success to get articleCategoryList by categoryId","time":"2025-04-01T15:56:04+08:00"}
{"event":"get a articleDTO by id","level":"info","msg":"Success","time":"2025-04-01T15:56:04+08:00"}
{"event":"get a articleDTO by id","level":"info","msg":"Success","time":"2025-04-01T15:56:04+08:00"}
{"event":"get a articleDTO by id","level":"info","msg":"Success","time":"2025-04-01T15:56:04+08:00"}
{"event":"get a articleDTO by id","level":"info","msg":"Success","time":"2025-04-01T15:56:04+08:00"}
{"event":"get a articleDTOs by userId","level":"info","msg":"Success","time":"2025-04-01T16:05:43+08:00"}
{"event":"get a articleDTOs by userId","level":"info","msg":"Success","time":"2025-04-01T16:05:43+08:00"}
{"event":"get a articleDTOs by userId","level":"info","msg":"Success","time":"2025-04-01T16:05:44+08:00"}
{"event":"get a articleDTOs by userId","level":"info","msg":"Success","time":"2025-04-01T16:05:44+08:00"}
{"event":"get a articleDTOs by userId","level":"info","msg":"Success","time":"2025-04-01T16:05:46+08:00"}
{"event":"get a articleDTOs by userId","level":"info","msg":"Success","time":"2025-04-01T16:05:46+08:00"}
{"event":"get all categories","level":"info","msg":"Success to get all categories","time":"2025-04-01T16:07:40+08:00"}
{"event":"get all categories","level":"info","msg":"Success to get all categories","time":"2025-04-01T16:07:40+08:00"}
{"event":"get get articleCategoryList by categoryId","level":"info","msg":"Success to get articleCategoryList by categoryId","time":"2025-04-01T16:07:40+08:00"}
{"event":"get get articleCategoryList by categoryId","level":"info","msg":"Success to get articleCategoryList by categoryId","time":"2025-04-01T16:07:40+08:00"}
{"event":"get a articleDTO by id","level":"info","msg":"Success","time":"2025-04-01T16:07:40+08:00"}
{"event":"get a articleDTO by id","level":"info","msg":"Success","time":"2025-04-01T16:07:40+08:00"}
{"event":"get a articleDTO by id","level":"info","msg":"Success","time":"2025-04-01T16:07:40+08:00"}
{"event":"get a articleDTO by id","level":"info","msg":"Success","time":"2025-04-01T16:07:40+08:00"}
{"event":"get a articleDTO by id","level":"info","msg":"Success","time":"2025-04-01T16:07:40+08:00"}
{"event":"get a articleDTO by id","level":"info","msg":"Success","time":"2025-04-01T16:07:40+08:00"}
{"event":"get get articleCategoryList by categoryId","level":"info","msg":"Success to get articleCategoryList by categoryId","time":"2025-04-01T16:07:40+08:00"}
{"event":"get a articleDTO by id","level":"info","msg":"Success","time":"2025-04-01T16:07:40+08:00"}
{"event":"get get articleCategoryList by categoryId","level":"info","msg":"Success to get articleCategoryList by categoryId","time":"2025-04-01T16:07:40+08:00"}
{"event":"get a articleDTO by id","level":"info","msg":"Success","time":"2025-04-01T16:07:40+08:00"}
{"event":"get a articleDTO by id","level":"info","msg":"Success","time":"2025-04-01T16:07:40+08:00"}
{"event":"get a articleDTO by id","level":"info","msg":"Success","time":"2025-04-01T16:07:40+08:00"}
{"event":"get a articleDTO by id","level":"info","msg":"Success","time":"2025-04-01T16:07:40+08:00"}
{"event":"get get articleCategoryList by categoryId","level":"info","msg":"Success to get articleCategoryList by categoryId","time":"2025-04-01T16:07:40+08:00"}
{"event":"get a articleDTO by id","level":"info","msg":"Success","time":"2025-04-01T16:07:40+08:00"}
{"event":"get a articleDTO by id","level":"info","msg":"Success","time":"2025-04-01T16:07:40+08:00"}
{"event":"get a articleDTO by id","level":"info","msg":"Success","time":"2025-04-01T16:07:40+08:00"}
{"event":"get get articleCategoryList by categoryId","level":"info","msg":"Success to get articleCategoryList by categoryId","time":"2025-04-01T16:07:40+08:00"}
{"event":"get a articleDTO by id","level":"info","msg":"Success","time":"2025-04-01T16:07:40+08:00"}
{"event":"get a articleDTO by id","level":"info","msg":"Success","time":"2025-04-01T16:07:40+08:00"}
{"event":"get a articleDTO by id","level":"info","msg":"Success","time":"2025-04-01T16:07:40+08:00"}
{"event":"get a articleDTO by id","level":"info","msg":"Success","time":"2025-04-01T16:07:40+08:00"}
{"event":"get a articleDTOs by userId","level":"info","msg":"Success","time":"2025-04-01T16:07:43+08:00"}
{"event":"get a articleDTOs by userId","level":"info","msg":"Success","time":"2025-04-01T16:07:43+08:00"}
{"event":"get all categories","level":"info","msg":"Success to get all categories","time":"2025-04-01T16:07:51+08:00"}
{"event":"get all categories","level":"info","msg":"Success to get all categories","time":"2025-04-01T16:07:51+08:00"}
{"event":"get get articleCategoryList by categoryId","level":"info","msg":"Success to get articleCategoryList by categoryId","time":"2025-04-01T16:07:51+08:00"}
{"event":"get get articleCategoryList by categoryId","level":"info","msg":"Success to get articleCategoryList by categoryId","time":"2025-04-01T16:07:51+08:00"}
{"event":"get a articleDTO by id","level":"info","msg":"Success","time":"2025-04-01T16:07:51+08:00"}
{"event":"get a articleDTO by id","level":"info","msg":"Success","time":"2025-04-01T16:07:51+08:00"}
{"event":"get a articleDTO by id","level":"info","msg":"Success","time":"2025-04-01T16:07:51+08:00"}
{"event":"get a articleDTO by id","level":"info","msg":"Success","time":"2025-04-01T16:07:51+08:00"}
{"event":"get a articleDTO by id","level":"info","msg":"Success","time":"2025-04-01T16:07:51+08:00"}
{"event":"get a articleDTO by id","level":"info","msg":"Success","time":"2025-04-01T16:07:51+08:00"}
{"event":"get get articleCategoryList by categoryId","level":"info","msg":"Success to get articleCategoryList by categoryId","time":"2025-04-01T16:07:51+08:00"}
{"event":"get a articleDTO by id","level":"info","msg":"Success","time":"2025-04-01T16:07:51+08:00"}
{"event":"get get articleCategoryList by categoryId","level":"info","msg":"Success to get articleCategoryList by categoryId","time":"2025-04-01T16:07:51+08:00"}
{"event":"get a articleDTO by id","level":"info","msg":"Success","time":"2025-04-01T16:07:51+08:00"}
{"event":"get a articleDTO by id","level":"info","msg":"Success","time":"2025-04-01T16:07:51+08:00"}
{"event":"get a articleDTO by id","level":"info","msg":"Success","time":"2025-04-01T16:07:51+08:00"}
{"event":"get a articleDTO by id","level":"info","msg":"Success","time":"2025-04-01T16:07:51+08:00"}
{"event":"get a articleDTO by id","level":"info","msg":"Success","time":"2025-04-01T16:07:51+08:00"}
{"event":"get get articleCategoryList by categoryId","level":"info","msg":"Success to get articleCategoryList by categoryId","time":"2025-04-01T16:07:51+08:00"}
{"event":"get get articleCategoryList by categoryId","level":"info","msg":"Success to get articleCategoryList by categoryId","time":"2025-04-01T16:07:51+08:00"}
{"event":"get a articleDTO by id","level":"info","msg":"Success","time":"2025-04-01T16:07:51+08:00"}
{"event":"get a articleDTO by id","level":"info","msg":"Success","time":"2025-04-01T16:07:51+08:00"}
{"event":"get a articleDTO by id","level":"info","msg":"Success","time":"2025-04-01T16:07:51+08:00"}
{"event":"get a articleDTO by id","level":"info","msg":"Success","time":"2025-04-01T16:07:51+08:00"}
{"event":"get a articleDTO by id","level":"info","msg":"Success","time":"2025-04-01T16:07:51+08:00"}
{"event":"get a articleDTO by id","level":"info","msg":"Success","time":"2025-04-01T16:07:51+08:00"}
{"event":"get a articleDTOs by userId","level":"info","msg":"Success","time":"2025-04-01T16:07:53+08:00"}
{"event":"get a articleDTOs by userId","level":"info","msg":"Success","time":"2025-04-01T16:07:53+08:00"}
{"event":"get all categories","level":"info","msg":"Success to get all categories","time":"2025-04-01T16:07:54+08:00"}
{"event":"get all categories","level":"info","msg":"Success to get all categories","time":"2025-04-01T16:07:54+08:00"}
{"event":"get get articleCategoryList by categoryId","level":"info","msg":"Success to get articleCategoryList by categoryId","time":"2025-04-01T16:07:54+08:00"}
{"event":"get get articleCategoryList by categoryId","level":"info","msg":"Success to get articleCategoryList by categoryId","time":"2025-04-01T16:07:54+08:00"}
{"event":"get a articleDTO by id","level":"info","msg":"Success","time":"2025-04-01T16:07:54+08:00"}
{"event":"get a articleDTO by id","level":"info","msg":"Success","time":"2025-04-01T16:07:54+08:00"}
{"event":"get a articleDTO by id","level":"info","msg":"Success","time":"2025-04-01T16:07:54+08:00"}
{"event":"get a articleDTO by id","level":"info","msg":"Success","time":"2025-04-01T16:07:54+08:00"}
{"event":"get a articleDTO by id","level":"info","msg":"Success","time":"2025-04-01T16:07:54+08:00"}
{"event":"get get articleCategoryList by categoryId","level":"info","msg":"Success to get articleCategoryList by categoryId","time":"2025-04-01T16:07:54+08:00"}
{"event":"get a articleDTO by id","level":"info","msg":"Success","time":"2025-04-01T16:07:54+08:00"}
{"event":"get a articleDTO by id","level":"info","msg":"Success","time":"2025-04-01T16:07:54+08:00"}
{"event":"get get articleCategoryList by categoryId","level":"info","msg":"Success to get articleCategoryList by categoryId","time":"2025-04-01T16:07:54+08:00"}
{"event":"get a articleDTO by id","level":"info","msg":"Success","time":"2025-04-01T16:07:54+08:00"}
{"event":"get a articleDTO by id","level":"info","msg":"Success","time":"2025-04-01T16:07:54+08:00"}
{"event":"get a articleDTO by id","level":"info","msg":"Success","time":"2025-04-01T16:07:54+08:00"}
{"event":"get a articleDTO by id","level":"info","msg":"Success","time":"2025-04-01T16:07:54+08:00"}
{"event":"get a articleDTO by id","level":"info","msg":"Success","time":"2025-04-01T16:07:54+08:00"}
{"event":"get a articleDTOs by userId","level":"info","msg":"Success","time":"2025-04-01T16:07:56+08:00"}
{"event":"get a articleDTOs by userId","level":"info","msg":"Success","time":"2025-04-01T16:07:56+08:00"}
{"event":"get all categories","level":"info","msg":"Success to get all categories","time":"2025-04-01T16:07:59+08:00"}
{"event":"get all categories","level":"info","msg":"Success to get all categories","time":"2025-04-01T16:07:59+08:00"}
{"event":"get get articleCategoryList by categoryId","level":"info","msg":"Success to get articleCategoryList by categoryId","time":"2025-04-01T16:07:59+08:00"}
{"event":"get get articleCategoryList by categoryId","level":"info","msg":"Success to get articleCategoryList by categoryId","time":"2025-04-01T16:07:59+08:00"}
{"event":"get a articleDTO by id","level":"info","msg":"Success","time":"2025-04-01T16:07:59+08:00"}
{"event":"get a articleDTO by id","level":"info","msg":"Success","time":"2025-04-01T16:07:59+08:00"}
{"event":"get a articleDTO by id","level":"info","msg":"Success","time":"2025-04-01T16:07:59+08:00"}
{"event":"get a articleDTO by id","level":"info","msg":"Success","time":"2025-04-01T16:07:59+08:00"}
{"event":"get a articleDTO by id","level":"info","msg":"Success","time":"2025-04-01T16:07:59+08:00"}
{"event":"get a articleDTO by id","level":"info","msg":"Success","time":"2025-04-01T16:07:59+08:00"}
{"event":"get get articleCategoryList by categoryId","level":"info","msg":"Success to get articleCategoryList by categoryId","time":"2025-04-01T16:07:59+08:00"}
{"event":"get a articleDTO by id","level":"info","msg":"Success","time":"2025-04-01T16:07:59+08:00"}
{"event":"get a articleDTO by id","level":"info","msg":"Success","time":"2025-04-01T16:07:59+08:00"}
{"event":"get get articleCategoryList by categoryId","level":"info","msg":"Success to get articleCategoryList by categoryId","time":"2025-04-01T16:07:59+08:00"}
{"event":"get a articleDTO by id","level":"info","msg":"Success","time":"2025-04-01T16:07:59+08:00"}
{"event":"get a articleDTO by id","level":"info","msg":"Success","time":"2025-04-01T16:07:59+08:00"}
{"event":"get get articleCategoryList by categoryId","level":"info","msg":"Success to get articleCategoryList by categoryId","time":"2025-04-01T16:07:59+08:00"}
{"event":"get a articleDTO by id","level":"info","msg":"Success","time":"2025-04-01T16:07:59+08:00"}
{"event":"get a articleDTO by id","level":"info","msg":"Success","time":"2025-04-01T16:07:59+08:00"}
{"event":"get a articleDTO by id","level":"info","msg":"Success","time":"2025-04-01T16:07:59+08:00"}
{"event":"get a articleDTO by id","level":"info","msg":"Success","time":"2025-04-01T16:07:59+08:00"}
{"event":"get get articleCategoryList by categoryId","level":"info","msg":"Success to get articleCategoryList by categoryId","time":"2025-04-01T16:07:59+08:00"}
{"event":"get a articleDTO by id","level":"info","msg":"Success","time":"2025-04-01T16:07:59+08:00"}
{"event":"get a articleDTO by id","level":"info","msg":"Success","time":"2025-04-01T16:07:59+08:00"}
{"event":"get a articleDTO by id","level":"info","msg":"Success","time":"2025-04-01T16:07:59+08:00"}
{"event":"get a articleDTO by id","level":"info","msg":"Success","time":"2025-04-01T16:07:59+08:00"}
{"event":"get a articleDTOs by userId","level":"info","msg":"Success","time":"2025-04-01T16:08:04+08:00"}
{"event":"get a articleDTOs by userId","level":"info","msg":"Success","time":"2025-04-01T16:08:04+08:00"}
{"event":"get all categories","level":"info","msg":"Success to get all categories","time":"2025-04-01T16:08:06+08:00"}
{"event":"get all categories","level":"info","msg":"Success to get all categories","time":"2025-04-01T16:08:06+08:00"}
{"event":"get get articleCategoryList by categoryId","level":"info","msg":"Success to get articleCategoryList by categoryId","time":"2025-04-01T16:08:06+08:00"}
{"event":"get get articleCategoryList by categoryId","level":"info","msg":"Success to get articleCategoryList by categoryId","time":"2025-04-01T16:08:06+08:00"}
{"event":"get a articleDTO by id","level":"info","msg":"Success","time":"2025-04-01T16:08:06+08:00"}
{"event":"get a articleDTO by id","level":"info","msg":"Success","time":"2025-04-01T16:08:06+08:00"}
{"event":"get a articleDTO by id","level":"info","msg":"Success","time":"2025-04-01T16:08:06+08:00"}
{"event":"get a articleDTO by id","level":"info","msg":"Success","time":"2025-04-01T16:08:06+08:00"}
{"event":"get a articleDTO by id","level":"info","msg":"Success","time":"2025-04-01T16:08:06+08:00"}
{"event":"get a articleDTO by id","level":"info","msg":"Success","time":"2025-04-01T16:08:06+08:00"}
{"event":"get get articleCategoryList by categoryId","level":"info","msg":"Success to get articleCategoryList by categoryId","time":"2025-04-01T16:08:06+08:00"}
{"event":"get a articleDTO by id","level":"info","msg":"Success","time":"2025-04-01T16:08:06+08:00"}
{"event":"get a articleDTO by id","level":"info","msg":"Success","time":"2025-04-01T16:08:06+08:00"}
{"event":"get get articleCategoryList by categoryId","level":"info","msg":"Success to get articleCategoryList by categoryId","time":"2025-04-01T16:08:06+08:00"}
{"event":"get a articleDTO by id","level":"info","msg":"Success","time":"2025-04-01T16:08:06+08:00"}
{"event":"get get articleCategoryList by categoryId","level":"info","msg":"Success to get articleCategoryList by categoryId","time":"2025-04-01T16:08:06+08:00"}
{"event":"get a articleDTO by id","level":"info","msg":"Success","time":"2025-04-01T16:08:06+08:00"}
{"event":"get a articleDTO by id","level":"info","msg":"Success","time":"2025-04-01T16:08:06+08:00"}
{"event":"get a articleDTO by id","level":"info","msg":"Success","time":"2025-04-01T16:08:06+08:00"}
{"event":"get a articleDTO by id","level":"info","msg":"Success","time":"2025-04-01T16:08:06+08:00"}
{"event":"get a articleDTO by id","level":"info","msg":"Success","time":"2025-04-01T16:08:06+08:00"}
{"event":"get get articleCategoryList by categoryId","level":"info","msg":"Success to get articleCategoryList by categoryId","time":"2025-04-01T16:08:06+08:00"}
{"event":"get a articleDTO by id","level":"info","msg":"Success","time":"2025-04-01T16:08:06+08:00"}
{"event":"get a articleDTO by id","level":"info","msg":"Success","time":"2025-04-01T16:08:06+08:00"}
{"event":"get a articleDTO by id","level":"info","msg":"Success","time":"2025-04-01T16:08:06+08:00"}
{"event":"get a articleDTO by id","level":"info","msg":"Success","time":"2025-04-01T16:08:06+08:00"}
{"event":"get a articleDTOs by userId","level":"info","msg":"Success","time":"2025-04-01T16:08:35+08:00"}
{"event":"get a articleDTOs by userId","level":"info","msg":"Success","time":"2025-04-01T16:08:35+08:00"}
{"event":"get all categories","level":"info","msg":"Success to get all categories","time":"2025-04-01T16:08:36+08:00"}
{"event":"get all categories","level":"info","msg":"Success to get all categories","time":"2025-04-01T16:08:36+08:00"}
{"event":"get get articleCategoryList by categoryId","level":"info","msg":"Success to get articleCategoryList by categoryId","time":"2025-04-01T16:08:36+08:00"}
{"event":"get get articleCategoryList by categoryId","level":"info","msg":"Success to get articleCategoryList by categoryId","time":"2025-04-01T16:08:36+08:00"}
{"event":"get a articleDTO by id","level":"info","msg":"Success","time":"2025-04-01T16:08:36+08:00"}
{"event":"get a articleDTO by id","level":"info","msg":"Success","time":"2025-04-01T16:08:36+08:00"}
{"event":"get a articleDTO by id","level":"info","msg":"Success","time":"2025-04-01T16:08:36+08:00"}
{"event":"get a articleDTO by id","level":"info","msg":"Success","time":"2025-04-01T16:08:36+08:00"}
{"event":"get a articleDTO by id","level":"info","msg":"Success","time":"2025-04-01T16:08:36+08:00"}
{"event":"get a articleDTO by id","level":"info","msg":"Success","time":"2025-04-01T16:08:36+08:00"}
{"event":"get get articleCategoryList by categoryId","level":"info","msg":"Success to get articleCategoryList by categoryId","time":"2025-04-01T16:08:36+08:00"}
{"event":"get a articleDTO by id","level":"info","msg":"Success","time":"2025-04-01T16:08:36+08:00"}
{"event":"get get articleCategoryList by categoryId","level":"info","msg":"Success to get articleCategoryList by categoryId","time":"2025-04-01T16:08:36+08:00"}
{"event":"get a articleDTO by id","level":"info","msg":"Success","time":"2025-04-01T16:08:36+08:00"}
{"event":"get a articleDTO by id","level":"info","msg":"Success","time":"2025-04-01T16:08:36+08:00"}
{"event":"get a articleDTO by id","level":"info","msg":"Success","time":"2025-04-01T16:08:36+08:00"}
{"event":"get a articleDTO by id","level":"info","msg":"Success","time":"2025-04-01T16:08:36+08:00"}
{"event":"get a articleDTO by id","level":"info","msg":"Success","time":"2025-04-01T16:08:36+08:00"}
{"event":"get a articleDTOs by userId","level":"info","msg":"Success","time":"2025-04-01T16:08:40+08:00"}
{"event":"get a articleDTOs by userId","level":"info","msg":"Success","time":"2025-04-01T16:08:40+08:00"}
{"event":"get all categories","level":"info","msg":"Success to get all categories","time":"2025-04-01T16:08:43+08:00"}
{"event":"get all categories","level":"info","msg":"Success to get all categories","time":"2025-04-01T16:08:43+08:00"}
{"event":"get get articleCategoryList by categoryId","level":"info","msg":"Success to get articleCategoryList by categoryId","time":"2025-04-01T16:08:43+08:00"}
{"event":"get get articleCategoryList by categoryId","level":"info","msg":"Success to get articleCategoryList by categoryId","time":"2025-04-01T16:08:43+08:00"}
{"event":"get a articleDTO by id","level":"info","msg":"Success","time":"2025-04-01T16:08:43+08:00"}
{"event":"get a articleDTO by id","level":"info","msg":"Success","time":"2025-04-01T16:08:43+08:00"}
{"event":"get a articleDTO by id","level":"info","msg":"Success","time":"2025-04-01T16:08:43+08:00"}
{"event":"get a articleDTO by id","level":"info","msg":"Success","time":"2025-04-01T16:08:43+08:00"}
{"event":"get a articleDTO by id","level":"info","msg":"Success","time":"2025-04-01T16:08:43+08:00"}
{"event":"get a articleDTO by id","level":"info","msg":"Success","time":"2025-04-01T16:08:43+08:00"}
{"event":"get get articleCategoryList by categoryId","level":"info","msg":"Success to get articleCategoryList by categoryId","time":"2025-04-01T16:08:43+08:00"}
{"event":"get a articleDTO by id","level":"info","msg":"Success","time":"2025-04-01T16:08:43+08:00"}
{"event":"get get articleCategoryList by categoryId","level":"info","msg":"Success to get articleCategoryList by categoryId","time":"2025-04-01T16:08:43+08:00"}
{"event":"get a articleDTO by id","level":"info","msg":"Success","time":"2025-04-01T16:08:43+08:00"}
{"event":"get a articleDTO by id","level":"info","msg":"Success","time":"2025-04-01T16:08:43+08:00"}
{"event":"get a articleDTO by id","level":"info","msg":"Success","time":"2025-04-01T16:08:43+08:00"}
{"event":"get get articleCategoryList by categoryId","level":"info","msg":"Success to get articleCategoryList by categoryId","time":"2025-04-01T16:08:43+08:00"}
{"event":"get a articleDTO by id","level":"info","msg":"Success","time":"2025-04-01T16:08:43+08:00"}
{"event":"get a articleDTO by id","level":"info","msg":"Success","time":"2025-04-01T16:08:43+08:00"}
{"event":"get a articleDTO by id","level":"info","msg":"Success","time":"2025-04-01T16:08:43+08:00"}
{"event":"get a articleDTO by id","level":"info","msg":"Success","time":"2025-04-01T16:08:43+08:00"}
{"event":"get get articleCategoryList by categoryId","level":"info","msg":"Success to get articleCategoryList by categoryId","time":"2025-04-01T16:08:43+08:00"}
{"event":"get a articleDTO by id","level":"info","msg":"Success","time":"2025-04-01T16:08:43+08:00"}
{"event":"get a articleDTO by id","level":"info","msg":"Success","time":"2025-04-01T16:08:43+08:00"}
{"event":"get a articleDTO by id","level":"info","msg":"Success","time":"2025-04-01T16:08:43+08:00"}
{"event":"get a articleDTO by id","level":"info","msg":"Success","time":"2025-04-01T16:08:43+08:00"}
{"event":"get all categories","level":"info","msg":"Success to get all categories","time":"2025-04-01T16:08:46+08:00"}
{"event":"get all categories","level":"info","msg":"Success to get all categories","time":"2025-04-01T16:08:46+08:00"}
{"event":"get get articleCategoryList by categoryId","level":"info","msg":"Success to get articleCategoryList by categoryId","time":"2025-04-01T16:08:46+08:00"}
{"event":"get get articleCategoryList by categoryId","level":"info","msg":"Success to get articleCategoryList by categoryId","time":"2025-04-01T16:08:46+08:00"}
{"event":"get a articleDTO by id","level":"info","msg":"Success","time":"2025-04-01T16:08:46+08:00"}
{"event":"get a articleDTO by id","level":"info","msg":"Success","time":"2025-04-01T16:08:46+08:00"}
{"event":"get a articleDTO by id","level":"info","msg":"Success","time":"2025-04-01T16:08:46+08:00"}
{"event":"get a articleDTO by id","level":"info","msg":"Success","time":"2025-04-01T16:08:46+08:00"}
{"event":"get a articleDTO by id","level":"info","msg":"Success","time":"2025-04-01T16:08:46+08:00"}
{"event":"get a articleDTO by id","level":"info","msg":"Success","time":"2025-04-01T16:08:46+08:00"}
{"event":"get get articleCategoryList by categoryId","level":"info","msg":"Success to get articleCategoryList by categoryId","time":"2025-04-01T16:08:46+08:00"}
{"event":"get a articleDTO by id","level":"info","msg":"Success","time":"2025-04-01T16:08:46+08:00"}
{"event":"get get articleCategoryList by categoryId","level":"info","msg":"Success to get articleCategoryList by categoryId","time":"2025-04-01T16:08:46+08:00"}
{"event":"get a articleDTO by id","level":"info","msg":"Success","time":"2025-04-01T16:08:46+08:00"}
{"event":"get a articleDTO by id","level":"info","msg":"Success","time":"2025-04-01T16:08:46+08:00"}
{"event":"get a articleDTO by id","level":"info","msg":"Success","time":"2025-04-01T16:08:46+08:00"}
{"event":"get get articleCategoryList by categoryId","level":"info","msg":"Success to get articleCategoryList by categoryId","time":"2025-04-01T16:08:46+08:00"}
{"event":"get a articleDTO by id","level":"info","msg":"Success","time":"2025-04-01T16:08:46+08:00"}
{"event":"get a articleDTO by id","level":"info","msg":"Success","time":"2025-04-01T16:08:46+08:00"}
{"event":"get a articleDTO by id","level":"info","msg":"Success","time":"2025-04-01T16:08:46+08:00"}
{"event":"get a articleDTO by id","level":"info","msg":"Success","time":"2025-04-01T16:08:46+08:00"}
{"event":"get get articleCategoryList by categoryId","level":"info","msg":"Success to get articleCategoryList by categoryId","time":"2025-04-01T16:08:46+08:00"}
{"event":"get a articleDTO by id","level":"info","msg":"Success","time":"2025-04-01T16:08:46+08:00"}
{"event":"get a articleDTO by id","level":"info","msg":"Success","time":"2025-04-01T16:08:46+08:00"}
{"event":"get a articleDTO by id","level":"info","msg":"Success","time":"2025-04-01T16:08:46+08:00"}
{"event":"get a articleDTO by id","level":"info","msg":"Success","time":"2025-04-01T16:08:46+08:00"}
{"event":"get a articleDTOs by userId","level":"info","msg":"Success","time":"2025-04-01T16:08:47+08:00"}
{"event":"get a articleDTOs by userId","level":"info","msg":"Success","time":"2025-04-01T16:08:47+08:00"}
{"event":"get a articleDTOs by userId","level":"info","msg":"Success","time":"2025-04-01T16:09:52+08:00"}
{"event":"get a articleDTOs by userId","level":"info","msg":"Success","time":"2025-04-01T16:09:54+08:00"}
{"event":"get all categories","level":"info","msg":"Success to get all categories","time":"2025-04-01T16:10:07+08:00"}
{"event":"get all categories","level":"info","msg":"Success to get all categories","time":"2025-04-01T16:10:07+08:00"}
{"event":"get get articleCategoryList by categoryId","level":"info","msg":"Success to get articleCategoryList by categoryId","time":"2025-04-01T16:10:07+08:00"}
{"event":"get get articleCategoryList by categoryId","level":"info","msg":"Success to get articleCategoryList by categoryId","time":"2025-04-01T16:10:07+08:00"}
{"event":"get a articleDTO by id","level":"info","msg":"Success","time":"2025-04-01T16:10:07+08:00"}
{"event":"get a articleDTO by id","level":"info","msg":"Success","time":"2025-04-01T16:10:07+08:00"}
{"event":"get a articleDTO by id","level":"info","msg":"Success","time":"2025-04-01T16:10:07+08:00"}
{"event":"get a articleDTO by id","level":"info","msg":"Success","time":"2025-04-01T16:10:07+08:00"}
{"event":"get get articleCategoryList by categoryId","level":"info","msg":"Success to get articleCategoryList by categoryId","time":"2025-04-01T16:10:07+08:00"}
{"event":"get a articleDTO by id","level":"info","msg":"Success","time":"2025-04-01T16:10:07+08:00"}
{"event":"get a articleDTO by id","level":"info","msg":"Success","time":"2025-04-01T16:10:07+08:00"}
{"event":"get a articleDTO by id","level":"info","msg":"Success","time":"2025-04-01T16:10:07+08:00"}
{"event":"get a articleDTO by id","level":"info","msg":"Success","time":"2025-04-01T16:10:07+08:00"}
{"event":"get get articleCategoryList by categoryId","level":"info","msg":"Success to get articleCategoryList by categoryId","time":"2025-04-01T16:10:07+08:00"}
{"event":"get get articleCategoryList by categoryId","level":"info","msg":"Success to get articleCategoryList by categoryId","time":"2025-04-01T16:10:07+08:00"}
{"event":"get a articleDTO by id","level":"info","msg":"Success","time":"2025-04-01T16:10:07+08:00"}
{"event":"get a articleDTO by id","level":"info","msg":"Success","time":"2025-04-01T16:10:07+08:00"}
{"event":"get a articleDTO by id","level":"info","msg":"Success","time":"2025-04-01T16:10:07+08:00"}
{"event":"get a articleDTO by id","level":"info","msg":"Success","time":"2025-04-01T16:10:07+08:00"}
{"event":"get a articleDTO by id","level":"info","msg":"Success","time":"2025-04-01T16:10:07+08:00"}
{"event":"get a articleDTO by id","level":"info","msg":"Success","time":"2025-04-01T16:10:07+08:00"}
{"event":"get get articleCategoryList by categoryId","level":"info","msg":"Success to get articleCategoryList by categoryId","time":"2025-04-01T16:10:07+08:00"}
{"event":"get a articleDTO by id","level":"info","msg":"Success","time":"2025-04-01T16:10:07+08:00"}
{"event":"get a articleDTO by id","level":"info","msg":"Success","time":"2025-04-01T16:10:07+08:00"}
{"event":"get a articleDTO by id","level":"info","msg":"Success","time":"2025-04-01T16:10:07+08:00"}
{"event":"get a articleDTO by id","level":"info","msg":"Success","time":"2025-04-01T16:10:07+08:00"}
{"event":"get a articleDTOs by userId","level":"info","msg":"Success","time":"2025-04-01T16:10:09+08:00"}
{"event":"get a articleDTOs by userId","level":"info","msg":"Success","time":"2025-04-01T16:10:09+08:00"}
{"event":"get all categories","level":"info","msg":"Success to get all categories","time":"2025-04-01T16:11:01+08:00"}
{"event":"get all categories","level":"info","msg":"Success to get all categories","time":"2025-04-01T16:11:01+08:00"}
{"event":"get get articleCategoryList by categoryId","level":"info","msg":"Success to get articleCategoryList by categoryId","time":"2025-04-01T16:11:01+08:00"}
{"event":"get get articleCategoryList by categoryId","level":"info","msg":"Success to get articleCategoryList by categoryId","time":"2025-04-01T16:11:01+08:00"}
{"event":"get a articleDTO by id","level":"info","msg":"Success","time":"2025-04-01T16:11:01+08:00"}
{"event":"get a articleDTO by id","level":"info","msg":"Success","time":"2025-04-01T16:11:01+08:00"}
{"event":"get a articleDTO by id","level":"info","msg":"Success","time":"2025-04-01T16:11:01+08:00"}
{"event":"get a articleDTO by id","level":"info","msg":"Success","time":"2025-04-01T16:11:01+08:00"}
{"event":"get a articleDTO by id","level":"info","msg":"Success","time":"2025-04-01T16:11:01+08:00"}
{"event":"get a articleDTO by id","level":"info","msg":"Success","time":"2025-04-01T16:11:01+08:00"}
{"event":"get get articleCategoryList by categoryId","level":"info","msg":"Success to get articleCategoryList by categoryId","time":"2025-04-01T16:11:01+08:00"}
{"event":"get a articleDTO by id","level":"info","msg":"Success","time":"2025-04-01T16:11:01+08:00"}
{"event":"get get articleCategoryList by categoryId","level":"info","msg":"Success to get articleCategoryList by categoryId","time":"2025-04-01T16:11:01+08:00"}
{"event":"get a articleDTO by id","level":"info","msg":"Success","time":"2025-04-01T16:11:01+08:00"}
{"event":"get a articleDTO by id","level":"info","msg":"Success","time":"2025-04-01T16:11:01+08:00"}
{"event":"get get articleCategoryList by categoryId","level":"info","msg":"Success to get articleCategoryList by categoryId","time":"2025-04-01T16:11:01+08:00"}
{"event":"get a articleDTO by id","level":"info","msg":"Success","time":"2025-04-01T16:11:01+08:00"}
{"event":"get a articleDTO by id","level":"info","msg":"Success","time":"2025-04-01T16:11:01+08:00"}
{"event":"get a articleDTO by id","level":"info","msg":"Success","time":"2025-04-01T16:11:01+08:00"}
{"event":"get a articleDTO by id","level":"info","msg":"Success","time":"2025-04-01T16:11:01+08:00"}
{"event":"get a articleDTO by id","level":"info","msg":"Success","time":"2025-04-01T16:11:01+08:00"}
{"event":"get get articleCategoryList by categoryId","level":"info","msg":"Success to get articleCategoryList by categoryId","time":"2025-04-01T16:11:01+08:00"}
{"event":"get a articleDTO by id","level":"info","msg":"Success","time":"2025-04-01T16:11:01+08:00"}
{"event":"get a articleDTO by id","level":"info","msg":"Success","time":"2025-04-01T16:11:01+08:00"}
{"event":"get a articleDTO by id","level":"info","msg":"Success","time":"2025-04-01T16:11:01+08:00"}
{"event":"get a articleDTO by id","level":"info","msg":"Success","time":"2025-04-01T16:11:01+08:00"}
{"event":"get a articleDTOs by userId","level":"info","msg":"Success","time":"2025-04-01T16:11:03+08:00"}
{"event":"get a articleDTOs by userId","level":"info","msg":"Success","time":"2025-04-01T16:11:03+08:00"}
{"event":"get all categories","level":"info","msg":"Success to get all categories","time":"2025-04-01T16:11:13+08:00"}
{"event":"get all categories","level":"info","msg":"Success to get all categories","time":"2025-04-01T16:11:13+08:00"}
{"event":"get get articleCategoryList by categoryId","level":"info","msg":"Success to get articleCategoryList by categoryId","time":"2025-04-01T16:11:13+08:00"}
{"event":"get get articleCategoryList by categoryId","level":"info","msg":"Success to get articleCategoryList by categoryId","time":"2025-04-01T16:11:13+08:00"}
{"event":"get a articleDTO by id","level":"info","msg":"Success","time":"2025-04-01T16:11:13+08:00"}
{"event":"get a articleDTO by id","level":"info","msg":"Success","time":"2025-04-01T16:11:13+08:00"}
{"event":"get a articleDTO by id","level":"info","msg":"Success","time":"2025-04-01T16:11:13+08:00"}
{"event":"get a articleDTO by id","level":"info","msg":"Success","time":"2025-04-01T16:11:13+08:00"}
{"event":"get a articleDTO by id","level":"info","msg":"Success","time":"2025-04-01T16:11:13+08:00"}
{"event":"get get articleCategoryList by categoryId","level":"info","msg":"Success to get articleCategoryList by categoryId","time":"2025-04-01T16:11:13+08:00"}
{"event":"get a articleDTO by id","level":"info","msg":"Success","time":"2025-04-01T16:11:13+08:00"}
{"event":"get a articleDTO by id","level":"info","msg":"Success","time":"2025-04-01T16:11:13+08:00"}
{"event":"get get articleCategoryList by categoryId","level":"info","msg":"Success to get articleCategoryList by categoryId","time":"2025-04-01T16:11:13+08:00"}
{"event":"get a articleDTO by id","level":"info","msg":"Success","time":"2025-04-01T16:11:13+08:00"}
{"event":"get a articleDTO by id","level":"info","msg":"Success","time":"2025-04-01T16:11:13+08:00"}
{"event":"get a articleDTO by id","level":"info","msg":"Success","time":"2025-04-01T16:11:13+08:00"}
{"event":"get a articleDTO by id","level":"info","msg":"Success","time":"2025-04-01T16:11:13+08:00"}
{"event":"get a articleDTO by id","level":"info","msg":"Success","time":"2025-04-01T16:11:13+08:00"}
{"event":"get a articleDTOs by userId","level":"info","msg":"Success","time":"2025-04-01T16:11:30+08:00"}
{"event":"get a articleDTOs by userId","level":"info","msg":"Success","time":"2025-04-01T16:11:30+08:00"}
{"event":"get all categories","level":"info","msg":"Success to get all categories","time":"2025-04-01T16:12:28+08:00"}
{"event":"get all categories","level":"info","msg":"Success to get all categories","time":"2025-04-01T16:12:28+08:00"}
{"event":"get get articleCategoryList by categoryId","level":"info","msg":"Success to get articleCategoryList by categoryId","time":"2025-04-01T16:12:28+08:00"}
{"event":"get get articleCategoryList by categoryId","level":"info","msg":"Success to get articleCategoryList by categoryId","time":"2025-04-01T16:12:28+08:00"}
{"event":"get a articleDTO by id","level":"info","msg":"Success","time":"2025-04-01T16:12:28+08:00"}
{"event":"get a articleDTO by id","level":"info","msg":"Success","time":"2025-04-01T16:12:28+08:00"}
{"event":"get a articleDTO by id","level":"info","msg":"Success","time":"2025-04-01T16:12:28+08:00"}
{"event":"get a articleDTO by id","level":"info","msg":"Success","time":"2025-04-01T16:12:28+08:00"}
{"event":"get a articleDTO by id","level":"info","msg":"Success","time":"2025-04-01T16:12:28+08:00"}
{"event":"get get articleCategoryList by categoryId","level":"info","msg":"Success to get articleCategoryList by categoryId","time":"2025-04-01T16:12:28+08:00"}
{"event":"get a articleDTO by id","level":"info","msg":"Success","time":"2025-04-01T16:12:28+08:00"}
{"event":"get a articleDTO by id","level":"info","msg":"Success","time":"2025-04-01T16:12:28+08:00"}
{"event":"get a articleDTO by id","level":"info","msg":"Success","time":"2025-04-01T16:12:28+08:00"}
{"event":"get get articleCategoryList by categoryId","level":"info","msg":"Success to get articleCategoryList by categoryId","time":"2025-04-01T16:12:28+08:00"}
{"event":"get get articleCategoryList by categoryId","level":"info","msg":"Success to get articleCategoryList by categoryId","time":"2025-04-01T16:12:28+08:00"}
{"event":"get a articleDTO by id","level":"info","msg":"Success","time":"2025-04-01T16:12:28+08:00"}
{"event":"get a articleDTO by id","level":"info","msg":"Success","time":"2025-04-01T16:12:28+08:00"}
{"event":"get a articleDTO by id","level":"info","msg":"Success","time":"2025-04-01T16:12:28+08:00"}
{"event":"get a articleDTO by id","level":"info","msg":"Success","time":"2025-04-01T16:12:28+08:00"}
{"event":"get a articleDTO by id","level":"info","msg":"Success","time":"2025-04-01T16:12:28+08:00"}
{"event":"get a articleDTO by id","level":"info","msg":"Success","time":"2025-04-01T16:12:28+08:00"}
{"event":"get get articleCategoryList by categoryId","level":"info","msg":"Success to get articleCategoryList by categoryId","time":"2025-04-01T16:12:28+08:00"}
{"event":"get a articleDTO by id","level":"info","msg":"Success","time":"2025-04-01T16:12:28+08:00"}
{"event":"get a articleDTO by id","level":"info","msg":"Success","time":"2025-04-01T16:12:28+08:00"}
{"event":"get a articleDTO by id","level":"info","msg":"Success","time":"2025-04-01T16:12:28+08:00"}
{"event":"get a articleDTO by id","level":"info","msg":"Success","time":"2025-04-01T16:12:28+08:00"}
{"event":"get a article by id","level":"info","msg":"Success","time":"2025-04-01T16:12:29+08:00"}
{"event":"get a article by id","level":"info","msg":"Success","time":"2025-04-01T16:12:29+08:00"}
{"event":"get a articleDTOs by userId","level":"info","msg":"Success","time":"2025-04-01T16:12:30+08:00"}
{"event":"get a articleDTOs by userId","level":"info","msg":"Success","time":"2025-04-01T16:12:30+08:00"}
{"event":"get a articleDTOs by userId","level":"info","msg":"Success","time":"2025-04-01T16:13:01+08:00"}
{"event":"get a articleDTOs by userId","level":"info","msg":"Success","time":"2025-04-01T16:13:01+08:00"}
{"event":"get all categories","level":"info","msg":"Success to get all categories","time":"2025-04-01T16:15:04+08:00"}
{"event":"get all categories","level":"info","msg":"Success to get all categories","time":"2025-04-01T16:15:04+08:00"}
{"event":"get get articleCategoryList by categoryId","level":"info","msg":"Success to get articleCategoryList by categoryId","time":"2025-04-01T16:15:04+08:00"}
{"event":"get get articleCategoryList by categoryId","level":"info","msg":"Success to get articleCategoryList by categoryId","time":"2025-04-01T16:15:04+08:00"}
{"event":"get a articleDTO by id","level":"info","msg":"Success","time":"2025-04-01T16:15:04+08:00"}
{"event":"get a articleDTO by id","level":"info","msg":"Success","time":"2025-04-01T16:15:04+08:00"}
{"event":"get a articleDTO by id","level":"info","msg":"Success","time":"2025-04-01T16:15:04+08:00"}
{"event":"get a articleDTO by id","level":"info","msg":"Success","time":"2025-04-01T16:15:04+08:00"}
{"event":"get a articleDTO by id","level":"info","msg":"Success","time":"2025-04-01T16:15:04+08:00"}
{"event":"get a articleDTO by id","level":"info","msg":"Success","time":"2025-04-01T16:15:04+08:00"}
{"event":"get get articleCategoryList by categoryId","level":"info","msg":"Success to get articleCategoryList by categoryId","time":"2025-04-01T16:15:04+08:00"}
{"event":"get get articleCategoryList by categoryId","level":"info","msg":"Success to get articleCategoryList by categoryId","time":"2025-04-01T16:15:04+08:00"}
{"event":"get a articleDTO by id","level":"info","msg":"Success","time":"2025-04-01T16:15:04+08:00"}
{"event":"get a articleDTO by id","level":"info","msg":"Success","time":"2025-04-01T16:15:04+08:00"}
{"event":"get a articleDTO by id","level":"info","msg":"Success","time":"2025-04-01T16:15:04+08:00"}
{"event":"get a articleDTO by id","level":"info","msg":"Success","time":"2025-04-01T16:15:04+08:00"}
{"event":"get a articleDTO by id","level":"info","msg":"Success","time":"2025-04-01T16:15:04+08:00"}
{"event":"get a articleDTO by id","level":"info","msg":"Success","time":"2025-04-01T16:15:04+08:00"}
{"event":"get a articleDTOs by userId","level":"info","msg":"Success","time":"2025-04-01T16:15:05+08:00"}
{"event":"get a articleDTOs by userId","level":"info","msg":"Success","time":"2025-04-01T16:15:05+08:00"}
{"event":"get all categories","level":"info","msg":"Success to get all categories","time":"2025-04-01T16:15:49+08:00"}
{"event":"get all categories","level":"info","msg":"Success to get all categories","time":"2025-04-01T16:15:49+08:00"}
{"event":"get get articleCategoryList by categoryId","level":"info","msg":"Success to get articleCategoryList by categoryId","time":"2025-04-01T16:15:49+08:00"}
{"event":"get get articleCategoryList by categoryId","level":"info","msg":"Success to get articleCategoryList by categoryId","time":"2025-04-01T16:15:49+08:00"}
{"event":"get a articleDTO by id","level":"info","msg":"Success","time":"2025-04-01T16:15:49+08:00"}
{"event":"get a articleDTO by id","level":"info","msg":"Success","time":"2025-04-01T16:15:49+08:00"}
{"event":"get a articleDTO by id","level":"info","msg":"Success","time":"2025-04-01T16:15:49+08:00"}
{"event":"get a articleDTO by id","level":"info","msg":"Success","time":"2025-04-01T16:15:49+08:00"}
{"event":"get a articleDTO by id","level":"info","msg":"Success","time":"2025-04-01T16:15:49+08:00"}
{"event":"get a articleDTO by id","level":"info","msg":"Success","time":"2025-04-01T16:15:49+08:00"}
{"event":"get get articleCategoryList by categoryId","level":"info","msg":"Success to get articleCategoryList by categoryId","time":"2025-04-01T16:15:49+08:00"}
{"event":"get a articleDTO by id","level":"info","msg":"Success","time":"2025-04-01T16:15:49+08:00"}
{"event":"get get articleCategoryList by categoryId","level":"info","msg":"Success to get articleCategoryList by categoryId","time":"2025-04-01T16:15:49+08:00"}
{"event":"get a articleDTO by id","level":"info","msg":"Success","time":"2025-04-01T16:15:49+08:00"}
{"event":"get a articleDTO by id","level":"info","msg":"Success","time":"2025-04-01T16:15:49+08:00"}
{"event":"get a articleDTO by id","level":"info","msg":"Success","time":"2025-04-01T16:15:49+08:00"}
{"event":"get a articleDTO by id","level":"info","msg":"Success","time":"2025-04-01T16:15:49+08:00"}
{"event":"get a articleDTO by id","level":"info","msg":"Success","time":"2025-04-01T16:15:49+08:00"}
{"event":"get all categories","level":"info","msg":"Success to get all categories","time":"2025-04-01T16:17:11+08:00"}
{"event":"get all categories","level":"info","msg":"Success to get all categories","time":"2025-04-01T16:17:11+08:00"}
{"event":"get get articleCategoryList by categoryId","level":"info","msg":"Success to get articleCategoryList by categoryId","time":"2025-04-01T16:17:11+08:00"}
{"event":"get get articleCategoryList by categoryId","level":"info","msg":"Success to get articleCategoryList by categoryId","time":"2025-04-01T16:17:11+08:00"}
{"event":"get a articleDTO by id","level":"info","msg":"Success","time":"2025-04-01T16:17:11+08:00"}
{"event":"get a articleDTO by id","level":"info","msg":"Success","time":"2025-04-01T16:17:11+08:00"}
{"event":"get a articleDTO by id","level":"info","msg":"Success","time":"2025-04-01T16:17:11+08:00"}
{"event":"get a articleDTO by id","level":"info","msg":"Success","time":"2025-04-01T16:17:11+08:00"}
{"event":"get a articleDTO by id","level":"info","msg":"Success","time":"2025-04-01T16:17:11+08:00"}
{"event":"get get articleCategoryList by categoryId","level":"info","msg":"Success to get articleCategoryList by categoryId","time":"2025-04-01T16:17:11+08:00"}
{"event":"get a articleDTO by id","level":"info","msg":"Success","time":"2025-04-01T16:17:11+08:00"}
{"event":"get a articleDTO by id","level":"info","msg":"Success","time":"2025-04-01T16:17:11+08:00"}
{"event":"get a articleDTO by id","level":"info","msg":"Success","time":"2025-04-01T16:17:11+08:00"}
{"event":"get get articleCategoryList by categoryId","level":"info","msg":"Success to get articleCategoryList by categoryId","time":"2025-04-01T16:17:11+08:00"}
{"event":"get get articleCategoryList by categoryId","level":"info","msg":"Success to get articleCategoryList by categoryId","time":"2025-04-01T16:17:11+08:00"}
{"event":"get a articleDTO by id","level":"info","msg":"Success","time":"2025-04-01T16:17:11+08:00"}
{"event":"get a articleDTO by id","level":"info","msg":"Success","time":"2025-04-01T16:17:11+08:00"}
{"event":"get a articleDTO by id","level":"info","msg":"Success","time":"2025-04-01T16:17:11+08:00"}
{"event":"get a articleDTO by id","level":"info","msg":"Success","time":"2025-04-01T16:17:11+08:00"}
{"event":"get a articleDTO by id","level":"info","msg":"Success","time":"2025-04-01T16:17:11+08:00"}
{"event":"get a articleDTO by id","level":"info","msg":"Success","time":"2025-04-01T16:17:11+08:00"}
{"event":"get get articleCategoryList by categoryId","level":"info","msg":"Success to get articleCategoryList by categoryId","time":"2025-04-01T16:17:11+08:00"}
{"event":"get a articleDTO by id","level":"info","msg":"Success","time":"2025-04-01T16:17:11+08:00"}
{"event":"get a articleDTO by id","level":"info","msg":"Success","time":"2025-04-01T16:17:11+08:00"}
{"event":"get a articleDTO by id","level":"info","msg":"Success","time":"2025-04-01T16:17:11+08:00"}
{"event":"get a articleDTO by id","level":"info","msg":"Success","time":"2025-04-01T16:17:11+08:00"}
{"event":"get a articleDTOs by userId","level":"info","msg":"Success","time":"2025-04-01T16:17:12+08:00"}
{"event":"get a articleDTOs by userId","level":"info","msg":"Success","time":"2025-04-01T16:17:12+08:00"}
{"event":"get all categories","level":"info","msg":"Success to get all categories","time":"2025-04-01T16:17:17+08:00"}
{"event":"get all categories","level":"info","msg":"Success to get all categories","time":"2025-04-01T16:17:17+08:00"}
{"event":"get get articleCategoryList by categoryId","level":"info","msg":"Success to get articleCategoryList by categoryId","time":"2025-04-01T16:17:17+08:00"}
{"event":"get get articleCategoryList by categoryId","level":"info","msg":"Success to get articleCategoryList by categoryId","time":"2025-04-01T16:17:17+08:00"}
{"event":"get a articleDTO by id","level":"info","msg":"Success","time":"2025-04-01T16:17:17+08:00"}
{"event":"get a articleDTO by id","level":"info","msg":"Success","time":"2025-04-01T16:17:17+08:00"}
{"event":"get a articleDTO by id","level":"info","msg":"Success","time":"2025-04-01T16:17:17+08:00"}
{"event":"get a articleDTO by id","level":"info","msg":"Success","time":"2025-04-01T16:17:17+08:00"}
{"event":"get a articleDTO by id","level":"info","msg":"Success","time":"2025-04-01T16:17:17+08:00"}
{"event":"get a articleDTO by id","level":"info","msg":"Success","time":"2025-04-01T16:17:17+08:00"}
{"event":"get get articleCategoryList by categoryId","level":"info","msg":"Success to get articleCategoryList by categoryId","time":"2025-04-01T16:17:17+08:00"}
{"event":"get a articleDTO by id","level":"info","msg":"Success","time":"2025-04-01T16:17:17+08:00"}
{"event":"get get articleCategoryList by categoryId","level":"info","msg":"Success to get articleCategoryList by categoryId","time":"2025-04-01T16:17:17+08:00"}
{"event":"get a articleDTO by id","level":"info","msg":"Success","time":"2025-04-01T16:17:17+08:00"}
{"event":"get a articleDTO by id","level":"info","msg":"Success","time":"2025-04-01T16:17:17+08:00"}
{"event":"get a articleDTO by id","level":"info","msg":"Success","time":"2025-04-01T16:17:17+08:00"}
{"event":"get a articleDTO by id","level":"info","msg":"Success","time":"2025-04-01T16:17:17+08:00"}
{"event":"get a articleDTO by id","level":"info","msg":"Success","time":"2025-04-01T16:17:17+08:00"}
{"event":"get a articleDTOs by userId","level":"info","msg":"Success","time":"2025-04-01T16:23:44+08:00"}
{"event":"get a articleDTOs by userId","level":"info","msg":"Success","time":"2025-04-01T16:23:44+08:00"}
{"event":"get all categories","level":"info","msg":"Success to get all categories","time":"2025-04-01T16:23:45+08:00"}
{"event":"get all categories","level":"info","msg":"Success to get all categories","time":"2025-04-01T16:23:45+08:00"}
{"event":"get get articleCategoryList by categoryId","level":"info","msg":"Success to get articleCategoryList by categoryId","time":"2025-04-01T16:23:45+08:00"}
{"event":"get get articleCategoryList by categoryId","level":"info","msg":"Success to get articleCategoryList by categoryId","time":"2025-04-01T16:23:45+08:00"}
{"event":"get a articleDTO by id","level":"info","msg":"Success","time":"2025-04-01T16:23:45+08:00"}
{"event":"get a articleDTO by id","level":"info","msg":"Success","time":"2025-04-01T16:23:45+08:00"}
{"event":"get a articleDTO by id","level":"info","msg":"Success","time":"2025-04-01T16:23:45+08:00"}
{"event":"get a articleDTO by id","level":"info","msg":"Success","time":"2025-04-01T16:23:45+08:00"}
{"event":"get a articleDTO by id","level":"info","msg":"Success","time":"2025-04-01T16:23:45+08:00"}
{"event":"get get articleCategoryList by categoryId","level":"info","msg":"Success to get articleCategoryList by categoryId","time":"2025-04-01T16:23:45+08:00"}
{"event":"get a articleDTO by id","level":"info","msg":"Success","time":"2025-04-01T16:23:45+08:00"}
{"event":"get a articleDTO by id","level":"info","msg":"Success","time":"2025-04-01T16:23:45+08:00"}
{"event":"get a articleDTO by id","level":"info","msg":"Success","time":"2025-04-01T16:23:45+08:00"}
{"event":"get get articleCategoryList by categoryId","level":"info","msg":"Success to get articleCategoryList by categoryId","time":"2025-04-01T16:23:45+08:00"}
{"event":"get a articleDTO by id","level":"info","msg":"Success","time":"2025-04-01T16:23:45+08:00"}
{"event":"get get articleCategoryList by categoryId","level":"info","msg":"Success to get articleCategoryList by categoryId","time":"2025-04-01T16:23:45+08:00"}
{"event":"get a articleDTO by id","level":"info","msg":"Success","time":"2025-04-01T16:23:45+08:00"}
{"event":"get a articleDTO by id","level":"info","msg":"Success","time":"2025-04-01T16:23:45+08:00"}
{"event":"get a articleDTO by id","level":"info","msg":"Success","time":"2025-04-01T16:23:45+08:00"}
{"event":"get a articleDTO by id","level":"info","msg":"Success","time":"2025-04-01T16:23:45+08:00"}
{"event":"get a articleDTO by id","level":"info","msg":"Success","time":"2025-04-01T16:23:45+08:00"}
{"event":"get get articleCategoryList by categoryId","level":"info","msg":"Success to get articleCategoryList by categoryId","time":"2025-04-01T16:23:45+08:00"}
{"event":"get a articleDTO by id","level":"info","msg":"Success","time":"2025-04-01T16:23:45+08:00"}
{"event":"get a articleDTO by id","level":"info","msg":"Success","time":"2025-04-01T16:23:45+08:00"}
{"event":"get a articleDTO by id","level":"info","msg":"Success","time":"2025-04-01T16:23:45+08:00"}
{"event":"get a articleDTO by id","level":"info","msg":"Success","time":"2025-04-01T16:23:45+08:00"}
{"event":"get all categories","level":"info","msg":"Success to get all categories","time":"2025-04-01T16:23:55+08:00"}
{"event":"get all categories","level":"info","msg":"Success to get all categories","time":"2025-04-01T16:23:55+08:00"}
{"event":"get get articleCategoryList by categoryId","level":"info","msg":"Success to get articleCategoryList by categoryId","time":"2025-04-01T16:23:55+08:00"}
{"event":"get get articleCategoryList by categoryId","level":"info","msg":"Success to get articleCategoryList by categoryId","time":"2025-04-01T16:23:55+08:00"}
{"event":"get a articleDTO by id","level":"info","msg":"Success","time":"2025-04-01T16:23:55+08:00"}
{"event":"get a articleDTO by id","level":"info","msg":"Success","time":"2025-04-01T16:23:55+08:00"}
{"event":"get a articleDTO by id","level":"info","msg":"Success","time":"2025-04-01T16:23:55+08:00"}
{"event":"get a articleDTO by id","level":"info","msg":"Success","time":"2025-04-01T16:23:55+08:00"}
{"event":"get a articleDTO by id","level":"info","msg":"Success","time":"2025-04-01T16:23:55+08:00"}
{"event":"get a articleDTO by id","level":"info","msg":"Success","time":"2025-04-01T16:23:55+08:00"}
{"event":"get get articleCategoryList by categoryId","level":"info","msg":"Success to get articleCategoryList by categoryId","time":"2025-04-01T16:23:55+08:00"}
{"event":"get a articleDTO by id","level":"info","msg":"Success","time":"2025-04-01T16:23:55+08:00"}
{"event":"get get articleCategoryList by categoryId","level":"info","msg":"Success to get articleCategoryList by categoryId","time":"2025-04-01T16:23:55+08:00"}
{"event":"get a articleDTO by id","level":"info","msg":"Success","time":"2025-04-01T16:23:55+08:00"}
{"event":"get a articleDTO by id","level":"info","msg":"Success","time":"2025-04-01T16:23:55+08:00"}
{"event":"get get articleCategoryList by categoryId","level":"info","msg":"Success to get articleCategoryList by categoryId","time":"2025-04-01T16:23:55+08:00"}
{"event":"get a articleDTO by id","level":"info","msg":"Success","time":"2025-04-01T16:23:55+08:00"}
{"event":"get a articleDTO by id","level":"info","msg":"Success","time":"2025-04-01T16:23:55+08:00"}
{"event":"get a articleDTO by id","level":"info","msg":"Success","time":"2025-04-01T16:23:55+08:00"}
{"event":"get a articleDTO by id","level":"info","msg":"Success","time":"2025-04-01T16:23:55+08:00"}
{"event":"get a articleDTO by id","level":"info","msg":"Success","time":"2025-04-01T16:23:55+08:00"}
{"event":"get get articleCategoryList by categoryId","level":"info","msg":"Success to get articleCategoryList by categoryId","time":"2025-04-01T16:23:55+08:00"}
{"event":"get a articleDTO by id","level":"info","msg":"Success","time":"2025-04-01T16:23:55+08:00"}
{"event":"get a articleDTO by id","level":"info","msg":"Success","time":"2025-04-01T16:23:55+08:00"}
{"event":"get a articleDTO by id","level":"info","msg":"Success","time":"2025-04-01T16:23:55+08:00"}
{"event":"get a articleDTO by id","level":"info","msg":"Success","time":"2025-04-01T16:23:55+08:00"}
{"event":"get all categories","level":"info","msg":"Success to get all categories","time":"2025-04-01T16:26:40+08:00"}
{"event":"get all categories","level":"info","msg":"Success to get all categories","time":"2025-04-01T16:26:40+08:00"}
{"event":"get get articleCategoryList by categoryId","level":"info","msg":"Success to get articleCategoryList by categoryId","time":"2025-04-01T16:26:40+08:00"}
{"event":"get get articleCategoryList by categoryId","level":"info","msg":"Success to get articleCategoryList by categoryId","time":"2025-04-01T16:26:40+08:00"}
{"event":"get a articleDTO by id","level":"info","msg":"Success","time":"2025-04-01T16:26:40+08:00"}
{"event":"get a articleDTO by id","level":"info","msg":"Success","time":"2025-04-01T16:26:40+08:00"}
{"event":"get a articleDTO by id","level":"info","msg":"Success","time":"2025-04-01T16:26:40+08:00"}
{"event":"get a articleDTO by id","level":"info","msg":"Success","time":"2025-04-01T16:26:40+08:00"}
{"event":"get a articleDTO by id","level":"info","msg":"Success","time":"2025-04-01T16:26:40+08:00"}
{"event":"get a articleDTO by id","level":"info","msg":"Success","time":"2025-04-01T16:26:40+08:00"}
{"event":"get get articleCategoryList by categoryId","level":"info","msg":"Success to get articleCategoryList by categoryId","time":"2025-04-01T16:26:40+08:00"}
{"event":"get a articleDTO by id","level":"info","msg":"Success","time":"2025-04-01T16:26:40+08:00"}
{"event":"get get articleCategoryList by categoryId","level":"info","msg":"Success to get articleCategoryList by categoryId","time":"2025-04-01T16:26:40+08:00"}
{"event":"get a articleDTO by id","level":"info","msg":"Success","time":"2025-04-01T16:26:40+08:00"}
{"event":"get a articleDTO by id","level":"info","msg":"Success","time":"2025-04-01T16:26:40+08:00"}
{"event":"get a articleDTO by id","level":"info","msg":"Success","time":"2025-04-01T16:26:40+08:00"}
{"event":"get get articleCategoryList by categoryId","level":"info","msg":"Success to get articleCategoryList by categoryId","time":"2025-04-01T16:26:40+08:00"}
{"event":"get a articleDTO by id","level":"info","msg":"Success","time":"2025-04-01T16:26:40+08:00"}
{"event":"get a articleDTO by id","level":"info","msg":"Success","time":"2025-04-01T16:26:40+08:00"}
{"event":"get a articleDTO by id","level":"info","msg":"Success","time":"2025-04-01T16:26:40+08:00"}
{"event":"get a articleDTO by id","level":"info","msg":"Success","time":"2025-04-01T16:26:40+08:00"}
{"event":"get get articleCategoryList by categoryId","level":"info","msg":"Success to get articleCategoryList by categoryId","time":"2025-04-01T16:26:40+08:00"}
{"event":"get a articleDTO by id","level":"info","msg":"Success","time":"2025-04-01T16:26:40+08:00"}
{"event":"get a articleDTO by id","level":"info","msg":"Success","time":"2025-04-01T16:26:40+08:00"}
{"event":"get a articleDTO by id","level":"info","msg":"Success","time":"2025-04-01T16:26:40+08:00"}
{"event":"get a articleDTO by id","level":"info","msg":"Success","time":"2025-04-01T16:26:40+08:00"}
{"event":"get a articleDTOs by userId","level":"info","msg":"Success","time":"2025-04-01T16:30:14+08:00"}
{"event":"get a articleDTOs by userId","level":"info","msg":"Success","time":"2025-04-01T16:30:14+08:00"}
{"event":"get all categories","level":"info","msg":"Success to get all categories","time":"2025-04-01T16:30:15+08:00"}
{"event":"get all categories","level":"info","msg":"Success to get all categories","time":"2025-04-01T16:30:15+08:00"}
{"event":"get get articleCategoryList by categoryId","level":"info","msg":"Success to get articleCategoryList by categoryId","time":"2025-04-01T16:30:15+08:00"}
{"event":"get get articleCategoryList by categoryId","level":"info","msg":"Success to get articleCategoryList by categoryId","time":"2025-04-01T16:30:15+08:00"}
{"event":"get a articleDTO by id","level":"info","msg":"Success","time":"2025-04-01T16:30:15+08:00"}
{"event":"get a articleDTO by id","level":"info","msg":"Success","time":"2025-04-01T16:30:15+08:00"}
{"event":"get a articleDTO by id","level":"info","msg":"Success","time":"2025-04-01T16:30:15+08:00"}
{"event":"get a articleDTO by id","level":"info","msg":"Success","time":"2025-04-01T16:30:15+08:00"}
{"event":"get get articleCategoryList by categoryId","level":"info","msg":"Success to get articleCategoryList by categoryId","time":"2025-04-01T16:30:15+08:00"}
{"event":"get a articleDTO by id","level":"info","msg":"Success","time":"2025-04-01T16:30:15+08:00"}
{"event":"get a articleDTO by id","level":"info","msg":"Success","time":"2025-04-01T16:30:15+08:00"}
{"event":"get a articleDTO by id","level":"info","msg":"Success","time":"2025-04-01T16:30:15+08:00"}
{"event":"get a articleDTO by id","level":"info","msg":"Success","time":"2025-04-01T16:30:15+08:00"}
{"event":"get get articleCategoryList by categoryId","level":"info","msg":"Success to get articleCategoryList by categoryId","time":"2025-04-01T16:30:15+08:00"}
{"event":"get get articleCategoryList by categoryId","level":"info","msg":"Success to get articleCategoryList by categoryId","time":"2025-04-01T16:30:15+08:00"}
{"event":"get a articleDTO by id","level":"info","msg":"Success","time":"2025-04-01T16:30:15+08:00"}
{"event":"get a articleDTO by id","level":"info","msg":"Success","time":"2025-04-01T16:30:15+08:00"}
{"event":"get a articleDTO by id","level":"info","msg":"Success","time":"2025-04-01T16:30:15+08:00"}
{"event":"get a articleDTO by id","level":"info","msg":"Success","time":"2025-04-01T16:30:15+08:00"}
{"event":"get a articleDTO by id","level":"info","msg":"Success","time":"2025-04-01T16:30:15+08:00"}
{"event":"get a articleDTO by id","level":"info","msg":"Success","time":"2025-04-01T16:30:15+08:00"}
{"event":"get get articleCategoryList by categoryId","level":"info","msg":"Success to get articleCategoryList by categoryId","time":"2025-04-01T16:30:15+08:00"}
{"event":"get a articleDTO by id","level":"info","msg":"Success","time":"2025-04-01T16:30:15+08:00"}
{"event":"get a articleDTO by id","level":"info","msg":"Success","time":"2025-04-01T16:30:15+08:00"}
{"event":"get a articleDTO by id","level":"info","msg":"Success","time":"2025-04-01T16:30:15+08:00"}
{"event":"get a articleDTO by id","level":"info","msg":"Success","time":"2025-04-01T16:30:15+08:00"}
{"event":"get a articleDTOs by userId","level":"info","msg":"Success","time":"2025-04-01T16:30:22+08:00"}
{"event":"get a articleDTOs by userId","level":"info","msg":"Success","time":"2025-04-01T16:30:22+08:00"}
{"event":"get all categories","level":"info","msg":"Success to get all categories","time":"2025-04-01T16:31:36+08:00"}
{"event":"get all categories","level":"info","msg":"Success to get all categories","time":"2025-04-01T16:31:36+08:00"}
{"event":"get get articleCategoryList by categoryId","level":"info","msg":"Success to get articleCategoryList by categoryId","time":"2025-04-01T16:31:36+08:00"}
{"event":"get get articleCategoryList by categoryId","level":"info","msg":"Success to get articleCategoryList by categoryId","time":"2025-04-01T16:31:36+08:00"}
{"event":"get a articleDTO by id","level":"info","msg":"Success","time":"2025-04-01T16:31:36+08:00"}
{"event":"get a articleDTO by id","level":"info","msg":"Success","time":"2025-04-01T16:31:36+08:00"}
{"event":"get a articleDTO by id","level":"info","msg":"Success","time":"2025-04-01T16:31:36+08:00"}
{"event":"get a articleDTO by id","level":"info","msg":"Success","time":"2025-04-01T16:31:36+08:00"}
{"event":"get a articleDTO by id","level":"info","msg":"Success","time":"2025-04-01T16:31:36+08:00"}
{"event":"get a articleDTO by id","level":"info","msg":"Success","time":"2025-04-01T16:31:36+08:00"}
{"event":"get get articleCategoryList by categoryId","level":"info","msg":"Success to get articleCategoryList by categoryId","time":"2025-04-01T16:31:36+08:00"}
{"event":"get a articleDTO by id","level":"info","msg":"Success","time":"2025-04-01T16:31:36+08:00"}
{"event":"get a articleDTO by id","level":"info","msg":"Success","time":"2025-04-01T16:31:36+08:00"}
{"event":"get get articleCategoryList by categoryId","level":"info","msg":"Success to get articleCategoryList by categoryId","time":"2025-04-01T16:31:36+08:00"}
{"event":"get a articleDTO by id","level":"info","msg":"Success","time":"2025-04-01T16:31:36+08:00"}
{"event":"get a articleDTO by id","level":"info","msg":"Success","time":"2025-04-01T16:31:36+08:00"}
{"event":"get a articleDTO by id","level":"info","msg":"Success","time":"2025-04-01T16:31:36+08:00"}
{"event":"get a articleDTO by id","level":"info","msg":"Success","time":"2025-04-01T16:31:36+08:00"}
{"event":"get all categories","level":"info","msg":"Success to get all categories","time":"2025-04-01T16:31:37+08:00"}
{"event":"get all categories","level":"info","msg":"Success to get all categories","time":"2025-04-01T16:31:37+08:00"}
{"event":"get get articleCategoryList by categoryId","level":"info","msg":"Success to get articleCategoryList by categoryId","time":"2025-04-01T16:31:37+08:00"}
{"event":"get get articleCategoryList by categoryId","level":"info","msg":"Success to get articleCategoryList by categoryId","time":"2025-04-01T16:31:37+08:00"}
{"event":"get a articleDTO by id","level":"info","msg":"Success","time":"2025-04-01T16:31:37+08:00"}
{"event":"get a articleDTO by id","level":"info","msg":"Success","time":"2025-04-01T16:31:37+08:00"}
{"event":"get a articleDTO by id","level":"info","msg":"Success","time":"2025-04-01T16:31:37+08:00"}
{"event":"get a articleDTO by id","level":"info","msg":"Success","time":"2025-04-01T16:31:37+08:00"}
{"event":"get a articleDTO by id","level":"info","msg":"Success","time":"2025-04-01T16:31:37+08:00"}
{"event":"get a articleDTO by id","level":"info","msg":"Success","time":"2025-04-01T16:31:37+08:00"}
{"event":"get get articleCategoryList by categoryId","level":"info","msg":"Success to get articleCategoryList by categoryId","time":"2025-04-01T16:31:37+08:00"}
{"event":"get a articleDTO by id","level":"info","msg":"Success","time":"2025-04-01T16:31:37+08:00"}
{"event":"get get articleCategoryList by categoryId","level":"info","msg":"Success to get articleCategoryList by categoryId","time":"2025-04-01T16:31:37+08:00"}
{"event":"get a articleDTO by id","level":"info","msg":"Success","time":"2025-04-01T16:31:37+08:00"}
{"event":"get a articleDTO by id","level":"info","msg":"Success","time":"2025-04-01T16:31:37+08:00"}
{"event":"get a articleDTO by id","level":"info","msg":"Success","time":"2025-04-01T16:31:37+08:00"}
{"event":"get get articleCategoryList by categoryId","level":"info","msg":"Success to get articleCategoryList by categoryId","time":"2025-04-01T16:31:37+08:00"}
{"event":"get a articleDTO by id","level":"info","msg":"Success","time":"2025-04-01T16:31:37+08:00"}
{"event":"get a articleDTO by id","level":"info","msg":"Success","time":"2025-04-01T16:31:37+08:00"}
{"event":"get a articleDTO by id","level":"info","msg":"Success","time":"2025-04-01T16:31:37+08:00"}
{"event":"get a articleDTO by id","level":"info","msg":"Success","time":"2025-04-01T16:31:37+08:00"}
{"event":"get get articleCategoryList by categoryId","level":"info","msg":"Success to get articleCategoryList by categoryId","time":"2025-04-01T16:31:37+08:00"}
{"event":"get a articleDTO by id","level":"info","msg":"Success","time":"2025-04-01T16:31:37+08:00"}
{"event":"get a articleDTO by id","level":"info","msg":"Success","time":"2025-04-01T16:31:37+08:00"}
{"event":"get a articleDTO by id","level":"info","msg":"Success","time":"2025-04-01T16:31:37+08:00"}
{"event":"get a articleDTO by id","level":"info","msg":"Success","time":"2025-04-01T16:31:37+08:00"}
{"event":"get all categories","level":"info","msg":"Success to get all categories","time":"2025-04-01T16:31:42+08:00"}
{"event":"get all categories","level":"info","msg":"Success to get all categories","time":"2025-04-01T16:31:42+08:00"}
{"event":"get get articleCategoryList by categoryId","level":"info","msg":"Success to get articleCategoryList by categoryId","time":"2025-04-01T16:31:42+08:00"}
{"event":"get get articleCategoryList by categoryId","level":"info","msg":"Success to get articleCategoryList by categoryId","time":"2025-04-01T16:31:42+08:00"}
{"event":"get a articleDTO by id","level":"info","msg":"Success","time":"2025-04-01T16:31:42+08:00"}
{"event":"get a articleDTO by id","level":"info","msg":"Success","time":"2025-04-01T16:31:42+08:00"}
{"event":"get a articleDTO by id","level":"info","msg":"Success","time":"2025-04-01T16:31:42+08:00"}
{"event":"get a articleDTO by id","level":"info","msg":"Success","time":"2025-04-01T16:31:42+08:00"}
{"event":"get a articleDTO by id","level":"info","msg":"Success","time":"2025-04-01T16:31:42+08:00"}
{"event":"get get articleCategoryList by categoryId","level":"info","msg":"Success to get articleCategoryList by categoryId","time":"2025-04-01T16:31:42+08:00"}
{"event":"get a articleDTO by id","level":"info","msg":"Success","time":"2025-04-01T16:31:42+08:00"}
{"event":"get a articleDTO by id","level":"info","msg":"Success","time":"2025-04-01T16:31:42+08:00"}
{"event":"get get articleCategoryList by categoryId","level":"info","msg":"Success to get articleCategoryList by categoryId","time":"2025-04-01T16:31:42+08:00"}
{"event":"get a articleDTO by id","level":"info","msg":"Success","time":"2025-04-01T16:31:42+08:00"}
{"event":"get a articleDTO by id","level":"info","msg":"Success","time":"2025-04-01T16:31:42+08:00"}
{"event":"get a articleDTO by id","level":"info","msg":"Success","time":"2025-04-01T16:31:42+08:00"}
{"event":"get a articleDTO by id","level":"info","msg":"Success","time":"2025-04-01T16:31:42+08:00"}
{"event":"get a articleDTO by id","level":"info","msg":"Success","time":"2025-04-01T16:31:42+08:00"}
{"event":"get all categories","level":"info","msg":"Success to get all categories","time":"2025-04-01T16:31:57+08:00"}
{"event":"get all categories","level":"info","msg":"Success to get all categories","time":"2025-04-01T16:31:57+08:00"}
{"event":"get get articleCategoryList by categoryId","level":"info","msg":"Success to get articleCategoryList by categoryId","time":"2025-04-01T16:31:57+08:00"}
{"event":"get get articleCategoryList by categoryId","level":"info","msg":"Success to get articleCategoryList by categoryId","time":"2025-04-01T16:31:57+08:00"}
{"event":"get a articleDTO by id","level":"info","msg":"Success","time":"2025-04-01T16:31:57+08:00"}
{"event":"get a articleDTO by id","level":"info","msg":"Success","time":"2025-04-01T16:31:57+08:00"}
{"event":"get a articleDTO by id","level":"info","msg":"Success","time":"2025-04-01T16:31:57+08:00"}
{"event":"get a articleDTO by id","level":"info","msg":"Success","time":"2025-04-01T16:31:57+08:00"}
{"event":"get a articleDTO by id","level":"info","msg":"Success","time":"2025-04-01T16:31:57+08:00"}
{"event":"get a articleDTO by id","level":"info","msg":"Success","time":"2025-04-01T16:31:57+08:00"}
{"event":"get get articleCategoryList by categoryId","level":"info","msg":"Success to get articleCategoryList by categoryId","time":"2025-04-01T16:31:57+08:00"}
{"event":"get a articleDTO by id","level":"info","msg":"Success","time":"2025-04-01T16:31:57+08:00"}
{"event":"get a articleDTO by id","level":"info","msg":"Success","time":"2025-04-01T16:31:57+08:00"}
{"event":"get get articleCategoryList by categoryId","level":"info","msg":"Success to get articleCategoryList by categoryId","time":"2025-04-01T16:31:57+08:00"}
{"event":"get a articleDTO by id","level":"info","msg":"Success","time":"2025-04-01T16:31:57+08:00"}
{"event":"get a articleDTO by id","level":"info","msg":"Success","time":"2025-04-01T16:31:57+08:00"}
{"event":"get a articleDTO by id","level":"info","msg":"Success","time":"2025-04-01T16:31:57+08:00"}
{"event":"get a articleDTO by id","level":"info","msg":"Success","time":"2025-04-01T16:31:57+08:00"}
{"event":"get all categories","level":"info","msg":"Success to get all categories","time":"2025-04-01T16:31:58+08:00"}
{"event":"get all categories","level":"info","msg":"Success to get all categories","time":"2025-04-01T16:31:58+08:00"}
{"event":"get get articleCategoryList by categoryId","level":"info","msg":"Success to get articleCategoryList by categoryId","time":"2025-04-01T16:31:58+08:00"}
{"event":"get get articleCategoryList by categoryId","level":"info","msg":"Success to get articleCategoryList by categoryId","time":"2025-04-01T16:31:58+08:00"}
{"event":"get a articleDTO by id","level":"info","msg":"Success","time":"2025-04-01T16:31:58+08:00"}
{"event":"get a articleDTO by id","level":"info","msg":"Success","time":"2025-04-01T16:31:58+08:00"}
{"event":"get a articleDTO by id","level":"info","msg":"Success","time":"2025-04-01T16:31:58+08:00"}
{"event":"get a articleDTO by id","level":"info","msg":"Success","time":"2025-04-01T16:31:58+08:00"}
{"event":"get a articleDTO by id","level":"info","msg":"Success","time":"2025-04-01T16:31:58+08:00"}
{"event":"get a articleDTO by id","level":"info","msg":"Success","time":"2025-04-01T16:31:58+08:00"}
{"event":"get get articleCategoryList by categoryId","level":"info","msg":"Success to get articleCategoryList by categoryId","time":"2025-04-01T16:31:58+08:00"}
{"event":"get a articleDTO by id","level":"info","msg":"Success","time":"2025-04-01T16:31:58+08:00"}
{"event":"get get articleCategoryList by categoryId","level":"info","msg":"Success to get articleCategoryList by categoryId","time":"2025-04-01T16:31:58+08:00"}
{"event":"get a articleDTO by id","level":"info","msg":"Success","time":"2025-04-01T16:31:58+08:00"}
{"event":"get a articleDTO by id","level":"info","msg":"Success","time":"2025-04-01T16:31:58+08:00"}
{"event":"get a articleDTO by id","level":"info","msg":"Success","time":"2025-04-01T16:31:58+08:00"}
{"event":"get a articleDTO by id","level":"info","msg":"Success","time":"2025-04-01T16:31:58+08:00"}
{"event":"get a articleDTO by id","level":"info","msg":"Success","time":"2025-04-01T16:31:58+08:00"}
{"event":"get all categories","level":"info","msg":"Success to get all categories","time":"2025-04-01T16:32:02+08:00"}
{"event":"get all categories","level":"info","msg":"Success to get all categories","time":"2025-04-01T16:32:02+08:00"}
{"event":"get get articleCategoryList by categoryId","level":"info","msg":"Success to get articleCategoryList by categoryId","time":"2025-04-01T16:32:02+08:00"}
{"event":"get get articleCategoryList by categoryId","level":"info","msg":"Success to get articleCategoryList by categoryId","time":"2025-04-01T16:32:02+08:00"}
{"event":"get a articleDTO by id","level":"info","msg":"Success","time":"2025-04-01T16:32:02+08:00"}
{"event":"get a articleDTO by id","level":"info","msg":"Success","time":"2025-04-01T16:32:02+08:00"}
{"event":"get a articleDTO by id","level":"info","msg":"Success","time":"2025-04-01T16:32:02+08:00"}
{"event":"get a articleDTO by id","level":"info","msg":"Success","time":"2025-04-01T16:32:02+08:00"}
{"event":"get a articleDTO by id","level":"info","msg":"Success","time":"2025-04-01T16:32:02+08:00"}
{"event":"get get articleCategoryList by categoryId","level":"info","msg":"Success to get articleCategoryList by categoryId","time":"2025-04-01T16:32:02+08:00"}
{"event":"get a articleDTO by id","level":"info","msg":"Success","time":"2025-04-01T16:32:02+08:00"}
{"event":"get a articleDTO by id","level":"info","msg":"Success","time":"2025-04-01T16:32:02+08:00"}
{"event":"get a articleDTO by id","level":"info","msg":"Success","time":"2025-04-01T16:32:02+08:00"}
{"event":"get get articleCategoryList by categoryId","level":"info","msg":"Success to get articleCategoryList by categoryId","time":"2025-04-01T16:32:02+08:00"}
{"event":"get get articleCategoryList by categoryId","level":"info","msg":"Success to get articleCategoryList by categoryId","time":"2025-04-01T16:32:02+08:00"}
{"event":"get a articleDTO by id","level":"info","msg":"Success","time":"2025-04-01T16:32:02+08:00"}
{"event":"get a articleDTO by id","level":"info","msg":"Success","time":"2025-04-01T16:32:02+08:00"}
{"event":"get a articleDTO by id","level":"info","msg":"Success","time":"2025-04-01T16:32:02+08:00"}
{"event":"get a articleDTO by id","level":"info","msg":"Success","time":"2025-04-01T16:32:02+08:00"}
{"event":"get a articleDTO by id","level":"info","msg":"Success","time":"2025-04-01T16:32:02+08:00"}
{"event":"get a articleDTO by id","level":"info","msg":"Success","time":"2025-04-01T16:32:02+08:00"}
{"event":"get get articleCategoryList by categoryId","level":"info","msg":"Success to get articleCategoryList by categoryId","time":"2025-04-01T16:32:02+08:00"}
{"event":"get a articleDTO by id","level":"info","msg":"Success","time":"2025-04-01T16:32:02+08:00"}
{"event":"get a articleDTO by id","level":"info","msg":"Success","time":"2025-04-01T16:32:02+08:00"}
{"event":"get a articleDTO by id","level":"info","msg":"Success","time":"2025-04-01T16:32:02+08:00"}
{"event":"get a articleDTO by id","level":"info","msg":"Success","time":"2025-04-01T16:32:02+08:00"}
{"event":"get all categories","level":"info","msg":"Success to get all categories","time":"2025-04-01T16:32:10+08:00"}
{"event":"get all categories","level":"info","msg":"Success to get all categories","time":"2025-04-01T16:32:10+08:00"}
{"event":"get get articleCategoryList by categoryId","level":"info","msg":"Success to get articleCategoryList by categoryId","time":"2025-04-01T16:32:10+08:00"}
{"event":"get get articleCategoryList by categoryId","level":"info","msg":"Success to get articleCategoryList by categoryId","time":"2025-04-01T16:32:10+08:00"}
{"event":"get a articleDTO by id","level":"info","msg":"Success","time":"2025-04-01T16:32:10+08:00"}
{"event":"get a articleDTO by id","level":"info","msg":"Success","time":"2025-04-01T16:32:10+08:00"}
{"event":"get a articleDTO by id","level":"info","msg":"Success","time":"2025-04-01T16:32:10+08:00"}
{"event":"get a articleDTO by id","level":"info","msg":"Success","time":"2025-04-01T16:32:10+08:00"}
{"event":"get a articleDTO by id","level":"info","msg":"Success","time":"2025-04-01T16:32:10+08:00"}
{"event":"get get articleCategoryList by categoryId","level":"info","msg":"Success to get articleCategoryList by categoryId","time":"2025-04-01T16:32:10+08:00"}
{"event":"get a articleDTO by id","level":"info","msg":"Success","time":"2025-04-01T16:32:10+08:00"}
{"event":"get a articleDTO by id","level":"info","msg":"Success","time":"2025-04-01T16:32:10+08:00"}
{"event":"get get articleCategoryList by categoryId","level":"info","msg":"Success to get articleCategoryList by categoryId","time":"2025-04-01T16:32:10+08:00"}
{"event":"get a articleDTO by id","level":"info","msg":"Success","time":"2025-04-01T16:32:10+08:00"}
{"event":"get a articleDTO by id","level":"info","msg":"Success","time":"2025-04-01T16:32:10+08:00"}
{"event":"get a articleDTO by id","level":"info","msg":"Success","time":"2025-04-01T16:32:10+08:00"}
{"event":"get get articleCategoryList by categoryId","level":"info","msg":"Success to get articleCategoryList by categoryId","time":"2025-04-01T16:32:10+08:00"}
{"event":"get a articleDTO by id","level":"info","msg":"Success","time":"2025-04-01T16:32:10+08:00"}
{"event":"get a articleDTO by id","level":"info","msg":"Success","time":"2025-04-01T16:32:10+08:00"}
{"event":"get a articleDTO by id","level":"info","msg":"Success","time":"2025-04-01T16:32:10+08:00"}
{"event":"get a articleDTO by id","level":"info","msg":"Success","time":"2025-04-01T16:32:10+08:00"}
{"event":"get get articleCategoryList by categoryId","level":"info","msg":"Success to get articleCategoryList by categoryId","time":"2025-04-01T16:32:10+08:00"}
{"event":"get a articleDTO by id","level":"info","msg":"Success","time":"2025-04-01T16:32:10+08:00"}
{"event":"get a articleDTO by id","level":"info","msg":"Success","time":"2025-04-01T16:32:10+08:00"}
{"event":"get a articleDTO by id","level":"info","msg":"Success","time":"2025-04-01T16:32:10+08:00"}
{"event":"get a articleDTO by id","level":"info","msg":"Success","time":"2025-04-01T16:32:10+08:00"}
{"event":"get all categories","level":"info","msg":"Success to get all categories","time":"2025-04-01T16:33:01+08:00"}
{"event":"get all categories","level":"info","msg":"Success to get all categories","time":"2025-04-01T16:33:01+08:00"}
{"event":"get get articleCategoryList by categoryId","level":"info","msg":"Success to get articleCategoryList by categoryId","time":"2025-04-01T16:33:01+08:00"}
{"event":"get get articleCategoryList by categoryId","level":"info","msg":"Success to get articleCategoryList by categoryId","time":"2025-04-01T16:33:01+08:00"}
{"event":"get a articleDTO by id","level":"info","msg":"Success","time":"2025-04-01T16:33:01+08:00"}
{"event":"get a articleDTO by id","level":"info","msg":"Success","time":"2025-04-01T16:33:01+08:00"}
{"event":"get a articleDTO by id","level":"info","msg":"Success","time":"2025-04-01T16:33:01+08:00"}
{"event":"get a articleDTO by id","level":"info","msg":"Success","time":"2025-04-01T16:33:01+08:00"}
{"event":"get a articleDTO by id","level":"info","msg":"Success","time":"2025-04-01T16:33:01+08:00"}
{"event":"get get articleCategoryList by categoryId","level":"info","msg":"Success to get articleCategoryList by categoryId","time":"2025-04-01T16:33:01+08:00"}
{"event":"get a articleDTO by id","level":"info","msg":"Success","time":"2025-04-01T16:33:01+08:00"}
{"event":"get a articleDTO by id","level":"info","msg":"Success","time":"2025-04-01T16:33:01+08:00"}
{"event":"get a articleDTO by id","level":"info","msg":"Success","time":"2025-04-01T16:33:01+08:00"}
{"event":"get get articleCategoryList by categoryId","level":"info","msg":"Success to get articleCategoryList by categoryId","time":"2025-04-01T16:33:01+08:00"}
{"event":"get get articleCategoryList by categoryId","level":"info","msg":"Success to get articleCategoryList by categoryId","time":"2025-04-01T16:33:01+08:00"}
{"event":"get a articleDTO by id","level":"info","msg":"Success","time":"2025-04-01T16:33:01+08:00"}
{"event":"get a articleDTO by id","level":"info","msg":"Success","time":"2025-04-01T16:33:01+08:00"}
{"event":"get a articleDTO by id","level":"info","msg":"Success","time":"2025-04-01T16:33:01+08:00"}
{"event":"get a articleDTO by id","level":"info","msg":"Success","time":"2025-04-01T16:33:01+08:00"}
{"event":"get a articleDTO by id","level":"info","msg":"Success","time":"2025-04-01T16:33:01+08:00"}
{"event":"get a articleDTO by id","level":"info","msg":"Success","time":"2025-04-01T16:33:01+08:00"}
{"event":"get get articleCategoryList by categoryId","level":"info","msg":"Success to get articleCategoryList by categoryId","time":"2025-04-01T16:33:01+08:00"}
{"event":"get a articleDTO by id","level":"info","msg":"Success","time":"2025-04-01T16:33:01+08:00"}
{"event":"get a articleDTO by id","level":"info","msg":"Success","time":"2025-04-01T16:33:01+08:00"}
{"event":"get a articleDTO by id","level":"info","msg":"Success","time":"2025-04-01T16:33:01+08:00"}
{"event":"get a articleDTO by id","level":"info","msg":"Success","time":"2025-04-01T16:33:01+08:00"}
{"event":"get all categories","level":"info","msg":"Success to get all categories","time":"2025-04-01T16:33:07+08:00"}
{"event":"get all categories","level":"info","msg":"Success to get all categories","time":"2025-04-01T16:33:07+08:00"}
{"event":"get get articleCategoryList by categoryId","level":"info","msg":"Success to get articleCategoryList by categoryId","time":"2025-04-01T16:33:07+08:00"}
{"event":"get get articleCategoryList by categoryId","level":"info","msg":"Success to get articleCategoryList by categoryId","time":"2025-04-01T16:33:07+08:00"}
{"event":"get a articleDTO by id","level":"info","msg":"Success","time":"2025-04-01T16:33:07+08:00"}
{"event":"get a articleDTO by id","level":"info","msg":"Success","time":"2025-04-01T16:33:07+08:00"}
{"event":"get a articleDTO by id","level":"info","msg":"Success","time":"2025-04-01T16:33:07+08:00"}
{"event":"get a articleDTO by id","level":"info","msg":"Success","time":"2025-04-01T16:33:07+08:00"}
{"event":"get a articleDTO by id","level":"info","msg":"Success","time":"2025-04-01T16:33:07+08:00"}
{"event":"get a articleDTO by id","level":"info","msg":"Success","time":"2025-04-01T16:33:07+08:00"}
{"event":"get get articleCategoryList by categoryId","level":"info","msg":"Success to get articleCategoryList by categoryId","time":"2025-04-01T16:33:07+08:00"}
{"event":"get get articleCategoryList by categoryId","level":"info","msg":"Success to get articleCategoryList by categoryId","time":"2025-04-01T16:33:07+08:00"}
{"event":"get a articleDTO by id","level":"info","msg":"Success","time":"2025-04-01T16:33:07+08:00"}
{"event":"get a articleDTO by id","level":"info","msg":"Success","time":"2025-04-01T16:33:07+08:00"}
{"event":"get a articleDTO by id","level":"info","msg":"Success","time":"2025-04-01T16:33:07+08:00"}
{"event":"get a articleDTO by id","level":"info","msg":"Success","time":"2025-04-01T16:33:07+08:00"}
{"event":"get a articleDTO by id","level":"info","msg":"Success","time":"2025-04-01T16:33:07+08:00"}
{"event":"get get articleCategoryList by categoryId","level":"info","msg":"Success to get articleCategoryList by categoryId","time":"2025-04-01T16:33:07+08:00"}
{"event":"get a articleDTO by id","level":"info","msg":"Success","time":"2025-04-01T16:33:07+08:00"}
{"event":"get a articleDTO by id","level":"info","msg":"Success","time":"2025-04-01T16:33:07+08:00"}
{"event":"get a articleDTO by id","level":"info","msg":"Success","time":"2025-04-01T16:33:07+08:00"}
{"event":"get get articleCategoryList by categoryId","level":"info","msg":"Success to get articleCategoryList by categoryId","time":"2025-04-01T16:33:07+08:00"}
{"event":"get a articleDTO by id","level":"info","msg":"Success","time":"2025-04-01T16:33:07+08:00"}
{"event":"get a articleDTO by id","level":"info","msg":"Success","time":"2025-04-01T16:33:07+08:00"}
{"event":"get a articleDTO by id","level":"info","msg":"Success","time":"2025-04-01T16:33:07+08:00"}
{"event":"get a articleDTO by id","level":"info","msg":"Success","time":"2025-04-01T16:33:07+08:00"}
{"event":"get all categories","level":"info","msg":"Success to get all categories","time":"2025-04-01T16:33:20+08:00"}
{"event":"get all categories","level":"info","msg":"Success to get all categories","time":"2025-04-01T16:33:20+08:00"}
{"event":"get get articleCategoryList by categoryId","level":"info","msg":"Success to get articleCategoryList by categoryId","time":"2025-04-01T16:33:20+08:00"}
{"event":"get get articleCategoryList by categoryId","level":"info","msg":"Success to get articleCategoryList by categoryId","time":"2025-04-01T16:33:20+08:00"}
{"event":"get a articleDTO by id","level":"info","msg":"Success","time":"2025-04-01T16:33:20+08:00"}
{"event":"get a articleDTO by id","level":"info","msg":"Success","time":"2025-04-01T16:33:20+08:00"}
{"event":"get a articleDTO by id","level":"info","msg":"Success","time":"2025-04-01T16:33:20+08:00"}
{"event":"get a articleDTO by id","level":"info","msg":"Success","time":"2025-04-01T16:33:20+08:00"}
{"event":"get a articleDTO by id","level":"info","msg":"Success","time":"2025-04-01T16:33:20+08:00"}
{"event":"get get articleCategoryList by categoryId","level":"info","msg":"Success to get articleCategoryList by categoryId","time":"2025-04-01T16:33:20+08:00"}
{"event":"get a articleDTO by id","level":"info","msg":"Success","time":"2025-04-01T16:33:20+08:00"}
{"event":"get a articleDTO by id","level":"info","msg":"Success","time":"2025-04-01T16:33:20+08:00"}
{"event":"get get articleCategoryList by categoryId","level":"info","msg":"Success to get articleCategoryList by categoryId","time":"2025-04-01T16:33:20+08:00"}
{"event":"get a articleDTO by id","level":"info","msg":"Success","time":"2025-04-01T16:33:20+08:00"}
{"event":"get a articleDTO by id","level":"info","msg":"Success","time":"2025-04-01T16:33:20+08:00"}
{"event":"get get articleCategoryList by categoryId","level":"info","msg":"Success to get articleCategoryList by categoryId","time":"2025-04-01T16:33:20+08:00"}
{"event":"get a articleDTO by id","level":"info","msg":"Success","time":"2025-04-01T16:33:20+08:00"}
{"event":"get a articleDTO by id","level":"info","msg":"Success","time":"2025-04-01T16:33:20+08:00"}
{"event":"get a articleDTO by id","level":"info","msg":"Success","time":"2025-04-01T16:33:20+08:00"}
{"event":"get a articleDTO by id","level":"info","msg":"Success","time":"2025-04-01T16:33:20+08:00"}
{"event":"get a articleDTO by id","level":"info","msg":"Success","time":"2025-04-01T16:33:20+08:00"}
{"event":"get get articleCategoryList by categoryId","level":"info","msg":"Success to get articleCategoryList by categoryId","time":"2025-04-01T16:33:20+08:00"}
{"event":"get a articleDTO by id","level":"info","msg":"Success","time":"2025-04-01T16:33:20+08:00"}
{"event":"get a articleDTO by id","level":"info","msg":"Success","time":"2025-04-01T16:33:20+08:00"}
{"event":"get a articleDTO by id","level":"info","msg":"Success","time":"2025-04-01T16:33:20+08:00"}
{"event":"get a articleDTO by id","level":"info","msg":"Success","time":"2025-04-01T16:33:20+08:00"}
{"event":"get all categories","level":"info","msg":"Success to get all categories","time":"2025-04-01T16:34:09+08:00"}
{"event":"get all categories","level":"info","msg":"Success to get all categories","time":"2025-04-01T16:34:09+08:00"}
{"event":"get get articleCategoryList by categoryId","level":"info","msg":"Success to get articleCategoryList by categoryId","time":"2025-04-01T16:34:09+08:00"}
{"event":"get get articleCategoryList by categoryId","level":"info","msg":"Success to get articleCategoryList by categoryId","time":"2025-04-01T16:34:09+08:00"}
{"event":"get a articleDTO by id","level":"info","msg":"Success","time":"2025-04-01T16:34:09+08:00"}
{"event":"get a articleDTO by id","level":"info","msg":"Success","time":"2025-04-01T16:34:09+08:00"}
{"event":"get a articleDTO by id","level":"info","msg":"Success","time":"2025-04-01T16:34:09+08:00"}
{"event":"get a articleDTO by id","level":"info","msg":"Success","time":"2025-04-01T16:34:09+08:00"}
{"event":"get a articleDTO by id","level":"info","msg":"Success","time":"2025-04-01T16:34:09+08:00"}
{"event":"get get articleCategoryList by categoryId","level":"info","msg":"Success to get articleCategoryList by categoryId","time":"2025-04-01T16:34:09+08:00"}
{"event":"get a articleDTO by id","level":"info","msg":"Success","time":"2025-04-01T16:34:09+08:00"}
{"event":"get get articleCategoryList by categoryId","level":"info","msg":"Success to get articleCategoryList by categoryId","time":"2025-04-01T16:34:09+08:00"}
{"event":"get a articleDTO by id","level":"info","msg":"Success","time":"2025-04-01T16:34:09+08:00"}
{"event":"get a articleDTO by id","level":"info","msg":"Success","time":"2025-04-01T16:34:09+08:00"}
{"event":"get a articleDTO by id","level":"info","msg":"Success","time":"2025-04-01T16:34:09+08:00"}
{"event":"get a articleDTO by id","level":"info","msg":"Success","time":"2025-04-01T16:34:09+08:00"}
{"event":"get a articleDTO by id","level":"info","msg":"Success","time":"2025-04-01T16:34:09+08:00"}
{"event":"get a articleDTO by id","level":"info","msg":"Success","time":"2025-04-01T16:34:09+08:00"}
{"event":"get all categories","level":"info","msg":"Success to get all categories","time":"2025-04-01T16:35:48+08:00"}
{"event":"get all categories","level":"info","msg":"Success to get all categories","time":"2025-04-01T16:35:48+08:00"}
{"event":"get get articleCategoryList by categoryId","level":"info","msg":"Success to get articleCategoryList by categoryId","time":"2025-04-01T16:35:48+08:00"}
{"event":"get get articleCategoryList by categoryId","level":"info","msg":"Success to get articleCategoryList by categoryId","time":"2025-04-01T16:35:48+08:00"}
{"event":"get a articleDTO by id","level":"info","msg":"Success","time":"2025-04-01T16:35:48+08:00"}
{"event":"get a articleDTO by id","level":"info","msg":"Success","time":"2025-04-01T16:35:48+08:00"}
{"event":"get a articleDTO by id","level":"info","msg":"Success","time":"2025-04-01T16:35:48+08:00"}
{"event":"get a articleDTO by id","level":"info","msg":"Success","time":"2025-04-01T16:35:48+08:00"}
{"event":"get a articleDTO by id","level":"info","msg":"Success","time":"2025-04-01T16:35:48+08:00"}
{"event":"get a articleDTO by id","level":"info","msg":"Success","time":"2025-04-01T16:35:48+08:00"}
{"event":"get get articleCategoryList by categoryId","level":"info","msg":"Success to get articleCategoryList by categoryId","time":"2025-04-01T16:35:48+08:00"}
{"event":"get get articleCategoryList by categoryId","level":"info","msg":"Success to get articleCategoryList by categoryId","time":"2025-04-01T16:35:48+08:00"}
{"event":"get a articleDTO by id","level":"info","msg":"Success","time":"2025-04-01T16:35:48+08:00"}
{"event":"get a articleDTO by id","level":"info","msg":"Success","time":"2025-04-01T16:35:48+08:00"}
{"event":"get a articleDTO by id","level":"info","msg":"Success","time":"2025-04-01T16:35:48+08:00"}
{"event":"get a articleDTO by id","level":"info","msg":"Success","time":"2025-04-01T16:35:48+08:00"}
{"event":"get a articleDTO by id","level":"info","msg":"Success","time":"2025-04-01T16:35:48+08:00"}
{"event":"get get articleCategoryList by categoryId","level":"info","msg":"Success to get articleCategoryList by categoryId","time":"2025-04-01T16:35:48+08:00"}
{"event":"get a articleDTO by id","level":"info","msg":"Success","time":"2025-04-01T16:35:48+08:00"}
{"event":"get a articleDTO by id","level":"info","msg":"Success","time":"2025-04-01T16:35:48+08:00"}
{"event":"get a articleDTO by id","level":"info","msg":"Success","time":"2025-04-01T16:35:48+08:00"}
{"event":"get get articleCategoryList by categoryId","level":"info","msg":"Success to get articleCategoryList by categoryId","time":"2025-04-01T16:35:48+08:00"}
{"event":"get a articleDTO by id","level":"info","msg":"Success","time":"2025-04-01T16:35:48+08:00"}
{"event":"get a articleDTO by id","level":"info","msg":"Success","time":"2025-04-01T16:35:48+08:00"}
{"event":"get a articleDTO by id","level":"info","msg":"Success","time":"2025-04-01T16:35:48+08:00"}
{"event":"get a articleDTO by id","level":"info","msg":"Success","time":"2025-04-01T16:35:48+08:00"}
{"event":"get a articleDTOs by userId","level":"info","msg":"Success","time":"2025-04-01T16:35:49+08:00"}
{"event":"get a articleDTOs by userId","level":"info","msg":"Success","time":"2025-04-01T16:35:49+08:00"}
{"event":"get all categories","level":"info","msg":"Success to get all categories","time":"2025-04-01T16:35:57+08:00"}
{"event":"get all categories","level":"info","msg":"Success to get all categories","time":"2025-04-01T16:35:57+08:00"}
{"event":"get get articleCategoryList by categoryId","level":"info","msg":"Success to get articleCategoryList by categoryId","time":"2025-04-01T16:35:57+08:00"}
{"event":"get get articleCategoryList by categoryId","level":"info","msg":"Success to get articleCategoryList by categoryId","time":"2025-04-01T16:35:57+08:00"}
{"event":"get a articleDTO by id","level":"info","msg":"Success","time":"2025-04-01T16:35:57+08:00"}
{"event":"get a articleDTO by id","level":"info","msg":"Success","time":"2025-04-01T16:35:57+08:00"}
{"event":"get a articleDTO by id","level":"info","msg":"Success","time":"2025-04-01T16:35:57+08:00"}
{"event":"get a articleDTO by id","level":"info","msg":"Success","time":"2025-04-01T16:35:57+08:00"}
{"event":"get a articleDTO by id","level":"info","msg":"Success","time":"2025-04-01T16:35:57+08:00"}
{"event":"get a articleDTO by id","level":"info","msg":"Success","time":"2025-04-01T16:35:57+08:00"}
{"event":"get get articleCategoryList by categoryId","level":"info","msg":"Success to get articleCategoryList by categoryId","time":"2025-04-01T16:35:57+08:00"}
{"event":"get a articleDTO by id","level":"info","msg":"Success","time":"2025-04-01T16:35:57+08:00"}
{"event":"get a articleDTO by id","level":"info","msg":"Success","time":"2025-04-01T16:35:57+08:00"}
{"event":"get get articleCategoryList by categoryId","level":"info","msg":"Success to get articleCategoryList by categoryId","time":"2025-04-01T16:35:57+08:00"}
{"event":"get a articleDTO by id","level":"info","msg":"Success","time":"2025-04-01T16:35:57+08:00"}
{"event":"get a articleDTO by id","level":"info","msg":"Success","time":"2025-04-01T16:35:57+08:00"}
{"event":"get a articleDTO by id","level":"info","msg":"Success","time":"2025-04-01T16:35:57+08:00"}
{"event":"get a articleDTO by id","level":"info","msg":"Success","time":"2025-04-01T16:35:57+08:00"}
{"event":"get a articleDTOs by userId","level":"info","msg":"Success","time":"2025-04-01T16:35:58+08:00"}
{"event":"get a articleDTOs by userId","level":"info","msg":"Success","time":"2025-04-01T16:35:58+08:00"}
{"event":"get a articleDTOs by userId","level":"info","msg":"Success","time":"2025-04-01T16:37:51+08:00"}
{"event":"get a articleDTOs by userId","level":"info","msg":"Success","time":"2025-04-01T16:38:01+08:00"}
{"event":"get all categories","level":"info","msg":"Success to get all categories","time":"2025-04-01T16:38:17+08:00"}
{"event":"get all categories","level":"info","msg":"Success to get all categories","time":"2025-04-01T16:38:17+08:00"}
{"event":"get get articleCategoryList by categoryId","level":"info","msg":"Success to get articleCategoryList by categoryId","time":"2025-04-01T16:38:17+08:00"}
{"event":"get get articleCategoryList by categoryId","level":"info","msg":"Success to get articleCategoryList by categoryId","time":"2025-04-01T16:38:17+08:00"}
{"event":"get a articleDTO by id","level":"info","msg":"Success","time":"2025-04-01T16:38:17+08:00"}
{"event":"get a articleDTO by id","level":"info","msg":"Success","time":"2025-04-01T16:38:17+08:00"}
{"event":"get a articleDTO by id","level":"info","msg":"Success","time":"2025-04-01T16:38:17+08:00"}
{"event":"get a articleDTO by id","level":"info","msg":"Success","time":"2025-04-01T16:38:17+08:00"}
{"event":"get a articleDTO by id","level":"info","msg":"Success","time":"2025-04-01T16:38:17+08:00"}
{"event":"get a articleDTO by id","level":"info","msg":"Success","time":"2025-04-01T16:38:17+08:00"}
{"event":"get get articleCategoryList by categoryId","level":"info","msg":"Success to get articleCategoryList by categoryId","time":"2025-04-01T16:38:17+08:00"}
{"event":"get a articleDTO by id","level":"info","msg":"Success","time":"2025-04-01T16:38:17+08:00"}
{"event":"get get articleCategoryList by categoryId","level":"info","msg":"Success to get articleCategoryList by categoryId","time":"2025-04-01T16:38:17+08:00"}
{"event":"get a articleDTO by id","level":"info","msg":"Success","time":"2025-04-01T16:38:17+08:00"}
{"event":"get a articleDTO by id","level":"info","msg":"Success","time":"2025-04-01T16:38:17+08:00"}
{"event":"get a articleDTO by id","level":"info","msg":"Success","time":"2025-04-01T16:38:17+08:00"}
{"event":"get a articleDTO by id","level":"info","msg":"Success","time":"2025-04-01T16:38:17+08:00"}
{"event":"get a articleDTO by id","level":"info","msg":"Success","time":"2025-04-01T16:38:17+08:00"}
{"event":"get a articleDTOs by userId","level":"info","msg":"Success","time":"2025-04-01T16:38:19+08:00"}
{"event":"get a articleDTOs by userId","level":"info","msg":"Success","time":"2025-04-01T16:38:19+08:00"}
{"event":"get all categories","level":"info","msg":"Success to get all categories","time":"2025-04-01T16:38:21+08:00"}
{"event":"get all categories","level":"info","msg":"Success to get all categories","time":"2025-04-01T16:38:21+08:00"}
{"event":"get get articleCategoryList by categoryId","level":"info","msg":"Success to get articleCategoryList by categoryId","time":"2025-04-01T16:38:21+08:00"}
{"event":"get get articleCategoryList by categoryId","level":"info","msg":"Success to get articleCategoryList by categoryId","time":"2025-04-01T16:38:21+08:00"}
{"event":"get a articleDTO by id","level":"info","msg":"Success","time":"2025-04-01T16:38:21+08:00"}
{"event":"get a articleDTO by id","level":"info","msg":"Success","time":"2025-04-01T16:38:21+08:00"}
{"event":"get a articleDTO by id","level":"info","msg":"Success","time":"2025-04-01T16:38:21+08:00"}
{"event":"get a articleDTO by id","level":"info","msg":"Success","time":"2025-04-01T16:38:21+08:00"}
{"event":"get a articleDTO by id","level":"info","msg":"Success","time":"2025-04-01T16:38:21+08:00"}
{"event":"get a articleDTO by id","level":"info","msg":"Success","time":"2025-04-01T16:38:21+08:00"}
{"event":"get get articleCategoryList by categoryId","level":"info","msg":"Success to get articleCategoryList by categoryId","time":"2025-04-01T16:38:21+08:00"}
{"event":"get a articleDTO by id","level":"info","msg":"Success","time":"2025-04-01T16:38:21+08:00"}
{"event":"get get articleCategoryList by categoryId","level":"info","msg":"Success to get articleCategoryList by categoryId","time":"2025-04-01T16:38:21+08:00"}
{"event":"get a articleDTO by id","level":"info","msg":"Success","time":"2025-04-01T16:38:21+08:00"}
{"event":"get a articleDTO by id","level":"info","msg":"Success","time":"2025-04-01T16:38:21+08:00"}
{"event":"get a articleDTO by id","level":"info","msg":"Success","time":"2025-04-01T16:38:21+08:00"}
{"event":"get a articleDTO by id","level":"info","msg":"Success","time":"2025-04-01T16:38:21+08:00"}
{"event":"get a articleDTO by id","level":"info","msg":"Success","time":"2025-04-01T16:38:21+08:00"}
{"event":"get a articleDTOs by userId","level":"info","msg":"Success","time":"2025-04-01T16:38:24+08:00"}
{"event":"get a articleDTOs by userId","level":"info","msg":"Success","time":"2025-04-01T16:38:24+08:00"}
{"event":"get all categories","level":"info","msg":"Success to get all categories","time":"2025-04-01T16:38:25+08:00"}
{"event":"get all categories","level":"info","msg":"Success to get all categories","time":"2025-04-01T16:38:25+08:00"}
{"event":"get get articleCategoryList by categoryId","level":"info","msg":"Success to get articleCategoryList by categoryId","time":"2025-04-01T16:38:25+08:00"}
{"event":"get get articleCategoryList by categoryId","level":"info","msg":"Success to get articleCategoryList by categoryId","time":"2025-04-01T16:38:25+08:00"}
{"event":"get a articleDTO by id","level":"info","msg":"Success","time":"2025-04-01T16:38:25+08:00"}
{"event":"get a articleDTO by id","level":"info","msg":"Success","time":"2025-04-01T16:38:25+08:00"}
{"event":"get a articleDTO by id","level":"info","msg":"Success","time":"2025-04-01T16:38:25+08:00"}
{"event":"get a articleDTO by id","level":"info","msg":"Success","time":"2025-04-01T16:38:25+08:00"}
{"event":"get a articleDTO by id","level":"info","msg":"Success","time":"2025-04-01T16:38:25+08:00"}
{"event":"get get articleCategoryList by categoryId","level":"info","msg":"Success to get articleCategoryList by categoryId","time":"2025-04-01T16:38:25+08:00"}
{"event":"get a articleDTO by id","level":"info","msg":"Success","time":"2025-04-01T16:38:25+08:00"}
{"event":"get a articleDTO by id","level":"info","msg":"Success","time":"2025-04-01T16:38:25+08:00"}
{"event":"get a articleDTO by id","level":"info","msg":"Success","time":"2025-04-01T16:38:25+08:00"}
{"event":"get get articleCategoryList by categoryId","level":"info","msg":"Success to get articleCategoryList by categoryId","time":"2025-04-01T16:38:25+08:00"}
{"event":"get a articleDTO by id","level":"info","msg":"Success","time":"2025-04-01T16:38:25+08:00"}
{"event":"get a articleDTO by id","level":"info","msg":"Success","time":"2025-04-01T16:38:25+08:00"}
{"event":"get a articleDTO by id","level":"info","msg":"Success","time":"2025-04-01T16:38:25+08:00"}
{"event":"get a articleDTO by id","level":"info","msg":"Success","time":"2025-04-01T16:38:25+08:00"}
{"event":"get all categories","level":"info","msg":"Success to get all categories","time":"2025-04-01T16:39:08+08:00"}
{"event":"get all categories","level":"info","msg":"Success to get all categories","time":"2025-04-01T16:39:08+08:00"}
{"event":"get get articleCategoryList by categoryId","level":"info","msg":"Success to get articleCategoryList by categoryId","time":"2025-04-01T16:39:08+08:00"}
{"event":"get get articleCategoryList by categoryId","level":"info","msg":"Success to get articleCategoryList by categoryId","time":"2025-04-01T16:39:08+08:00"}
{"event":"get a articleDTO by id","level":"info","msg":"Success","time":"2025-04-01T16:39:08+08:00"}
{"event":"get a articleDTO by id","level":"info","msg":"Success","time":"2025-04-01T16:39:08+08:00"}
{"event":"get a articleDTO by id","level":"info","msg":"Success","time":"2025-04-01T16:39:08+08:00"}
{"event":"get a articleDTO by id","level":"info","msg":"Success","time":"2025-04-01T16:39:08+08:00"}
{"event":"get a articleDTO by id","level":"info","msg":"Success","time":"2025-04-01T16:39:08+08:00"}
{"event":"get a articleDTO by id","level":"info","msg":"Success","time":"2025-04-01T16:39:08+08:00"}
{"event":"get get articleCategoryList by categoryId","level":"info","msg":"Success to get articleCategoryList by categoryId","time":"2025-04-01T16:39:08+08:00"}
{"event":"get a articleDTO by id","level":"info","msg":"Success","time":"2025-04-01T16:39:08+08:00"}
{"event":"get get articleCategoryList by categoryId","level":"info","msg":"Success to get articleCategoryList by categoryId","time":"2025-04-01T16:39:08+08:00"}
{"event":"get a articleDTO by id","level":"info","msg":"Success","time":"2025-04-01T16:39:08+08:00"}
{"event":"get a articleDTO by id","level":"info","msg":"Success","time":"2025-04-01T16:39:08+08:00"}
{"event":"get a articleDTO by id","level":"info","msg":"Success","time":"2025-04-01T16:39:08+08:00"}
{"event":"get get articleCategoryList by categoryId","level":"info","msg":"Success to get articleCategoryList by categoryId","time":"2025-04-01T16:39:08+08:00"}
{"event":"get a articleDTO by id","level":"info","msg":"Success","time":"2025-04-01T16:39:08+08:00"}
{"event":"get a articleDTO by id","level":"info","msg":"Success","time":"2025-04-01T16:39:08+08:00"}
{"event":"get a articleDTO by id","level":"info","msg":"Success","time":"2025-04-01T16:39:08+08:00"}
{"event":"get a articleDTO by id","level":"info","msg":"Success","time":"2025-04-01T16:39:08+08:00"}
{"event":"get get articleCategoryList by categoryId","level":"info","msg":"Success to get articleCategoryList by categoryId","time":"2025-04-01T16:39:08+08:00"}
{"event":"get a articleDTO by id","level":"info","msg":"Success","time":"2025-04-01T16:39:08+08:00"}
{"event":"get a articleDTO by id","level":"info","msg":"Success","time":"2025-04-01T16:39:08+08:00"}
{"event":"get a articleDTO by id","level":"info","msg":"Success","time":"2025-04-01T16:39:08+08:00"}
{"event":"get a articleDTO by id","level":"info","msg":"Success","time":"2025-04-01T16:39:08+08:00"}
{"event":"get a articleDTOs by userId","level":"info","msg":"Success","time":"2025-04-01T16:39:09+08:00"}
{"event":"get a articleDTOs by userId","level":"info","msg":"Success","time":"2025-04-01T16:39:09+08:00"}
{"event":"get a articleDTOs by userId","level":"info","msg":"Success","time":"2025-04-01T16:40:43+08:00"}
{"event":"get a articleDTOs by userId","level":"info","msg":"Success","time":"2025-04-01T16:40:43+08:00"}
{"event":"get a articleDTOs by userId","level":"info","msg":"Success","time":"2025-04-01T16:40:45+08:00"}
{"event":"get a articleDTOs by userId","level":"info","msg":"Success","time":"2025-04-01T16:40:45+08:00"}
{"event":"get a articleDTOs by userId","level":"info","msg":"Success","time":"2025-04-01T16:41:00+08:00"}
{"event":"get a articleDTOs by userId","level":"info","msg":"Success","time":"2025-04-01T16:41:00+08:00"}
{"event":"get a articleDTOs by userId","level":"info","msg":"Success","time":"2025-04-01T16:41:07+08:00"}
{"event":"get a articleDTOs by userId","level":"info","msg":"Success","time":"2025-04-01T16:41:07+08:00"}
{"event":"get a articleDTOs by userId","level":"info","msg":"Success","time":"2025-04-01T16:41:18+08:00"}
{"event":"get a articleDTOs by userId","level":"info","msg":"Success","time":"2025-04-01T16:41:18+08:00"}
{"event":"get a articleDTOs by userId","level":"info","msg":"Success","time":"2025-04-01T16:41:32+08:00"}
{"event":"get a articleDTOs by userId","level":"info","msg":"Success","time":"2025-04-01T16:41:32+08:00"}
{"event":"get a articleDTOs by userId","level":"info","msg":"Success","time":"2025-04-01T16:42:00+08:00"}
{"event":"get all categories","level":"info","msg":"Success to get all categories","time":"2025-04-01T16:42:43+08:00"}
{"event":"get all categories","level":"info","msg":"Success to get all categories","time":"2025-04-01T16:42:43+08:00"}
{"event":"get get articleCategoryList by categoryId","level":"info","msg":"Success to get articleCategoryList by categoryId","time":"2025-04-01T16:42:43+08:00"}
{"event":"get get articleCategoryList by categoryId","level":"info","msg":"Success to get articleCategoryList by categoryId","time":"2025-04-01T16:42:43+08:00"}
{"event":"get a articleDTO by id","level":"info","msg":"Success","time":"2025-04-01T16:42:43+08:00"}
{"event":"get a articleDTO by id","level":"info","msg":"Success","time":"2025-04-01T16:42:43+08:00"}
{"event":"get a articleDTO by id","level":"info","msg":"Success","time":"2025-04-01T16:42:43+08:00"}
{"event":"get a articleDTO by id","level":"info","msg":"Success","time":"2025-04-01T16:42:43+08:00"}
{"event":"get a articleDTO by id","level":"info","msg":"Success","time":"2025-04-01T16:42:43+08:00"}
{"event":"get a articleDTO by id","level":"info","msg":"Success","time":"2025-04-01T16:42:43+08:00"}
{"event":"get get articleCategoryList by categoryId","level":"info","msg":"Success to get articleCategoryList by categoryId","time":"2025-04-01T16:42:43+08:00"}
{"event":"get a articleDTO by id","level":"info","msg":"Success","time":"2025-04-01T16:42:43+08:00"}
{"event":"get a articleDTO by id","level":"info","msg":"Success","time":"2025-04-01T16:42:43+08:00"}
{"event":"get get articleCategoryList by categoryId","level":"info","msg":"Success to get articleCategoryList by categoryId","time":"2025-04-01T16:42:43+08:00"}
{"event":"get a articleDTO by id","level":"info","msg":"Success","time":"2025-04-01T16:42:43+08:00"}
{"event":"get a articleDTO by id","level":"info","msg":"Success","time":"2025-04-01T16:42:44+08:00"}
{"event":"get get articleCategoryList by categoryId","level":"info","msg":"Success to get articleCategoryList by categoryId","time":"2025-04-01T16:42:44+08:00"}
{"event":"get a articleDTO by id","level":"info","msg":"Success","time":"2025-04-01T16:42:44+08:00"}
{"event":"get a articleDTO by id","level":"info","msg":"Success","time":"2025-04-01T16:42:44+08:00"}
{"event":"get a articleDTO by id","level":"info","msg":"Success","time":"2025-04-01T16:42:44+08:00"}
{"event":"get a articleDTO by id","level":"info","msg":"Success","time":"2025-04-01T16:42:44+08:00"}
{"event":"get get articleCategoryList by categoryId","level":"info","msg":"Success to get articleCategoryList by categoryId","time":"2025-04-01T16:42:44+08:00"}
{"event":"get a articleDTO by id","level":"info","msg":"Success","time":"2025-04-01T16:42:44+08:00"}
{"event":"get a articleDTO by id","level":"info","msg":"Success","time":"2025-04-01T16:42:44+08:00"}
{"event":"get a articleDTO by id","level":"info","msg":"Success","time":"2025-04-01T16:42:44+08:00"}
{"event":"get a articleDTO by id","level":"info","msg":"Success","time":"2025-04-01T16:42:44+08:00"}
{"event":"get all categories","level":"info","msg":"Success to get all categories","time":"2025-04-01T16:42:48+08:00"}
{"event":"get all categories","level":"info","msg":"Success to get all categories","time":"2025-04-01T16:42:48+08:00"}
{"event":"get get articleCategoryList by categoryId","level":"info","msg":"Success to get articleCategoryList by categoryId","time":"2025-04-01T16:42:48+08:00"}
{"event":"get get articleCategoryList by categoryId","level":"info","msg":"Success to get articleCategoryList by categoryId","time":"2025-04-01T16:42:48+08:00"}
{"event":"get a articleDTO by id","level":"info","msg":"Success","time":"2025-04-01T16:42:48+08:00"}
{"event":"get a articleDTO by id","level":"info","msg":"Success","time":"2025-04-01T16:42:48+08:00"}
{"event":"get a articleDTO by id","level":"info","msg":"Success","time":"2025-04-01T16:42:48+08:00"}
{"event":"get a articleDTO by id","level":"info","msg":"Success","time":"2025-04-01T16:42:48+08:00"}
{"event":"get a articleDTO by id","level":"info","msg":"Success","time":"2025-04-01T16:42:48+08:00"}
{"event":"get a articleDTO by id","level":"info","msg":"Success","time":"2025-04-01T16:42:48+08:00"}
{"event":"get get articleCategoryList by categoryId","level":"info","msg":"Success to get articleCategoryList by categoryId","time":"2025-04-01T16:42:48+08:00"}
{"event":"get a articleDTO by id","level":"info","msg":"Success","time":"2025-04-01T16:42:48+08:00"}
{"event":"get get articleCategoryList by categoryId","level":"info","msg":"Success to get articleCategoryList by categoryId","time":"2025-04-01T16:42:48+08:00"}
{"event":"get a articleDTO by id","level":"info","msg":"Success","time":"2025-04-01T16:42:48+08:00"}
{"event":"get a articleDTO by id","level":"info","msg":"Success","time":"2025-04-01T16:42:48+08:00"}
{"event":"get get articleCategoryList by categoryId","level":"info","msg":"Success to get articleCategoryList by categoryId","time":"2025-04-01T16:42:48+08:00"}
{"event":"get a articleDTO by id","level":"info","msg":"Success","time":"2025-04-01T16:42:48+08:00"}
{"event":"get a articleDTO by id","level":"info","msg":"Success","time":"2025-04-01T16:42:48+08:00"}
{"event":"get a articleDTO by id","level":"info","msg":"Success","time":"2025-04-01T16:42:48+08:00"}
{"event":"get a articleDTO by id","level":"info","msg":"Success","time":"2025-04-01T16:42:48+08:00"}
{"event":"get a articleDTO by id","level":"info","msg":"Success","time":"2025-04-01T16:42:48+08:00"}
{"event":"get get articleCategoryList by categoryId","level":"info","msg":"Success to get articleCategoryList by categoryId","time":"2025-04-01T16:42:48+08:00"}
{"event":"get a articleDTO by id","level":"info","msg":"Success","time":"2025-04-01T16:42:48+08:00"}
{"event":"get a articleDTO by id","level":"info","msg":"Success","time":"2025-04-01T16:42:48+08:00"}
{"event":"get a articleDTO by id","level":"info","msg":"Success","time":"2025-04-01T16:42:48+08:00"}
{"event":"get a articleDTO by id","level":"info","msg":"Success","time":"2025-04-01T16:42:48+08:00"}
{"event":"get a articleDTOs by userId","level":"info","msg":"Success","time":"2025-04-01T16:42:49+08:00"}
{"event":"get a articleDTOs by userId","level":"info","msg":"Success","time":"2025-04-01T16:42:49+08:00"}
{"event":"get all categories","level":"info","msg":"Success to get all categories","time":"2025-04-01T16:50:07+08:00"}
{"event":"get all categories","level":"info","msg":"Success to get all categories","time":"2025-04-01T16:50:07+08:00"}
{"event":"get get articleCategoryList by categoryId","level":"info","msg":"Success to get articleCategoryList by categoryId","time":"2025-04-01T16:50:07+08:00"}
{"event":"get get articleCategoryList by categoryId","level":"info","msg":"Success to get articleCategoryList by categoryId","time":"2025-04-01T16:50:07+08:00"}
{"event":"get a articleDTO by id","level":"info","msg":"Success","time":"2025-04-01T16:50:07+08:00"}
{"event":"get a articleDTO by id","level":"info","msg":"Success","time":"2025-04-01T16:50:07+08:00"}
{"event":"get a articleDTO by id","level":"info","msg":"Success","time":"2025-04-01T16:50:07+08:00"}
{"event":"get a articleDTO by id","level":"info","msg":"Success","time":"2025-04-01T16:50:07+08:00"}
{"event":"get a articleDTO by id","level":"info","msg":"Success","time":"2025-04-01T16:50:07+08:00"}
{"event":"get a articleDTO by id","level":"info","msg":"Success","time":"2025-04-01T16:50:07+08:00"}
{"event":"get get articleCategoryList by categoryId","level":"info","msg":"Success to get articleCategoryList by categoryId","time":"2025-04-01T16:50:07+08:00"}
{"event":"get a articleDTO by id","level":"info","msg":"Success","time":"2025-04-01T16:50:07+08:00"}
{"event":"get get articleCategoryList by categoryId","level":"info","msg":"Success to get articleCategoryList by categoryId","time":"2025-04-01T16:50:07+08:00"}
{"event":"get a articleDTO by id","level":"info","msg":"Success","time":"2025-04-01T16:50:07+08:00"}
{"event":"get a articleDTO by id","level":"info","msg":"Success","time":"2025-04-01T16:50:07+08:00"}
{"event":"get a articleDTO by id","level":"info","msg":"Success","time":"2025-04-01T16:50:07+08:00"}
{"event":"get get articleCategoryList by categoryId","level":"info","msg":"Success to get articleCategoryList by categoryId","time":"2025-04-01T16:50:07+08:00"}
{"event":"get a articleDTO by id","level":"info","msg":"Success","time":"2025-04-01T16:50:07+08:00"}
{"event":"get a articleDTO by id","level":"info","msg":"Success","time":"2025-04-01T16:50:07+08:00"}
{"event":"get a articleDTO by id","level":"info","msg":"Success","time":"2025-04-01T16:50:07+08:00"}
{"event":"get a articleDTO by id","level":"info","msg":"Success","time":"2025-04-01T16:50:07+08:00"}
{"event":"get get articleCategoryList by categoryId","level":"info","msg":"Success to get articleCategoryList by categoryId","time":"2025-04-01T16:50:07+08:00"}
{"event":"get a articleDTO by id","level":"info","msg":"Success","time":"2025-04-01T16:50:07+08:00"}
{"event":"get a articleDTO by id","level":"info","msg":"Success","time":"2025-04-01T16:50:07+08:00"}
{"event":"get a articleDTO by id","level":"info","msg":"Success","time":"2025-04-01T16:50:07+08:00"}
{"event":"get a articleDTO by id","level":"info","msg":"Success","time":"2025-04-01T16:50:07+08:00"}
{"event":"get a articleDTOs by userId","level":"info","msg":"Success","time":"2025-04-01T16:50:11+08:00"}
{"event":"get a articleDTOs by userId","level":"info","msg":"Success","time":"2025-04-01T16:50:11+08:00"}
{"event":"get all categories","level":"info","msg":"Success to get all categories","time":"2025-04-01T16:50:13+08:00"}
{"event":"get all categories","level":"info","msg":"Success to get all categories","time":"2025-04-01T16:50:13+08:00"}
{"event":"get get articleCategoryList by categoryId","level":"info","msg":"Success to get articleCategoryList by categoryId","time":"2025-04-01T16:50:13+08:00"}
{"event":"get a articleDTO by id","level":"info","msg":"Success","time":"2025-04-01T16:50:13+08:00"}
{"event":"get a articleDTO by id","level":"info","msg":"Success","time":"2025-04-01T16:50:13+08:00"}
{"event":"get get articleCategoryList by categoryId","level":"info","msg":"Success to get articleCategoryList by categoryId","time":"2025-04-01T16:50:13+08:00"}
{"event":"get a articleDTO by id","level":"info","msg":"Success","time":"2025-04-01T16:50:13+08:00"}
{"event":"get a articleDTO by id","level":"info","msg":"Success","time":"2025-04-01T16:50:13+08:00"}
{"event":"get get articleCategoryList by categoryId","level":"info","msg":"Success to get articleCategoryList by categoryId","time":"2025-04-01T16:50:13+08:00"}
{"event":"get a articleDTO by id","level":"info","msg":"Success","time":"2025-04-01T16:50:13+08:00"}
{"event":"get a articleDTO by id","level":"info","msg":"Success","time":"2025-04-01T16:50:13+08:00"}
{"event":"get get articleCategoryList by categoryId","level":"info","msg":"Success to get articleCategoryList by categoryId","time":"2025-04-01T16:50:13+08:00"}
{"event":"get a articleDTO by id","level":"info","msg":"Success","time":"2025-04-01T16:50:13+08:00"}
{"event":"get a articleDTO by id","level":"info","msg":"Success","time":"2025-04-01T16:50:13+08:00"}
{"event":"get a articleDTO by id","level":"info","msg":"Success","time":"2025-04-01T16:50:13+08:00"}
{"event":"get a articleDTO by id","level":"info","msg":"Success","time":"2025-04-01T16:50:13+08:00"}
{"event":"get get articleCategoryList by categoryId","level":"info","msg":"Success to get articleCategoryList by categoryId","time":"2025-04-01T16:50:13+08:00"}
{"event":"get a articleDTO by id","level":"info","msg":"Success","time":"2025-04-01T16:50:13+08:00"}
{"event":"get a articleDTO by id","level":"info","msg":"Success","time":"2025-04-01T16:50:13+08:00"}
{"event":"get a articleDTO by id","level":"info","msg":"Success","time":"2025-04-01T16:50:13+08:00"}
{"event":"get a articleDTO by id","level":"info","msg":"Success","time":"2025-04-01T16:50:13+08:00"}
{"event":"get get articleCategoryList by categoryId","level":"info","msg":"Success to get articleCategoryList by categoryId","time":"2025-04-01T16:50:13+08:00"}
{"event":"get a articleDTO by id","level":"info","msg":"Success","time":"2025-04-01T16:50:13+08:00"}
{"event":"get a articleDTO by id","level":"info","msg":"Success","time":"2025-04-01T16:50:13+08:00"}
{"event":"get a articleDTO by id","level":"info","msg":"Success","time":"2025-04-01T16:50:13+08:00"}
{"event":"get a articleDTO by id","level":"info","msg":"Success","time":"2025-04-01T16:50:13+08:00"}
{"event":"get a articleDTOs by userId","level":"info","msg":"Success","time":"2025-04-01T16:50:15+08:00"}
{"event":"get a articleDTOs by userId","level":"info","msg":"Success","time":"2025-04-01T16:50:15+08:00"}
{"event":"get all categories","level":"info","msg":"Success to get all categories","time":"2025-04-01T16:51:04+08:00"}
{"event":"get all categories","level":"info","msg":"Success to get all categories","time":"2025-04-01T16:51:04+08:00"}
{"event":"get get articleCategoryList by categoryId","level":"info","msg":"Success to get articleCategoryList by categoryId","time":"2025-04-01T16:51:04+08:00"}
{"event":"get get articleCategoryList by categoryId","level":"info","msg":"Success to get articleCategoryList by categoryId","time":"2025-04-01T16:51:04+08:00"}
{"event":"get a articleDTO by id","level":"info","msg":"Success","time":"2025-04-01T16:51:04+08:00"}
{"event":"get a articleDTO by id","level":"info","msg":"Success","time":"2025-04-01T16:51:04+08:00"}
{"event":"get a articleDTO by id","level":"info","msg":"Success","time":"2025-04-01T16:51:04+08:00"}
{"event":"get a articleDTO by id","level":"info","msg":"Success","time":"2025-04-01T16:51:04+08:00"}
{"event":"get a articleDTO by id","level":"info","msg":"Success","time":"2025-04-01T16:51:04+08:00"}
{"event":"get a articleDTO by id","level":"info","msg":"Success","time":"2025-04-01T16:51:04+08:00"}
{"event":"get get articleCategoryList by categoryId","level":"info","msg":"Success to get articleCategoryList by categoryId","time":"2025-04-01T16:51:04+08:00"}
{"event":"get a articleDTO by id","level":"info","msg":"Success","time":"2025-04-01T16:51:04+08:00"}
{"event":"get get articleCategoryList by categoryId","level":"info","msg":"Success to get articleCategoryList by categoryId","time":"2025-04-01T16:51:04+08:00"}
{"event":"get a articleDTO by id","level":"info","msg":"Success","time":"2025-04-01T16:51:04+08:00"}
{"event":"get a articleDTO by id","level":"info","msg":"Success","time":"2025-04-01T16:51:04+08:00"}
{"event":"get a articleDTO by id","level":"info","msg":"Success","time":"2025-04-01T16:51:04+08:00"}
{"event":"get get articleCategoryList by categoryId","level":"info","msg":"Success to get articleCategoryList by categoryId","time":"2025-04-01T16:51:04+08:00"}
{"event":"get a articleDTO by id","level":"info","msg":"Success","time":"2025-04-01T16:51:04+08:00"}
{"event":"get a articleDTO by id","level":"info","msg":"Success","time":"2025-04-01T16:51:04+08:00"}
{"event":"get a articleDTO by id","level":"info","msg":"Success","time":"2025-04-01T16:51:04+08:00"}
{"event":"get a articleDTO by id","level":"info","msg":"Success","time":"2025-04-01T16:51:04+08:00"}
{"event":"get get articleCategoryList by categoryId","level":"info","msg":"Success to get articleCategoryList by categoryId","time":"2025-04-01T16:51:04+08:00"}
{"event":"get a articleDTO by id","level":"info","msg":"Success","time":"2025-04-01T16:51:04+08:00"}
{"event":"get a articleDTO by id","level":"info","msg":"Success","time":"2025-04-01T16:51:04+08:00"}
{"event":"get a articleDTO by id","level":"info","msg":"Success","time":"2025-04-01T16:51:04+08:00"}
{"event":"get a articleDTO by id","level":"info","msg":"Success","time":"2025-04-01T16:51:04+08:00"}
{"event":"get a articleDTOs by userId","level":"info","msg":"Success","time":"2025-04-01T16:51:06+08:00"}
{"event":"get a articleDTOs by userId","level":"info","msg":"Success","time":"2025-04-01T16:51:06+08:00"}
{"event":"get all categories","level":"info","msg":"Success to get all categories","time":"2025-04-01T16:51:08+08:00"}
{"event":"get all categories","level":"info","msg":"Success to get all categories","time":"2025-04-01T16:51:08+08:00"}
{"event":"get get articleCategoryList by categoryId","level":"info","msg":"Success to get articleCategoryList by categoryId","time":"2025-04-01T16:51:08+08:00"}
{"event":"get get articleCategoryList by categoryId","level":"info","msg":"Success to get articleCategoryList by categoryId","time":"2025-04-01T16:51:08+08:00"}
{"event":"get a articleDTO by id","level":"info","msg":"Success","time":"2025-04-01T16:51:08+08:00"}
{"event":"get a articleDTO by id","level":"info","msg":"Success","time":"2025-04-01T16:51:08+08:00"}
{"event":"get a articleDTO by id","level":"info","msg":"Success","time":"2025-04-01T16:51:08+08:00"}
{"event":"get a articleDTO by id","level":"info","msg":"Success","time":"2025-04-01T16:51:08+08:00"}
{"event":"get a articleDTO by id","level":"info","msg":"Success","time":"2025-04-01T16:51:08+08:00"}
{"event":"get get articleCategoryList by categoryId","level":"info","msg":"Success to get articleCategoryList by categoryId","time":"2025-04-01T16:51:08+08:00"}
{"event":"get a articleDTO by id","level":"info","msg":"Success","time":"2025-04-01T16:51:08+08:00"}
{"event":"get a articleDTO by id","level":"info","msg":"Success","time":"2025-04-01T16:51:08+08:00"}
{"event":"get get articleCategoryList by categoryId","level":"info","msg":"Success to get articleCategoryList by categoryId","time":"2025-04-01T16:51:08+08:00"}
{"event":"get a articleDTO by id","level":"info","msg":"Success","time":"2025-04-01T16:51:08+08:00"}
{"event":"get a articleDTO by id","level":"info","msg":"Success","time":"2025-04-01T16:51:08+08:00"}
{"event":"get a articleDTO by id","level":"info","msg":"Success","time":"2025-04-01T16:51:08+08:00"}
{"event":"get a articleDTO by id","level":"info","msg":"Success","time":"2025-04-01T16:51:08+08:00"}
{"event":"get get articleCategoryList by categoryId","level":"info","msg":"Success to get articleCategoryList by categoryId","time":"2025-04-01T16:51:08+08:00"}
{"event":"get a articleDTO by id","level":"info","msg":"Success","time":"2025-04-01T16:51:08+08:00"}
{"event":"get a articleDTO by id","level":"info","msg":"Success","time":"2025-04-01T16:51:08+08:00"}
{"event":"get a articleDTO by id","level":"info","msg":"Success","time":"2025-04-01T16:51:08+08:00"}
{"event":"get get articleCategoryList by categoryId","level":"info","msg":"Success to get articleCategoryList by categoryId","time":"2025-04-01T16:51:08+08:00"}
{"event":"get a articleDTO by id","level":"info","msg":"Success","time":"2025-04-01T16:51:08+08:00"}
{"event":"get a articleDTO by id","level":"info","msg":"Success","time":"2025-04-01T16:51:08+08:00"}
{"event":"get a articleDTO by id","level":"info","msg":"Success","time":"2025-04-01T16:51:08+08:00"}
{"event":"get a articleDTO by id","level":"info","msg":"Success","time":"2025-04-01T16:51:08+08:00"}
{"event":"get all categories","level":"info","msg":"Success to get all categories","time":"2025-04-01T16:52:14+08:00"}
{"event":"get all categories","level":"info","msg":"Success to get all categories","time":"2025-04-01T16:52:14+08:00"}
{"event":"get get articleCategoryList by categoryId","level":"info","msg":"Success to get articleCategoryList by categoryId","time":"2025-04-01T16:52:14+08:00"}
{"event":"get get articleCategoryList by categoryId","level":"info","msg":"Success to get articleCategoryList by categoryId","time":"2025-04-01T16:52:14+08:00"}
{"event":"get a articleDTO by id","level":"info","msg":"Success","time":"2025-04-01T16:52:14+08:00"}
{"event":"get a articleDTO by id","level":"info","msg":"Success","time":"2025-04-01T16:52:14+08:00"}
{"event":"get a articleDTO by id","level":"info","msg":"Success","time":"2025-04-01T16:52:14+08:00"}
{"event":"get a articleDTO by id","level":"info","msg":"Success","time":"2025-04-01T16:52:14+08:00"}
{"event":"get get articleCategoryList by categoryId","level":"info","msg":"Success to get articleCategoryList by categoryId","time":"2025-04-01T16:52:14+08:00"}
{"event":"get a articleDTO by id","level":"info","msg":"Success","time":"2025-04-01T16:52:14+08:00"}
{"event":"get a articleDTO by id","level":"info","msg":"Success","time":"2025-04-01T16:52:14+08:00"}
{"event":"get a articleDTO by id","level":"info","msg":"Success","time":"2025-04-01T16:52:14+08:00"}
{"event":"get get articleCategoryList by categoryId","level":"info","msg":"Success to get articleCategoryList by categoryId","time":"2025-04-01T16:52:14+08:00"}
{"event":"get a articleDTO by id","level":"info","msg":"Success","time":"2025-04-01T16:52:14+08:00"}
{"event":"get a articleDTO by id","level":"info","msg":"Success","time":"2025-04-01T16:52:14+08:00"}
{"event":"get a articleDTO by id","level":"info","msg":"Success","time":"2025-04-01T16:52:14+08:00"}
{"event":"get get articleCategoryList by categoryId","level":"info","msg":"Success to get articleCategoryList by categoryId","time":"2025-04-01T16:52:14+08:00"}
{"event":"get a articleDTO by id","level":"info","msg":"Success","time":"2025-04-01T16:52:14+08:00"}
{"event":"get a articleDTO by id","level":"info","msg":"Success","time":"2025-04-01T16:52:14+08:00"}
{"event":"get a articleDTO by id","level":"info","msg":"Success","time":"2025-04-01T16:52:14+08:00"}
{"event":"get a articleDTO by id","level":"info","msg":"Success","time":"2025-04-01T16:52:14+08:00"}
{"event":"get get articleCategoryList by categoryId","level":"info","msg":"Success to get articleCategoryList by categoryId","time":"2025-04-01T16:52:14+08:00"}
{"event":"get a articleDTO by id","level":"info","msg":"Success","time":"2025-04-01T16:52:14+08:00"}
{"event":"get a articleDTO by id","level":"info","msg":"Success","time":"2025-04-01T16:52:14+08:00"}
{"event":"get a articleDTO by id","level":"info","msg":"Success","time":"2025-04-01T16:52:14+08:00"}
{"event":"get a articleDTO by id","level":"info","msg":"Success","time":"2025-04-01T16:52:14+08:00"}
{"event":"get a articleDTOs by userId","level":"info","msg":"Success","time":"2025-04-01T16:52:16+08:00"}
{"event":"get a articleDTOs by userId","level":"info","msg":"Success","time":"2025-04-01T16:52:16+08:00"}
{"event":"get a articleDTOs by userId","level":"info","msg":"Success","time":"2025-04-01T16:52:18+08:00"}
{"event":"get a articleDTOs by userId","level":"info","msg":"Success","time":"2025-04-01T16:52:18+08:00"}
{"event":"get all categories","level":"info","msg":"Success to get all categories","time":"2025-04-01T16:53:25+08:00"}
{"event":"get all categories","level":"info","msg":"Success to get all categories","time":"2025-04-01T16:53:25+08:00"}
{"event":"get get articleCategoryList by categoryId","level":"info","msg":"Success to get articleCategoryList by categoryId","time":"2025-04-01T16:53:25+08:00"}
{"event":"get get articleCategoryList by categoryId","level":"info","msg":"Success to get articleCategoryList by categoryId","time":"2025-04-01T16:53:25+08:00"}
{"event":"get a articleDTO by id","level":"info","msg":"Success","time":"2025-04-01T16:53:25+08:00"}
{"event":"get a articleDTO by id","level":"info","msg":"Success","time":"2025-04-01T16:53:25+08:00"}
{"event":"get a articleDTO by id","level":"info","msg":"Success","time":"2025-04-01T16:53:25+08:00"}
{"event":"get a articleDTO by id","level":"info","msg":"Success","time":"2025-04-01T16:53:25+08:00"}
{"event":"get a articleDTO by id","level":"info","msg":"Success","time":"2025-04-01T16:53:25+08:00"}
{"event":"get get articleCategoryList by categoryId","level":"info","msg":"Success to get articleCategoryList by categoryId","time":"2025-04-01T16:53:25+08:00"}
{"event":"get a articleDTO by id","level":"info","msg":"Success","time":"2025-04-01T16:53:25+08:00"}
{"event":"get a articleDTO by id","level":"info","msg":"Success","time":"2025-04-01T16:53:25+08:00"}
{"event":"get a articleDTO by id","level":"info","msg":"Success","time":"2025-04-01T16:53:25+08:00"}
{"event":"get get articleCategoryList by categoryId","level":"info","msg":"Success to get articleCategoryList by categoryId","time":"2025-04-01T16:53:25+08:00"}
{"event":"get a articleDTO by id","level":"info","msg":"Success","time":"2025-04-01T16:53:25+08:00"}
{"event":"get get articleCategoryList by categoryId","level":"info","msg":"Success to get articleCategoryList by categoryId","time":"2025-04-01T16:53:25+08:00"}
{"event":"get a articleDTO by id","level":"info","msg":"Success","time":"2025-04-01T16:53:25+08:00"}
{"event":"get a articleDTO by id","level":"info","msg":"Success","time":"2025-04-01T16:53:25+08:00"}
{"event":"get a articleDTO by id","level":"info","msg":"Success","time":"2025-04-01T16:53:25+08:00"}
{"event":"get a articleDTO by id","level":"info","msg":"Success","time":"2025-04-01T16:53:25+08:00"}
{"event":"get a articleDTO by id","level":"info","msg":"Success","time":"2025-04-01T16:53:25+08:00"}
{"event":"get get articleCategoryList by categoryId","level":"info","msg":"Success to get articleCategoryList by categoryId","time":"2025-04-01T16:53:25+08:00"}
{"event":"get a articleDTO by id","level":"info","msg":"Success","time":"2025-04-01T16:53:25+08:00"}
{"event":"get a articleDTO by id","level":"info","msg":"Success","time":"2025-04-01T16:53:25+08:00"}
{"event":"get a articleDTO by id","level":"info","msg":"Success","time":"2025-04-01T16:53:25+08:00"}
{"event":"get a articleDTO by id","level":"info","msg":"Success","time":"2025-04-01T16:53:25+08:00"}
{"event":"get a articleDTOs by userId","level":"info","msg":"Success","time":"2025-04-01T16:53:29+08:00"}
{"event":"get a articleDTOs by userId","level":"info","msg":"Success","time":"2025-04-01T16:53:29+08:00"}
{"event":"get a articleDTOs by userId","level":"info","msg":"Success","time":"2025-04-01T16:53:31+08:00"}
{"event":"get a articleDTOs by userId","level":"info","msg":"Success","time":"2025-04-01T16:53:31+08:00"}
{"event":"get all categories","level":"info","msg":"Success to get all categories","time":"2025-04-01T16:53:32+08:00"}
{"event":"get all categories","level":"info","msg":"Success to get all categories","time":"2025-04-01T16:53:32+08:00"}
{"event":"get get articleCategoryList by categoryId","level":"info","msg":"Success to get articleCategoryList by categoryId","time":"2025-04-01T16:53:32+08:00"}
{"event":"get get articleCategoryList by categoryId","level":"info","msg":"Success to get articleCategoryList by categoryId","time":"2025-04-01T16:53:32+08:00"}
{"event":"get a articleDTO by id","level":"info","msg":"Success","time":"2025-04-01T16:53:32+08:00"}
{"event":"get a articleDTO by id","level":"info","msg":"Success","time":"2025-04-01T16:53:32+08:00"}
{"event":"get a articleDTO by id","level":"info","msg":"Success","time":"2025-04-01T16:53:32+08:00"}
{"event":"get a articleDTO by id","level":"info","msg":"Success","time":"2025-04-01T16:53:32+08:00"}
{"event":"get a articleDTO by id","level":"info","msg":"Success","time":"2025-04-01T16:53:32+08:00"}
{"event":"get a articleDTO by id","level":"info","msg":"Success","time":"2025-04-01T16:53:32+08:00"}
{"event":"get get articleCategoryList by categoryId","level":"info","msg":"Success to get articleCategoryList by categoryId","time":"2025-04-01T16:53:32+08:00"}
{"event":"get a articleDTO by id","level":"info","msg":"Success","time":"2025-04-01T16:53:32+08:00"}
{"event":"get a articleDTO by id","level":"info","msg":"Success","time":"2025-04-01T16:53:32+08:00"}
{"event":"get get articleCategoryList by categoryId","level":"info","msg":"Success to get articleCategoryList by categoryId","time":"2025-04-01T16:53:32+08:00"}
{"event":"get a articleDTO by id","level":"info","msg":"Success","time":"2025-04-01T16:53:32+08:00"}
{"event":"get a articleDTO by id","level":"info","msg":"Success","time":"2025-04-01T16:53:32+08:00"}
{"event":"get a articleDTO by id","level":"info","msg":"Success","time":"2025-04-01T16:53:32+08:00"}
{"event":"get a articleDTO by id","level":"info","msg":"Success","time":"2025-04-01T16:53:32+08:00"}
{"event":"get a articleDTOs by userId","level":"info","msg":"Success","time":"2025-04-01T16:53:36+08:00"}
{"event":"get a articleDTOs by userId","level":"info","msg":"Success","time":"2025-04-01T16:53:36+08:00"}
{"event":"get a articleDTOs by userId","level":"info","msg":"Success","time":"2025-04-01T16:53:37+08:00"}
{"event":"get a articleDTOs by userId","level":"info","msg":"Success","time":"2025-04-01T16:53:37+08:00"}
{"event":"get a articleDTOs by userId","level":"info","msg":"Success","time":"2025-04-01T16:54:10+08:00"}
{"event":"get a articleDTOs by userId","level":"info","msg":"Success","time":"2025-04-01T16:54:10+08:00"}
{"event":"get a articleDTOs by userId","level":"info","msg":"Success","time":"2025-04-01T16:54:12+08:00"}
{"event":"get a articleDTOs by userId","level":"info","msg":"Success","time":"2025-04-01T16:54:12+08:00"}
{"event":"get a articleDTOs by userId","level":"info","msg":"Success","time":"2025-04-01T16:54:21+08:00"}
{"event":"get a articleDTOs by userId","level":"info","msg":"Success","time":"2025-04-01T16:54:21+08:00"}
{"event":"get all categories","level":"info","msg":"Success to get all categories","time":"2025-04-01T16:54:23+08:00"}
{"event":"get all categories","level":"info","msg":"Success to get all categories","time":"2025-04-01T16:54:23+08:00"}
{"event":"get get articleCategoryList by categoryId","level":"info","msg":"Success to get articleCategoryList by categoryId","time":"2025-04-01T16:54:23+08:00"}
{"event":"get get articleCategoryList by categoryId","level":"info","msg":"Success to get articleCategoryList by categoryId","time":"2025-04-01T16:54:23+08:00"}
{"event":"get a articleDTO by id","level":"info","msg":"Success","time":"2025-04-01T16:54:23+08:00"}
{"event":"get a articleDTO by id","level":"info","msg":"Success","time":"2025-04-01T16:54:23+08:00"}
{"event":"get a articleDTO by id","level":"info","msg":"Success","time":"2025-04-01T16:54:23+08:00"}
{"event":"get a articleDTO by id","level":"info","msg":"Success","time":"2025-04-01T16:54:23+08:00"}
{"event":"get a articleDTO by id","level":"info","msg":"Success","time":"2025-04-01T16:54:23+08:00"}
{"event":"get get articleCategoryList by categoryId","level":"info","msg":"Success to get articleCategoryList by categoryId","time":"2025-04-01T16:54:23+08:00"}
{"event":"get a articleDTO by id","level":"info","msg":"Success","time":"2025-04-01T16:54:23+08:00"}
{"event":"get a articleDTO by id","level":"info","msg":"Success","time":"2025-04-01T16:54:23+08:00"}
{"event":"get get articleCategoryList by categoryId","level":"info","msg":"Success to get articleCategoryList by categoryId","time":"2025-04-01T16:54:23+08:00"}
{"event":"get a articleDTO by id","level":"info","msg":"Success","time":"2025-04-01T16:54:23+08:00"}
{"event":"get a articleDTO by id","level":"info","msg":"Success","time":"2025-04-01T16:54:23+08:00"}
{"event":"get get articleCategoryList by categoryId","level":"info","msg":"Success to get articleCategoryList by categoryId","time":"2025-04-01T16:54:23+08:00"}
{"event":"get a articleDTO by id","level":"info","msg":"Success","time":"2025-04-01T16:54:23+08:00"}
{"event":"get a articleDTO by id","level":"info","msg":"Success","time":"2025-04-01T16:54:23+08:00"}
{"event":"get a articleDTO by id","level":"info","msg":"Success","time":"2025-04-01T16:54:23+08:00"}
{"event":"get a articleDTO by id","level":"info","msg":"Success","time":"2025-04-01T16:54:23+08:00"}
{"event":"get a articleDTO by id","level":"info","msg":"Success","time":"2025-04-01T16:54:23+08:00"}
{"event":"get get articleCategoryList by categoryId","level":"info","msg":"Success to get articleCategoryList by categoryId","time":"2025-04-01T16:54:23+08:00"}
{"event":"get a articleDTO by id","level":"info","msg":"Success","time":"2025-04-01T16:54:23+08:00"}
{"event":"get a articleDTO by id","level":"info","msg":"Success","time":"2025-04-01T16:54:23+08:00"}
{"event":"get a articleDTO by id","level":"info","msg":"Success","time":"2025-04-01T16:54:23+08:00"}
{"event":"get a articleDTO by id","level":"info","msg":"Success","time":"2025-04-01T16:54:23+08:00"}
{"event":"get all categories","level":"info","msg":"Success to get all categories","time":"2025-04-01T19:31:38+08:00"}
{"event":"get all categories","level":"info","msg":"Success to get all categories","time":"2025-04-01T19:31:38+08:00"}
{"event":"get get articleCategoryList by categoryId","level":"info","msg":"Success to get articleCategoryList by categoryId","time":"2025-04-01T19:31:40+08:00"}
{"event":"get a articleDTO by id","level":"info","msg":"Success","time":"2025-04-01T19:31:40+08:00"}
{"event":"get a articleDTO by id","level":"info","msg":"Success","time":"2025-04-01T19:31:40+08:00"}
{"event":"get a articleDTO by id","level":"info","msg":"Success","time":"2025-04-01T19:31:40+08:00"}
{"event":"get a articleDTO by id","level":"info","msg":"Success","time":"2025-04-01T19:31:40+08:00"}
{"event":"get get articleCategoryList by categoryId","level":"info","msg":"Success to get articleCategoryList by categoryId","time":"2025-04-01T19:31:40+08:00"}
{"event":"get a articleDTO by id","level":"info","msg":"Success","time":"2025-04-01T19:31:40+08:00"}
{"event":"get a articleDTO by id","level":"info","msg":"Success","time":"2025-04-01T19:31:40+08:00"}
{"event":"get a articleDTO by id","level":"info","msg":"Success","time":"2025-04-01T19:31:40+08:00"}
{"event":"get a articleDTO by id","level":"info","msg":"Success","time":"2025-04-01T19:31:40+08:00"}
{"event":"get a article by id","level":"info","msg":"Success","time":"2025-04-01T19:31:41+08:00"}
{"event":"get a article by id","level":"info","msg":"Success","time":"2025-04-01T19:31:41+08:00"}
{"event":"get a articleDTOs by userId","level":"info","msg":"Success","time":"2025-04-01T19:31:43+08:00"}
{"event":"get a articleDTOs by userId","level":"info","msg":"Success","time":"2025-04-01T19:31:43+08:00"}
{"event":"get all categories","level":"info","msg":"Success to get all categories","time":"2025-04-01T19:31:45+08:00"}
{"event":"get all categories","level":"info","msg":"Success to get all categories","time":"2025-04-01T19:31:45+08:00"}
{"event":"get get articleCategoryList by categoryId","level":"info","msg":"Success to get articleCategoryList by categoryId","time":"2025-04-01T19:31:45+08:00"}
{"event":"get get articleCategoryList by categoryId","level":"info","msg":"Success to get articleCategoryList by categoryId","time":"2025-04-01T19:31:45+08:00"}
{"event":"get a articleDTO by id","level":"info","msg":"Success","time":"2025-04-01T19:31:45+08:00"}
{"event":"get a articleDTO by id","level":"info","msg":"Success","time":"2025-04-01T19:31:45+08:00"}
{"event":"get a articleDTO by id","level":"info","msg":"Success","time":"2025-04-01T19:31:45+08:00"}
{"event":"get a articleDTO by id","level":"info","msg":"Success","time":"2025-04-01T19:31:45+08:00"}
{"event":"get a articleDTO by id","level":"info","msg":"Success","time":"2025-04-01T19:31:45+08:00"}
{"event":"get get articleCategoryList by categoryId","level":"info","msg":"Success to get articleCategoryList by categoryId","time":"2025-04-01T19:31:45+08:00"}
{"event":"get a articleDTO by id","level":"info","msg":"Success","time":"2025-04-01T19:31:45+08:00"}
{"event":"get a articleDTO by id","level":"info","msg":"Success","time":"2025-04-01T19:31:45+08:00"}
{"event":"get a articleDTO by id","level":"info","msg":"Success","time":"2025-04-01T19:31:45+08:00"}
{"event":"get get articleCategoryList by categoryId","level":"info","msg":"Success to get articleCategoryList by categoryId","time":"2025-04-01T19:31:45+08:00"}
{"event":"get a articleDTO by id","level":"info","msg":"Success","time":"2025-04-01T19:31:45+08:00"}
{"event":"get a articleDTO by id","level":"info","msg":"Success","time":"2025-04-01T19:31:45+08:00"}
{"event":"get get articleCategoryList by categoryId","level":"info","msg":"Success to get articleCategoryList by categoryId","time":"2025-04-01T19:31:45+08:00"}
{"event":"get a articleDTO by id","level":"info","msg":"Success","time":"2025-04-01T19:31:45+08:00"}
{"event":"get a articleDTO by id","level":"info","msg":"Success","time":"2025-04-01T19:31:45+08:00"}
{"event":"get a articleDTO by id","level":"info","msg":"Success","time":"2025-04-01T19:31:45+08:00"}
{"event":"get a articleDTO by id","level":"info","msg":"Success","time":"2025-04-01T19:31:45+08:00"}
{"event":"get get articleCategoryList by categoryId","level":"info","msg":"Success to get articleCategoryList by categoryId","time":"2025-04-01T19:31:45+08:00"}
{"event":"get a articleDTO by id","level":"info","msg":"Success","time":"2025-04-01T19:31:45+08:00"}
{"event":"get a articleDTO by id","level":"info","msg":"Success","time":"2025-04-01T19:31:45+08:00"}
{"event":"get a articleDTO by id","level":"info","msg":"Success","time":"2025-04-01T19:31:45+08:00"}
{"event":"get a articleDTO by id","level":"info","msg":"Success","time":"2025-04-01T19:31:45+08:00"}
{"event":"get a articleDTOs by userId","level":"info","msg":"Success","time":"2025-04-01T19:31:47+08:00"}
{"event":"get a articleDTOs by userId","level":"info","msg":"Success","time":"2025-04-01T19:31:47+08:00"}
{"event":"get all categories","level":"info","msg":"Success to get all categories","time":"2025-04-01T19:36:11+08:00"}
{"event":"get all categories","level":"info","msg":"Success to get all categories","time":"2025-04-01T19:36:11+08:00"}
{"event":"get get articleCategoryList by categoryId","level":"info","msg":"Success to get articleCategoryList by categoryId","time":"2025-04-01T19:36:11+08:00"}
{"event":"get get articleCategoryList by categoryId","level":"info","msg":"Success to get articleCategoryList by categoryId","time":"2025-04-01T19:36:11+08:00"}
{"event":"get a articleDTO by id","level":"info","msg":"Success","time":"2025-04-01T19:36:11+08:00"}
{"event":"get a articleDTO by id","level":"info","msg":"Success","time":"2025-04-01T19:36:11+08:00"}
{"event":"get a articleDTO by id","level":"info","msg":"Success","time":"2025-04-01T19:36:11+08:00"}
{"event":"get a articleDTO by id","level":"info","msg":"Success","time":"2025-04-01T19:36:11+08:00"}
{"event":"get a articleDTO by id","level":"info","msg":"Success","time":"2025-04-01T19:36:11+08:00"}
{"event":"get a articleDTO by id","level":"info","msg":"Success","time":"2025-04-01T19:36:11+08:00"}
{"event":"get get articleCategoryList by categoryId","level":"info","msg":"Success to get articleCategoryList by categoryId","time":"2025-04-01T19:36:11+08:00"}
{"event":"get a articleDTO by id","level":"info","msg":"Success","time":"2025-04-01T19:36:11+08:00"}
{"event":"get a articleDTO by id","level":"info","msg":"Success","time":"2025-04-01T19:36:11+08:00"}
{"event":"get get articleCategoryList by categoryId","level":"info","msg":"Success to get articleCategoryList by categoryId","time":"2025-04-01T19:36:11+08:00"}
{"event":"get a articleDTO by id","level":"info","msg":"Success","time":"2025-04-01T19:36:11+08:00"}
{"event":"get get articleCategoryList by categoryId","level":"info","msg":"Success to get articleCategoryList by categoryId","time":"2025-04-01T19:36:11+08:00"}
{"event":"get a articleDTO by id","level":"info","msg":"Success","time":"2025-04-01T19:36:11+08:00"}
{"event":"get a articleDTO by id","level":"info","msg":"Success","time":"2025-04-01T19:36:11+08:00"}
{"event":"get a articleDTO by id","level":"info","msg":"Success","time":"2025-04-01T19:36:11+08:00"}
{"event":"get a articleDTO by id","level":"info","msg":"Success","time":"2025-04-01T19:36:11+08:00"}
{"event":"get a articleDTO by id","level":"info","msg":"Success","time":"2025-04-01T19:36:11+08:00"}
{"event":"get get articleCategoryList by categoryId","level":"info","msg":"Success to get articleCategoryList by categoryId","time":"2025-04-01T19:36:11+08:00"}
{"event":"get a articleDTO by id","level":"info","msg":"Success","time":"2025-04-01T19:36:11+08:00"}
{"event":"get a articleDTO by id","level":"info","msg":"Success","time":"2025-04-01T19:36:11+08:00"}
{"event":"get a articleDTO by id","level":"info","msg":"Success","time":"2025-04-01T19:36:11+08:00"}
{"event":"get a articleDTO by id","level":"info","msg":"Success","time":"2025-04-01T19:36:11+08:00"}
{"event":"get a articleDTOs by userId","level":"info","msg":"Success","time":"2025-04-01T19:36:19+08:00"}
{"event":"get a articleDTOs by userId","level":"info","msg":"Success","time":"2025-04-01T19:36:19+08:00"}
{"event":"get a articleDTOs by userId","level":"info","msg":"Success","time":"2025-04-01T19:37:18+08:00"}
{"event":"get a articleDTOs by userId","level":"info","msg":"Success","time":"2025-04-01T19:37:18+08:00"}
{"event":"get a articleDTOs by userId","level":"info","msg":"Success","time":"2025-04-01T19:37:45+08:00"}
{"event":"get a articleDTOs by userId","level":"info","msg":"Success","time":"2025-04-01T19:37:45+08:00"}
{"event":"get a articleDTOs by userId","level":"info","msg":"Success","time":"2025-04-01T19:40:41+08:00"}
{"event":"get a articleDTOs by userId","level":"info","msg":"Success","time":"2025-04-01T19:40:41+08:00"}
{"event":"get a articleDTOs by userId","level":"info","msg":"Success","time":"2025-04-01T19:53:40+08:00"}
{"event":"get a articleDTOs by userId","level":"info","msg":"Success","time":"2025-04-01T19:53:40+08:00"}
{"event":"get a articleDTOs by userId","level":"info","msg":"Success","time":"2025-04-01T19:54:46+08:00"}
{"event":"get a articleDTOs by userId","level":"info","msg":"Success","time":"2025-04-01T19:54:46+08:00"}
{"event":"get a articleDTOs by userId","level":"info","msg":"Success","time":"2025-04-01T19:55:11+08:00"}
{"event":"get a articleDTOs by userId","level":"info","msg":"Success","time":"2025-04-01T19:55:11+08:00"}
{"event":"get a articleDTOs by userId","level":"info","msg":"Success","time":"2025-04-01T19:55:24+08:00"}
{"event":"get a articleDTOs by userId","level":"info","msg":"Success","time":"2025-04-01T19:55:24+08:00"}
{"event":"get a articleDTOs by userId","level":"info","msg":"Success","time":"2025-04-01T19:55:43+08:00"}
{"event":"get a articleDTOs by userId","level":"info","msg":"Success","time":"2025-04-01T19:55:43+08:00"}
{"event":"get a articleDTOs by userId","level":"info","msg":"Success","time":"2025-04-01T19:57:29+08:00"}
{"event":"get a articleDTOs by userId","level":"info","msg":"Success","time":"2025-04-01T19:57:29+08:00"}
{"event":"get a articleDTOs by userId","level":"info","msg":"Success","time":"2025-04-01T20:05:25+08:00"}
{"event":"get a articleDTOs by userId","level":"info","msg":"Success","time":"2025-04-01T20:05:25+08:00"}
{"event":"get a articleDTOs by userId","level":"info","msg":"Success","time":"2025-04-01T20:07:54+08:00"}
{"event":"get a articleDTOs by userId","level":"info","msg":"Success","time":"2025-04-01T20:07:59+08:00"}
{"event":"get a articleDTOs by userId","level":"info","msg":"Success","time":"2025-04-01T20:08:01+08:00"}
{"event":"get a articleDTOs by userId","level":"info","msg":"Success","time":"2025-04-01T20:08:04+08:00"}
{"event":"get a articleDTOs by userId","level":"info","msg":"Success","time":"2025-04-01T20:20:21+08:00"}
{"event":"get a articleDTOs by userId","level":"info","msg":"Success","time":"2025-04-01T20:20:21+08:00"}
{"event":"get a articleDTOs by userId","level":"info","msg":"Success","time":"2025-04-01T20:20:52+08:00"}
{"event":"get a articleDTOs by userId","level":"info","msg":"Success","time":"2025-04-01T20:20:52+08:00"}
{"event":"get a articleDTOs by userId","level":"info","msg":"Success","time":"2025-04-01T20:25:51+08:00"}
{"event":"get a articleDTOs by userId","level":"info","msg":"Success","time":"2025-04-01T20:25:51+08:00"}
{"event":"get a articleDTOs by userId","level":"info","msg":"Success","time":"2025-04-02T19:06:05+08:00"}
{"event":"get a articleDTOs by userId","level":"info","msg":"Success","time":"2025-04-02T19:06:05+08:00"}
{"event":"get a articleDTOs by userId","level":"info","msg":"Success","time":"2025-04-02T19:27:38+08:00"}
{"event":"get a articleDTOs by userId","level":"info","msg":"Success","time":"2025-04-02T19:27:38+08:00"}
{"event":"get a articleDTOs by userId","level":"info","msg":"Success","time":"2025-04-02T19:38:18+08:00"}
{"event":"get all categories","level":"info","msg":"Success to get all categories","time":"2025-04-02T19:38:18+08:00"}
{"event":"get all categories","level":"info","msg":"Success to get all categories","time":"2025-04-02T19:38:18+08:00"}
{"event":"get get articleCategoryList by categoryId","level":"info","msg":"Success to get articleCategoryList by categoryId","time":"2025-04-02T19:38:18+08:00"}
{"event":"get get articleCategoryList by categoryId","level":"info","msg":"Success to get articleCategoryList by categoryId","time":"2025-04-02T19:38:18+08:00"}
{"event":"get a articleDTO by id","level":"info","msg":"Success","time":"2025-04-02T19:38:18+08:00"}
{"event":"get a articleDTO by id","level":"info","msg":"Success","time":"2025-04-02T19:38:18+08:00"}
{"event":"get a articleDTO by id","level":"info","msg":"Success","time":"2025-04-02T19:38:18+08:00"}
{"event":"get a articleDTO by id","level":"info","msg":"Success","time":"2025-04-02T19:38:18+08:00"}
{"event":"get a articleDTO by id","level":"info","msg":"Success","time":"2025-04-02T19:38:18+08:00"}
{"event":"get get articleCategoryList by categoryId","level":"info","msg":"Success to get articleCategoryList by categoryId","time":"2025-04-02T19:38:18+08:00"}
{"event":"get a articleDTO by id","level":"info","msg":"Success","time":"2025-04-02T19:38:18+08:00"}
{"event":"get a articleDTO by id","level":"info","msg":"Success","time":"2025-04-02T19:38:18+08:00"}
{"event":"get a articleDTO by id","level":"info","msg":"Success","time":"2025-04-02T19:38:18+08:00"}
{"event":"get get articleCategoryList by categoryId","level":"info","msg":"Success to get articleCategoryList by categoryId","time":"2025-04-02T19:38:18+08:00"}
{"event":"get get articleCategoryList by categoryId","level":"info","msg":"Success to get articleCategoryList by categoryId","time":"2025-04-02T19:38:18+08:00"}
{"event":"get a articleDTO by id","level":"info","msg":"Success","time":"2025-04-02T19:38:18+08:00"}
{"event":"get a articleDTO by id","level":"info","msg":"Success","time":"2025-04-02T19:38:18+08:00"}
{"event":"get a articleDTO by id","level":"info","msg":"Success","time":"2025-04-02T19:38:18+08:00"}
{"event":"get a articleDTO by id","level":"info","msg":"Success","time":"2025-04-02T19:38:18+08:00"}
{"event":"get a articleDTO by id","level":"info","msg":"Success","time":"2025-04-02T19:38:18+08:00"}
{"event":"get a articleDTO by id","level":"info","msg":"Success","time":"2025-04-02T19:38:18+08:00"}
{"event":"get get articleCategoryList by categoryId","level":"info","msg":"Success to get articleCategoryList by categoryId","time":"2025-04-02T19:38:18+08:00"}
{"event":"get a articleDTO by id","level":"info","msg":"Success","time":"2025-04-02T19:38:18+08:00"}
{"event":"get a articleDTO by id","level":"info","msg":"Success","time":"2025-04-02T19:38:18+08:00"}
{"event":"get a articleDTO by id","level":"info","msg":"Success","time":"2025-04-02T19:38:18+08:00"}
{"event":"get a articleDTO by id","level":"info","msg":"Success","time":"2025-04-02T19:38:18+08:00"}
{"event":"get a articleDTOs by userId","level":"info","msg":"Success","time":"2025-04-02T19:52:27+08:00"}
{"event":"get a articleDTOs by userId","level":"info","msg":"Success","time":"2025-04-02T19:52:27+08:00"}
{"event":"get a articleDTOs by userId","level":"info","msg":"Success","time":"2025-04-02T19:52:29+08:00"}
{"event":"get a articleDTOs by userId","level":"info","msg":"Success","time":"2025-04-02T19:52:29+08:00"}
{"event":"get a articleDTOs by userId","level":"info","msg":"Success","time":"2025-04-02T19:52:38+08:00"}
{"event":"get a articleDTOs by userId","level":"info","msg":"Success","time":"2025-04-02T19:52:38+08:00"}
{"event":"get a articleDTOs by userId","level":"info","msg":"Success","time":"2025-04-02T19:52:44+08:00"}
{"event":"get a articleDTOs by userId","level":"info","msg":"Success","time":"2025-04-02T19:52:44+08:00"}
{"event":"get a articleDTOs by userId","level":"info","msg":"Success","time":"2025-04-02T19:54:44+08:00"}
{"event":"get a articleDTOs by userId","level":"info","msg":"Success","time":"2025-04-02T19:54:44+08:00"}
{"event":"get a articleDTOs by userId","level":"info","msg":"Success","time":"2025-04-02T19:54:54+08:00"}
{"event":"get a articleDTOs by userId","level":"info","msg":"Success","time":"2025-04-02T19:54:54+08:00"}
{"event":"get all categories","level":"info","msg":"Success to get all categories","time":"2025-04-02T19:55:07+08:00"}
{"event":"get all categories","level":"info","msg":"Success to get all categories","time":"2025-04-02T19:55:07+08:00"}
{"event":"get get articleCategoryList by categoryId","level":"info","msg":"Success to get articleCategoryList by categoryId","time":"2025-04-02T19:55:07+08:00"}
{"event":"get get articleCategoryList by categoryId","level":"info","msg":"Success to get articleCategoryList by categoryId","time":"2025-04-02T19:55:07+08:00"}
{"event":"get a articleDTO by id","level":"info","msg":"Success","time":"2025-04-02T19:55:07+08:00"}
{"event":"get a articleDTO by id","level":"info","msg":"Success","time":"2025-04-02T19:55:07+08:00"}
{"event":"get a articleDTO by id","level":"info","msg":"Success","time":"2025-04-02T19:55:07+08:00"}
{"event":"get a articleDTO by id","level":"info","msg":"Success","time":"2025-04-02T19:55:07+08:00"}
{"event":"get a articleDTO by id","level":"info","msg":"Success","time":"2025-04-02T19:55:07+08:00"}
{"event":"get a articleDTO by id","level":"info","msg":"Success","time":"2025-04-02T19:55:07+08:00"}
{"event":"get get articleCategoryList by categoryId","level":"info","msg":"Success to get articleCategoryList by categoryId","time":"2025-04-02T19:55:07+08:00"}
{"event":"get get articleCategoryList by categoryId","level":"info","msg":"Success to get articleCategoryList by categoryId","time":"2025-04-02T19:55:07+08:00"}
{"event":"get a articleDTO by id","level":"info","msg":"Success","time":"2025-04-02T19:55:07+08:00"}
{"event":"get a articleDTO by id","level":"info","msg":"Success","time":"2025-04-02T19:55:07+08:00"}
{"event":"get a articleDTO by id","level":"info","msg":"Success","time":"2025-04-02T19:55:07+08:00"}
{"event":"get a articleDTO by id","level":"info","msg":"Success","time":"2025-04-02T19:55:07+08:00"}
{"event":"get a articleDTO by id","level":"info","msg":"Success","time":"2025-04-02T19:55:07+08:00"}
{"event":"get get articleCategoryList by categoryId","level":"info","msg":"Success to get articleCategoryList by categoryId","time":"2025-04-02T19:55:07+08:00"}
{"event":"get a articleDTO by id","level":"info","msg":"Success","time":"2025-04-02T19:55:07+08:00"}
{"event":"get a articleDTO by id","level":"info","msg":"Success","time":"2025-04-02T19:55:07+08:00"}
{"event":"get a articleDTO by id","level":"info","msg":"Success","time":"2025-04-02T19:55:07+08:00"}
{"event":"get get articleCategoryList by categoryId","level":"info","msg":"Success to get articleCategoryList by categoryId","time":"2025-04-02T19:55:07+08:00"}
{"event":"get a articleDTO by id","level":"info","msg":"Success","time":"2025-04-02T19:55:07+08:00"}
{"event":"get a articleDTO by id","level":"info","msg":"Success","time":"2025-04-02T19:55:07+08:00"}
{"event":"get a articleDTO by id","level":"info","msg":"Success","time":"2025-04-02T19:55:07+08:00"}
{"event":"get a articleDTO by id","level":"info","msg":"Success","time":"2025-04-02T19:55:07+08:00"}
{"event":"get a article by id","level":"info","msg":"Success","time":"2025-04-02T19:55:08+08:00"}
{"event":"get a article by id","level":"info","msg":"Success","time":"2025-04-02T19:55:08+08:00"}
{"event":"get a articleDTOs by userId","level":"info","msg":"Success","time":"2025-04-02T19:55:09+08:00"}
{"event":"get a articleDTOs by userId","level":"info","msg":"Success","time":"2025-04-02T19:55:09+08:00"}
{"event":"get a articleDTOs by userId","level":"info","msg":"Success","time":"2025-04-02T19:55:11+08:00"}
{"event":"get a articleDTOs by userId","level":"info","msg":"Success","time":"2025-04-02T19:55:11+08:00"}
{"event":"get a articleDTOs by userId","level":"info","msg":"Success","time":"2025-04-02T19:56:27+08:00"}
{"event":"get a articleDTOs by userId","level":"info","msg":"Success","time":"2025-04-02T19:56:27+08:00"}
{"event":"get a articleDTOs by userId","level":"info","msg":"Success","time":"2025-04-02T19:56:28+08:00"}
{"event":"get a articleDTOs by userId","level":"info","msg":"Success","time":"2025-04-02T19:56:28+08:00"}
{"event":"get a articleDTOs by userId","level":"info","msg":"Success","time":"2025-04-02T19:56:28+08:00"}
{"event":"get a articleDTOs by userId","level":"info","msg":"Success","time":"2025-04-02T19:56:28+08:00"}
{"event":"get a articleDTOs by userId","level":"info","msg":"Success","time":"2025-04-02T19:56:28+08:00"}
{"event":"get a articleDTOs by userId","level":"info","msg":"Success","time":"2025-04-02T19:56:28+08:00"}
{"event":"get a articleDTOs by userId","level":"info","msg":"Success","time":"2025-04-02T19:56:28+08:00"}
{"event":"get a articleDTOs by userId","level":"info","msg":"Success","time":"2025-04-02T19:56:28+08:00"}
{"event":"get a articleDTOs by userId","level":"info","msg":"Success","time":"2025-04-02T19:56:28+08:00"}
{"event":"get a articleDTOs by userId","level":"info","msg":"Success","time":"2025-04-02T19:56:28+08:00"}
{"event":"get a articleDTOs by userId","level":"info","msg":"Success","time":"2025-04-02T19:56:28+08:00"}
{"event":"get a articleDTOs by userId","level":"info","msg":"Success","time":"2025-04-02T19:56:28+08:00"}
{"event":"get a articleDTOs by userId","level":"info","msg":"Success","time":"2025-04-02T19:56:28+08:00"}
{"event":"get a articleDTOs by userId","level":"info","msg":"Success","time":"2025-04-02T19:56:28+08:00"}
{"event":"get a articleDTOs by userId","level":"info","msg":"Success","time":"2025-04-02T19:56:28+08:00"}
{"event":"get a articleDTOs by userId","level":"info","msg":"Success","time":"2025-04-02T19:56:28+08:00"}
{"event":"get a articleDTOs by userId","level":"info","msg":"Success","time":"2025-04-02T19:56:28+08:00"}
{"event":"get a articleDTOs by userId","level":"info","msg":"Success","time":"2025-04-02T19:56:28+08:00"}
{"event":"get a articleDTOs by userId","level":"info","msg":"Success","time":"2025-04-02T19:56:28+08:00"}
{"event":"get a articleDTOs by userId","level":"info","msg":"Success","time":"2025-04-02T19:56:28+08:00"}
{"event":"get a articleDTOs by userId","level":"info","msg":"Success","time":"2025-04-02T19:56:28+08:00"}
{"event":"get a articleDTOs by userId","level":"info","msg":"Success","time":"2025-04-02T19:56:28+08:00"}
{"event":"get a articleDTOs by userId","level":"info","msg":"Success","time":"2025-04-02T19:56:28+08:00"}
{"event":"get a articleDTOs by userId","level":"info","msg":"Success","time":"2025-04-02T19:56:28+08:00"}
{"event":"get a articleDTOs by userId","level":"info","msg":"Success","time":"2025-04-02T19:56:28+08:00"}
{"event":"get a articleDTOs by userId","level":"info","msg":"Success","time":"2025-04-02T19:56:28+08:00"}
{"event":"get a articleDTOs by userId","level":"info","msg":"Success","time":"2025-04-02T19:56:28+08:00"}
{"event":"get a articleDTOs by userId","level":"info","msg":"Success","time":"2025-04-02T19:56:28+08:00"}
{"event":"get a articleDTOs by userId","level":"info","msg":"Success","time":"2025-04-02T19:56:28+08:00"}
{"event":"get a articleDTOs by userId","level":"info","msg":"Success","time":"2025-04-02T19:56:28+08:00"}
{"event":"get a articleDTOs by userId","level":"info","msg":"Success","time":"2025-04-02T19:56:28+08:00"}
{"event":"get a articleDTOs by userId","level":"info","msg":"Success","time":"2025-04-02T19:56:28+08:00"}
{"event":"get a articleDTOs by userId","level":"info","msg":"Success","time":"2025-04-02T19:56:28+08:00"}
{"event":"get a articleDTOs by userId","level":"info","msg":"Success","time":"2025-04-02T19:56:28+08:00"}
{"event":"get a articleDTOs by userId","level":"info","msg":"Success","time":"2025-04-02T19:56:28+08:00"}
{"event":"get a articleDTOs by userId","level":"info","msg":"Success","time":"2025-04-02T19:56:28+08:00"}
{"event":"get a articleDTOs by userId","level":"info","msg":"Success","time":"2025-04-02T19:56:28+08:00"}
{"event":"get a articleDTOs by userId","level":"info","msg":"Success","time":"2025-04-02T19:56:28+08:00"}
{"event":"get a articleDTOs by userId","level":"info","msg":"Success","time":"2025-04-02T19:56:28+08:00"}
{"event":"get a articleDTOs by userId","level":"info","msg":"Success","time":"2025-04-02T19:56:28+08:00"}
{"event":"get a articleDTOs by userId","level":"info","msg":"Success","time":"2025-04-02T19:56:28+08:00"}
{"event":"get a articleDTOs by userId","level":"info","msg":"Success","time":"2025-04-02T19:56:28+08:00"}
{"event":"get a articleDTOs by userId","level":"info","msg":"Success","time":"2025-04-02T19:56:28+08:00"}
{"event":"get a articleDTOs by userId","level":"info","msg":"Success","time":"2025-04-02T19:56:28+08:00"}
{"event":"get a articleDTOs by userId","level":"info","msg":"Success","time":"2025-04-02T19:56:28+08:00"}
{"event":"get a articleDTOs by userId","level":"info","msg":"Success","time":"2025-04-02T19:56:28+08:00"}
{"event":"get a articleDTOs by userId","level":"info","msg":"Success","time":"2025-04-02T19:56:28+08:00"}
{"event":"get a articleDTOs by userId","level":"info","msg":"Success","time":"2025-04-02T19:56:28+08:00"}
{"event":"get a articleDTOs by userId","level":"info","msg":"Success","time":"2025-04-02T19:56:28+08:00"}
{"event":"get a articleDTOs by userId","level":"info","msg":"Success","time":"2025-04-02T19:56:28+08:00"}
{"event":"get a articleDTOs by userId","level":"info","msg":"Success","time":"2025-04-02T19:56:28+08:00"}
{"event":"get a articleDTOs by userId","level":"info","msg":"Success","time":"2025-04-02T19:56:28+08:00"}
{"event":"get a articleDTOs by userId","level":"info","msg":"Success","time":"2025-04-02T19:56:28+08:00"}
{"event":"get a articleDTOs by userId","level":"info","msg":"Success","time":"2025-04-02T19:56:28+08:00"}
{"event":"get a articleDTOs by userId","level":"info","msg":"Success","time":"2025-04-02T19:56:28+08:00"}
{"event":"get a articleDTOs by userId","level":"info","msg":"Success","time":"2025-04-02T19:56:28+08:00"}
{"event":"get a articleDTOs by userId","level":"info","msg":"Success","time":"2025-04-02T19:56:28+08:00"}
{"event":"get a articleDTOs by userId","level":"info","msg":"Success","time":"2025-04-02T19:56:28+08:00"}
{"event":"get a articleDTOs by userId","level":"info","msg":"Success","time":"2025-04-02T19:56:28+08:00"}
{"event":"get a articleDTOs by userId","level":"info","msg":"Success","time":"2025-04-02T19:56:28+08:00"}
{"event":"get a articleDTOs by userId","level":"info","msg":"Success","time":"2025-04-02T19:56:28+08:00"}
{"event":"get a articleDTOs by userId","level":"info","msg":"Success","time":"2025-04-02T19:56:28+08:00"}
{"event":"get a articleDTOs by userId","level":"info","msg":"Success","time":"2025-04-02T19:56:28+08:00"}
{"event":"get a articleDTOs by userId","level":"info","msg":"Success","time":"2025-04-02T19:56:29+08:00"}
{"event":"get a articleDTOs by userId","level":"info","msg":"Success","time":"2025-04-02T19:56:29+08:00"}
{"event":"get a articleDTOs by userId","level":"info","msg":"Success","time":"2025-04-02T19:56:29+08:00"}
{"event":"get a articleDTOs by userId","level":"info","msg":"Success","time":"2025-04-02T19:56:29+08:00"}
{"event":"get a articleDTOs by userId","level":"info","msg":"Success","time":"2025-04-02T19:56:29+08:00"}
{"event":"get a articleDTOs by userId","level":"info","msg":"Success","time":"2025-04-02T19:56:29+08:00"}
{"event":"get a articleDTOs by userId","level":"info","msg":"Success","time":"2025-04-02T19:56:29+08:00"}
{"event":"get a articleDTOs by userId","level":"info","msg":"Success","time":"2025-04-02T19:56:29+08:00"}
{"event":"get a articleDTOs by userId","level":"info","msg":"Success","time":"2025-04-02T19:56:29+08:00"}
{"event":"get a articleDTOs by userId","level":"info","msg":"Success","time":"2025-04-02T19:56:29+08:00"}
{"event":"get a articleDTOs by userId","level":"info","msg":"Success","time":"2025-04-02T19:56:29+08:00"}
{"event":"get a articleDTOs by userId","level":"info","msg":"Success","time":"2025-04-02T19:56:29+08:00"}
{"event":"get a articleDTOs by userId","level":"info","msg":"Success","time":"2025-04-02T19:56:29+08:00"}
{"event":"get a articleDTOs by userId","level":"info","msg":"Success","time":"2025-04-02T19:56:29+08:00"}
{"event":"get a articleDTOs by userId","level":"info","msg":"Success","time":"2025-04-02T19:56:29+08:00"}
{"event":"get a articleDTOs by userId","level":"info","msg":"Success","time":"2025-04-02T19:56:29+08:00"}
{"event":"get a articleDTOs by userId","level":"info","msg":"Success","time":"2025-04-02T19:56:29+08:00"}
{"event":"get a articleDTOs by userId","level":"info","msg":"Success","time":"2025-04-02T19:56:29+08:00"}
{"event":"get a articleDTOs by userId","level":"info","msg":"Success","time":"2025-04-02T19:56:29+08:00"}
{"event":"get a articleDTOs by userId","level":"info","msg":"Success","time":"2025-04-02T19:56:29+08:00"}
{"event":"get a articleDTOs by userId","level":"info","msg":"Success","time":"2025-04-02T19:56:29+08:00"}
{"event":"get a articleDTOs by userId","level":"info","msg":"Success","time":"2025-04-02T19:56:29+08:00"}
{"event":"get a articleDTOs by userId","level":"info","msg":"Success","time":"2025-04-02T19:56:29+08:00"}
{"event":"get a articleDTOs by userId","level":"info","msg":"Success","time":"2025-04-02T19:56:29+08:00"}
{"event":"get a articleDTOs by userId","level":"info","msg":"Success","time":"2025-04-02T19:56:29+08:00"}
{"event":"get a articleDTOs by userId","level":"info","msg":"Success","time":"2025-04-02T19:56:29+08:00"}
{"event":"get a articleDTOs by userId","level":"info","msg":"Success","time":"2025-04-02T19:56:29+08:00"}
{"event":"get a articleDTOs by userId","level":"info","msg":"Success","time":"2025-04-02T19:56:29+08:00"}
{"event":"get a articleDTOs by userId","level":"info","msg":"Success","time":"2025-04-02T19:56:29+08:00"}
{"event":"get a articleDTOs by userId","level":"info","msg":"Success","time":"2025-04-02T19:56:29+08:00"}
{"event":"get a articleDTOs by userId","level":"info","msg":"Success","time":"2025-04-02T19:56:29+08:00"}
{"event":"get a articleDTOs by userId","level":"info","msg":"Success","time":"2025-04-02T19:56:29+08:00"}
{"event":"get a articleDTOs by userId","level":"info","msg":"Success","time":"2025-04-02T19:56:29+08:00"}
{"event":"get a articleDTOs by userId","level":"info","msg":"Success","time":"2025-04-02T19:56:29+08:00"}
{"event":"get a articleDTOs by userId","level":"info","msg":"Success","time":"2025-04-02T19:56:29+08:00"}
{"event":"get a articleDTOs by userId","level":"info","msg":"Success","time":"2025-04-02T19:56:29+08:00"}
{"event":"get a articleDTOs by userId","level":"info","msg":"Success","time":"2025-04-02T19:56:29+08:00"}
{"event":"get a articleDTOs by userId","level":"info","msg":"Success","time":"2025-04-02T19:56:29+08:00"}
{"event":"get a articleDTOs by userId","level":"info","msg":"Success","time":"2025-04-02T19:56:29+08:00"}
{"event":"get a articleDTOs by userId","level":"info","msg":"Success","time":"2025-04-02T19:56:29+08:00"}
{"event":"get a articleDTOs by userId","level":"info","msg":"Success","time":"2025-04-02T19:56:29+08:00"}
{"event":"get a articleDTOs by userId","level":"info","msg":"Success","time":"2025-04-02T19:56:29+08:00"}
{"event":"get a articleDTOs by userId","level":"info","msg":"Success","time":"2025-04-02T19:56:29+08:00"}
{"event":"get a articleDTOs by userId","level":"info","msg":"Success","time":"2025-04-02T19:56:29+08:00"}
{"event":"get a articleDTOs by userId","level":"info","msg":"Success","time":"2025-04-02T19:56:29+08:00"}
{"event":"get a articleDTOs by userId","level":"info","msg":"Success","time":"2025-04-02T19:56:29+08:00"}
{"event":"get a articleDTOs by userId","level":"info","msg":"Success","time":"2025-04-02T19:56:29+08:00"}
{"event":"get a articleDTOs by userId","level":"info","msg":"Success","time":"2025-04-02T19:56:29+08:00"}
{"event":"get a articleDTOs by userId","level":"info","msg":"Success","time":"2025-04-02T19:56:29+08:00"}
{"event":"get a articleDTOs by userId","level":"info","msg":"Success","time":"2025-04-02T19:56:29+08:00"}
{"event":"get a articleDTOs by userId","level":"info","msg":"Success","time":"2025-04-02T19:56:29+08:00"}
{"event":"get a articleDTOs by userId","level":"info","msg":"Success","time":"2025-04-02T19:56:29+08:00"}
{"event":"get a articleDTOs by userId","level":"info","msg":"Success","time":"2025-04-02T19:56:29+08:00"}
{"event":"get a articleDTOs by userId","level":"info","msg":"Success","time":"2025-04-02T19:56:29+08:00"}
{"event":"get a articleDTOs by userId","level":"info","msg":"Success","time":"2025-04-02T19:56:29+08:00"}
{"event":"get a articleDTOs by userId","level":"info","msg":"Success","time":"2025-04-02T19:56:29+08:00"}
{"event":"get a articleDTOs by userId","level":"info","msg":"Success","time":"2025-04-02T19:56:29+08:00"}
{"event":"get a articleDTOs by userId","level":"info","msg":"Success","time":"2025-04-02T19:56:29+08:00"}
{"event":"get a articleDTOs by userId","level":"info","msg":"Success","time":"2025-04-02T19:56:29+08:00"}
{"event":"get a articleDTOs by userId","level":"info","msg":"Success","time":"2025-04-02T19:56:29+08:00"}
{"event":"get a articleDTOs by userId","level":"info","msg":"Success","time":"2025-04-02T19:56:29+08:00"}
{"event":"get a articleDTOs by userId","level":"info","msg":"Success","time":"2025-04-02T19:56:29+08:00"}
{"event":"get a articleDTOs by userId","level":"info","msg":"Success","time":"2025-04-02T19:56:29+08:00"}
{"event":"get a articleDTOs by userId","level":"info","msg":"Success","time":"2025-04-02T19:56:29+08:00"}
{"event":"get a articleDTOs by userId","level":"info","msg":"Success","time":"2025-04-02T19:56:29+08:00"}
{"event":"get a articleDTOs by userId","level":"info","msg":"Success","time":"2025-04-02T19:56:29+08:00"}
{"event":"get a articleDTOs by userId","level":"info","msg":"Success","time":"2025-04-02T19:56:29+08:00"}
{"event":"get a articleDTOs by userId","level":"info","msg":"Success","time":"2025-04-02T19:56:29+08:00"}
{"event":"get a articleDTOs by userId","level":"info","msg":"Success","time":"2025-04-02T19:56:29+08:00"}
{"event":"get a articleDTOs by userId","level":"info","msg":"Success","time":"2025-04-02T19:56:30+08:00"}
{"event":"get a articleDTOs by userId","level":"info","msg":"Success","time":"2025-04-02T19:56:30+08:00"}
{"event":"get a articleDTOs by userId","level":"info","msg":"Success","time":"2025-04-02T19:56:30+08:00"}
{"event":"get a articleDTOs by userId","level":"info","msg":"Success","time":"2025-04-02T19:56:30+08:00"}
{"event":"get a articleDTOs by userId","level":"info","msg":"Success","time":"2025-04-02T19:56:30+08:00"}
{"event":"get a articleDTOs by userId","level":"info","msg":"Success","time":"2025-04-02T19:56:30+08:00"}
{"event":"get a articleDTOs by userId","level":"info","msg":"Success","time":"2025-04-02T19:56:30+08:00"}
{"event":"get a articleDTOs by userId","level":"info","msg":"Success","time":"2025-04-02T19:56:30+08:00"}
{"event":"get a articleDTOs by userId","level":"info","msg":"Success","time":"2025-04-02T19:56:30+08:00"}
{"event":"get a articleDTOs by userId","level":"info","msg":"Success","time":"2025-04-02T19:56:30+08:00"}
{"event":"get a articleDTOs by userId","level":"info","msg":"Success","time":"2025-04-02T19:56:30+08:00"}
{"event":"get a articleDTOs by userId","level":"info","msg":"Success","time":"2025-04-02T19:56:30+08:00"}
{"event":"get a articleDTOs by userId","level":"info","msg":"Success","time":"2025-04-02T19:56:30+08:00"}
{"event":"get a articleDTOs by userId","level":"info","msg":"Success","time":"2025-04-02T19:56:30+08:00"}
{"event":"get a articleDTOs by userId","level":"info","msg":"Success","time":"2025-04-02T19:56:30+08:00"}
{"event":"get a articleDTOs by userId","level":"info","msg":"Success","time":"2025-04-02T19:56:30+08:00"}
{"event":"get a articleDTOs by userId","level":"info","msg":"Success","time":"2025-04-02T19:56:30+08:00"}
{"event":"get a articleDTOs by userId","level":"info","msg":"Success","time":"2025-04-02T19:56:30+08:00"}
{"event":"get a articleDTOs by userId","level":"info","msg":"Success","time":"2025-04-02T19:56:30+08:00"}
{"event":"get a articleDTOs by userId","level":"info","msg":"Success","time":"2025-04-02T19:56:30+08:00"}
{"event":"get a articleDTOs by userId","level":"info","msg":"Success","time":"2025-04-02T19:56:30+08:00"}
{"event":"get a articleDTOs by userId","level":"info","msg":"Success","time":"2025-04-02T19:56:30+08:00"}
{"event":"get a articleDTOs by userId","level":"info","msg":"Success","time":"2025-04-02T19:56:30+08:00"}
{"event":"get a articleDTOs by userId","level":"info","msg":"Success","time":"2025-04-02T19:56:30+08:00"}
{"event":"get a articleDTOs by userId","level":"info","msg":"Success","time":"2025-04-02T19:56:30+08:00"}
{"event":"get a articleDTOs by userId","level":"info","msg":"Success","time":"2025-04-02T19:56:30+08:00"}
{"event":"get a articleDTOs by userId","level":"info","msg":"Success","time":"2025-04-02T19:56:30+08:00"}
{"event":"get a articleDTOs by userId","level":"info","msg":"Success","time":"2025-04-02T19:56:30+08:00"}
{"event":"get a articleDTOs by userId","level":"info","msg":"Success","time":"2025-04-02T19:56:30+08:00"}
{"event":"get a articleDTOs by userId","level":"info","msg":"Success","time":"2025-04-02T19:56:30+08:00"}
{"event":"get a articleDTOs by userId","level":"info","msg":"Success","time":"2025-04-02T19:56:30+08:00"}
{"event":"get a articleDTOs by userId","level":"info","msg":"Success","time":"2025-04-02T19:56:30+08:00"}
{"event":"get a articleDTOs by userId","level":"info","msg":"Success","time":"2025-04-02T19:56:30+08:00"}
{"event":"get a articleDTOs by userId","level":"info","msg":"Success","time":"2025-04-02T19:56:30+08:00"}
{"event":"get a articleDTOs by userId","level":"info","msg":"Success","time":"2025-04-02T19:56:30+08:00"}
{"event":"get a articleDTOs by userId","level":"info","msg":"Success","time":"2025-04-02T19:56:30+08:00"}
{"event":"get a articleDTOs by userId","level":"info","msg":"Success","time":"2025-04-02T19:56:30+08:00"}
{"event":"get a articleDTOs by userId","level":"info","msg":"Success","time":"2025-04-02T19:56:30+08:00"}
{"event":"get a articleDTOs by userId","level":"info","msg":"Success","time":"2025-04-02T19:56:30+08:00"}
{"event":"get a articleDTOs by userId","level":"info","msg":"Success","time":"2025-04-02T19:56:30+08:00"}
{"event":"get a articleDTOs by userId","level":"info","msg":"Success","time":"2025-04-02T19:56:30+08:00"}
{"event":"get a articleDTOs by userId","level":"info","msg":"Success","time":"2025-04-02T19:56:30+08:00"}
{"event":"get a articleDTOs by userId","level":"info","msg":"Success","time":"2025-04-02T19:56:30+08:00"}
{"event":"get a articleDTOs by userId","level":"info","msg":"Success","time":"2025-04-02T19:56:30+08:00"}
{"event":"get a articleDTOs by userId","level":"info","msg":"Success","time":"2025-04-02T19:56:31+08:00"}
{"event":"get a articleDTOs by userId","level":"info","msg":"Success","time":"2025-04-02T19:56:31+08:00"}
{"event":"get a articleDTOs by userId","level":"info","msg":"Success","time":"2025-04-02T19:56:31+08:00"}
{"event":"get a articleDTOs by userId","level":"info","msg":"Success","time":"2025-04-02T19:56:31+08:00"}
{"event":"get a articleDTOs by userId","level":"info","msg":"Success","time":"2025-04-02T19:56:31+08:00"}
{"event":"get a articleDTOs by userId","level":"info","msg":"Success","time":"2025-04-02T19:56:31+08:00"}
{"event":"get a articleDTOs by userId","level":"info","msg":"Success","time":"2025-04-02T19:56:31+08:00"}
{"event":"get a articleDTOs by userId","level":"info","msg":"Success","time":"2025-04-02T19:56:31+08:00"}
{"event":"get a articleDTOs by userId","level":"info","msg":"Success","time":"2025-04-02T19:56:31+08:00"}
{"event":"get a articleDTOs by userId","level":"info","msg":"Success","time":"2025-04-02T19:56:31+08:00"}
{"event":"get a articleDTOs by userId","level":"info","msg":"Success","time":"2025-04-02T19:56:31+08:00"}
{"event":"get a articleDTOs by userId","level":"info","msg":"Success","time":"2025-04-02T19:56:31+08:00"}
{"event":"get a articleDTOs by userId","level":"info","msg":"Success","time":"2025-04-02T19:56:31+08:00"}
{"event":"get a articleDTOs by userId","level":"info","msg":"Success","time":"2025-04-02T19:56:31+08:00"}
{"event":"get a articleDTOs by userId","level":"info","msg":"Success","time":"2025-04-02T19:56:31+08:00"}
{"event":"get a articleDTOs by userId","level":"info","msg":"Success","time":"2025-04-02T19:56:31+08:00"}
{"event":"get a articleDTOs by userId","level":"info","msg":"Success","time":"2025-04-02T19:56:31+08:00"}
{"event":"get a articleDTOs by userId","level":"info","msg":"Success","time":"2025-04-02T19:56:31+08:00"}
{"event":"get a articleDTOs by userId","level":"info","msg":"Success","time":"2025-04-02T19:56:31+08:00"}
{"event":"get a articleDTOs by userId","level":"info","msg":"Success","time":"2025-04-02T19:56:31+08:00"}
{"event":"get a articleDTOs by userId","level":"info","msg":"Success","time":"2025-04-02T19:56:31+08:00"}
{"event":"get a articleDTOs by userId","level":"info","msg":"Success","time":"2025-04-02T19:56:31+08:00"}
{"event":"get a articleDTOs by userId","level":"info","msg":"Success","time":"2025-04-02T19:56:31+08:00"}
{"event":"get a articleDTOs by userId","level":"info","msg":"Success","time":"2025-04-02T19:56:31+08:00"}
{"event":"get a articleDTOs by userId","level":"info","msg":"Success","time":"2025-04-02T19:56:31+08:00"}
{"event":"get a articleDTOs by userId","level":"info","msg":"Success","time":"2025-04-02T19:56:31+08:00"}
{"event":"get a articleDTOs by userId","level":"info","msg":"Success","time":"2025-04-02T19:56:31+08:00"}
{"event":"get a articleDTOs by userId","level":"info","msg":"Success","time":"2025-04-02T19:56:31+08:00"}
{"event":"get a articleDTOs by userId","level":"info","msg":"Success","time":"2025-04-02T19:56:31+08:00"}
{"event":"get a articleDTOs by userId","level":"info","msg":"Success","time":"2025-04-02T19:56:31+08:00"}
{"event":"get a articleDTOs by userId","level":"info","msg":"Success","time":"2025-04-02T19:56:31+08:00"}
{"event":"get a articleDTOs by userId","level":"info","msg":"Success","time":"2025-04-02T19:56:31+08:00"}
{"event":"get a articleDTOs by userId","level":"info","msg":"Success","time":"2025-04-02T19:56:31+08:00"}
{"event":"get a articleDTOs by userId","level":"info","msg":"Success","time":"2025-04-02T19:56:31+08:00"}
{"event":"get a articleDTOs by userId","level":"info","msg":"Success","time":"2025-04-02T19:56:31+08:00"}
{"event":"get a articleDTOs by userId","level":"info","msg":"Success","time":"2025-04-02T19:56:31+08:00"}
{"event":"get a articleDTOs by userId","level":"info","msg":"Success","time":"2025-04-02T19:56:31+08:00"}
{"event":"get a articleDTOs by userId","level":"info","msg":"Success","time":"2025-04-02T19:56:31+08:00"}
{"event":"get a articleDTOs by userId","level":"info","msg":"Success","time":"2025-04-02T19:56:31+08:00"}
{"event":"get a articleDTOs by userId","level":"info","msg":"Success","time":"2025-04-02T19:56:31+08:00"}
{"event":"get a articleDTOs by userId","level":"info","msg":"Success","time":"2025-04-02T19:56:31+08:00"}
{"event":"get a articleDTOs by userId","level":"info","msg":"Success","time":"2025-04-02T19:56:32+08:00"}
{"event":"get a articleDTOs by userId","level":"info","msg":"Success","time":"2025-04-02T19:56:32+08:00"}
{"event":"get a articleDTOs by userId","level":"info","msg":"Success","time":"2025-04-02T19:56:32+08:00"}
{"event":"get a articleDTOs by userId","level":"info","msg":"Success","time":"2025-04-02T19:56:32+08:00"}
{"event":"get a articleDTOs by userId","level":"info","msg":"Success","time":"2025-04-02T19:56:32+08:00"}
{"event":"get a articleDTOs by userId","level":"info","msg":"Success","time":"2025-04-02T19:56:32+08:00"}
{"event":"get a articleDTOs by userId","level":"info","msg":"Success","time":"2025-04-02T19:56:32+08:00"}
{"event":"get a articleDTOs by userId","level":"info","msg":"Success","time":"2025-04-02T19:56:32+08:00"}
{"event":"get a articleDTOs by userId","level":"info","msg":"Success","time":"2025-04-02T19:56:32+08:00"}
{"event":"get a articleDTOs by userId","level":"info","msg":"Success","time":"2025-04-02T19:56:32+08:00"}
{"event":"get a articleDTOs by userId","level":"info","msg":"Success","time":"2025-04-02T19:56:32+08:00"}
{"event":"get a articleDTOs by userId","level":"info","msg":"Success","time":"2025-04-02T19:56:32+08:00"}
{"event":"get a articleDTOs by userId","level":"info","msg":"Success","time":"2025-04-02T19:56:32+08:00"}
{"event":"get a articleDTOs by userId","level":"info","msg":"Success","time":"2025-04-02T19:56:32+08:00"}
{"event":"get a articleDTOs by userId","level":"info","msg":"Success","time":"2025-04-02T19:56:32+08:00"}
{"event":"get a articleDTOs by userId","level":"info","msg":"Success","time":"2025-04-02T19:56:32+08:00"}
{"event":"get a articleDTOs by userId","level":"info","msg":"Success","time":"2025-04-02T19:56:32+08:00"}
{"event":"get a articleDTOs by userId","level":"info","msg":"Success","time":"2025-04-02T19:56:32+08:00"}
{"event":"get a articleDTOs by userId","level":"info","msg":"Success","time":"2025-04-02T19:56:32+08:00"}
{"event":"get a articleDTOs by userId","level":"info","msg":"Success","time":"2025-04-02T19:56:32+08:00"}
{"event":"get a articleDTOs by userId","level":"info","msg":"Success","time":"2025-04-02T19:56:32+08:00"}
{"event":"get a articleDTOs by userId","level":"info","msg":"Success","time":"2025-04-02T19:56:32+08:00"}
{"event":"get a articleDTOs by userId","level":"info","msg":"Success","time":"2025-04-02T19:56:32+08:00"}
{"event":"get a articleDTOs by userId","level":"info","msg":"Success","time":"2025-04-02T19:56:32+08:00"}
{"event":"get a articleDTOs by userId","level":"info","msg":"Success","time":"2025-04-02T19:56:32+08:00"}
{"event":"get a articleDTOs by userId","level":"info","msg":"Success","time":"2025-04-02T19:56:32+08:00"}
{"event":"get a articleDTOs by userId","level":"info","msg":"Success","time":"2025-04-02T19:56:32+08:00"}
{"event":"get a articleDTOs by userId","level":"info","msg":"Success","time":"2025-04-02T19:56:32+08:00"}
{"event":"get a articleDTOs by userId","level":"info","msg":"Success","time":"2025-04-02T19:56:32+08:00"}
{"event":"get a articleDTOs by userId","level":"info","msg":"Success","time":"2025-04-02T19:56:32+08:00"}
{"event":"get a articleDTOs by userId","level":"info","msg":"Success","time":"2025-04-02T19:56:32+08:00"}
{"event":"get a articleDTOs by userId","level":"info","msg":"Success","time":"2025-04-02T19:56:32+08:00"}
{"event":"get a articleDTOs by userId","level":"info","msg":"Success","time":"2025-04-02T19:56:32+08:00"}
{"event":"get a articleDTOs by userId","level":"info","msg":"Success","time":"2025-04-02T19:56:32+08:00"}
{"event":"get a articleDTOs by userId","level":"info","msg":"Success","time":"2025-04-02T19:56:33+08:00"}
{"event":"get a articleDTOs by userId","level":"info","msg":"Success","time":"2025-04-02T19:56:33+08:00"}
{"event":"get a articleDTOs by userId","level":"info","msg":"Success","time":"2025-04-02T19:56:33+08:00"}
{"event":"get a articleDTOs by userId","level":"info","msg":"Success","time":"2025-04-02T19:56:33+08:00"}
{"event":"get a articleDTOs by userId","level":"info","msg":"Success","time":"2025-04-02T19:56:33+08:00"}
{"event":"get a articleDTOs by userId","level":"info","msg":"Success","time":"2025-04-02T19:56:33+08:00"}
{"event":"get a articleDTOs by userId","level":"info","msg":"Success","time":"2025-04-02T19:56:33+08:00"}
{"event":"get a articleDTOs by userId","level":"info","msg":"Success","time":"2025-04-02T19:56:33+08:00"}
{"event":"get a articleDTOs by userId","level":"info","msg":"Success","time":"2025-04-02T19:56:33+08:00"}
{"event":"get a articleDTOs by userId","level":"info","msg":"Success","time":"2025-04-02T19:56:33+08:00"}
{"event":"get a articleDTOs by userId","level":"info","msg":"Success","time":"2025-04-02T19:56:33+08:00"}
{"event":"get a articleDTOs by userId","level":"info","msg":"Success","time":"2025-04-02T19:56:33+08:00"}
{"event":"get a articleDTOs by userId","level":"info","msg":"Success","time":"2025-04-02T19:56:33+08:00"}
{"event":"get a articleDTOs by userId","level":"info","msg":"Success","time":"2025-04-02T19:56:33+08:00"}
{"event":"get a articleDTOs by userId","level":"info","msg":"Success","time":"2025-04-02T19:56:33+08:00"}
{"event":"get a articleDTOs by userId","level":"info","msg":"Success","time":"2025-04-02T19:56:33+08:00"}
{"event":"get a articleDTOs by userId","level":"info","msg":"Success","time":"2025-04-02T19:56:33+08:00"}
{"event":"get a articleDTOs by userId","level":"info","msg":"Success","time":"2025-04-02T19:56:33+08:00"}
{"event":"get a articleDTOs by userId","level":"info","msg":"Success","time":"2025-04-02T19:56:33+08:00"}
{"event":"get a articleDTOs by userId","level":"info","msg":"Success","time":"2025-04-02T19:56:33+08:00"}
{"event":"get a articleDTOs by userId","level":"info","msg":"Success","time":"2025-04-02T19:56:33+08:00"}
{"event":"get a articleDTOs by userId","level":"info","msg":"Success","time":"2025-04-02T19:56:33+08:00"}
{"event":"get a articleDTOs by userId","level":"info","msg":"Success","time":"2025-04-02T19:56:33+08:00"}
{"event":"get a articleDTOs by userId","level":"info","msg":"Success","time":"2025-04-02T19:56:33+08:00"}
{"event":"get a articleDTOs by userId","level":"info","msg":"Success","time":"2025-04-02T19:56:33+08:00"}
{"event":"get a articleDTOs by userId","level":"info","msg":"Success","time":"2025-04-02T19:56:33+08:00"}
{"event":"get a articleDTOs by userId","level":"info","msg":"Success","time":"2025-04-02T19:56:33+08:00"}
{"event":"get a articleDTOs by userId","level":"info","msg":"Success","time":"2025-04-02T19:56:33+08:00"}
{"event":"get a articleDTOs by userId","level":"info","msg":"Success","time":"2025-04-02T19:56:33+08:00"}
{"event":"get a articleDTOs by userId","level":"info","msg":"Success","time":"2025-04-02T19:56:33+08:00"}
{"event":"get a articleDTOs by userId","level":"info","msg":"Success","time":"2025-04-02T19:56:33+08:00"}
{"event":"get a articleDTOs by userId","level":"info","msg":"Success","time":"2025-04-02T19:56:34+08:00"}
{"event":"get a articleDTOs by userId","level":"info","msg":"Success","time":"2025-04-02T19:56:34+08:00"}
{"event":"get a articleDTOs by userId","level":"info","msg":"Success","time":"2025-04-02T19:56:34+08:00"}
{"event":"get a articleDTOs by userId","level":"info","msg":"Success","time":"2025-04-02T19:56:34+08:00"}
{"event":"get a articleDTOs by userId","level":"info","msg":"Success","time":"2025-04-02T19:56:34+08:00"}
{"event":"get a articleDTOs by userId","level":"info","msg":"Success","time":"2025-04-02T19:56:34+08:00"}
{"event":"get a articleDTOs by userId","level":"info","msg":"Success","time":"2025-04-02T19:56:34+08:00"}
{"event":"get a articleDTOs by userId","level":"info","msg":"Success","time":"2025-04-02T19:56:34+08:00"}
{"event":"get a articleDTOs by userId","level":"info","msg":"Success","time":"2025-04-02T19:56:34+08:00"}
{"event":"get a articleDTOs by userId","level":"info","msg":"Success","time":"2025-04-02T19:56:34+08:00"}
{"event":"get a articleDTOs by userId","level":"info","msg":"Success","time":"2025-04-02T19:56:34+08:00"}
{"event":"get a articleDTOs by userId","level":"info","msg":"Success","time":"2025-04-02T19:56:34+08:00"}
{"event":"get a articleDTOs by userId","level":"info","msg":"Success","time":"2025-04-02T19:56:34+08:00"}
{"event":"get a articleDTOs by userId","level":"info","msg":"Success","time":"2025-04-02T19:56:34+08:00"}
{"event":"get a articleDTOs by userId","level":"info","msg":"Success","time":"2025-04-02T19:56:34+08:00"}
{"event":"get a articleDTOs by userId","level":"info","msg":"Success","time":"2025-04-02T19:56:34+08:00"}
{"event":"get a articleDTOs by userId","level":"info","msg":"Success","time":"2025-04-02T19:56:34+08:00"}
{"event":"get a articleDTOs by userId","level":"info","msg":"Success","time":"2025-04-02T19:56:34+08:00"}
{"event":"get a articleDTOs by userId","level":"info","msg":"Success","time":"2025-04-02T19:56:34+08:00"}
{"event":"get a articleDTOs by userId","level":"info","msg":"Success","time":"2025-04-02T19:56:34+08:00"}
{"event":"get a articleDTOs by userId","level":"info","msg":"Success","time":"2025-04-02T19:56:34+08:00"}
{"event":"get a articleDTOs by userId","level":"info","msg":"Success","time":"2025-04-02T19:56:34+08:00"}
{"event":"get a articleDTOs by userId","level":"info","msg":"Success","time":"2025-04-02T19:56:34+08:00"}
{"event":"get a articleDTOs by userId","level":"info","msg":"Success","time":"2025-04-02T19:56:34+08:00"}
{"event":"get a articleDTOs by userId","level":"info","msg":"Success","time":"2025-04-02T19:56:34+08:00"}
{"event":"get a articleDTOs by userId","level":"info","msg":"Success","time":"2025-04-02T19:56:34+08:00"}
{"event":"get a articleDTOs by userId","level":"info","msg":"Success","time":"2025-04-02T19:56:34+08:00"}
{"event":"get a articleDTOs by userId","level":"info","msg":"Success","time":"2025-04-02T19:56:34+08:00"}
{"event":"get a articleDTOs by userId","level":"info","msg":"Success","time":"2025-04-02T19:56:35+08:00"}
{"event":"get a articleDTOs by userId","level":"info","msg":"Success","time":"2025-04-02T19:56:35+08:00"}
{"event":"get a articleDTOs by userId","level":"info","msg":"Success","time":"2025-04-02T19:56:35+08:00"}
{"event":"get a articleDTOs by userId","level":"info","msg":"Success","time":"2025-04-02T19:56:35+08:00"}
{"event":"get a articleDTOs by userId","level":"info","msg":"Success","time":"2025-04-02T19:56:35+08:00"}
{"event":"get a articleDTOs by userId","level":"info","msg":"Success","time":"2025-04-02T19:56:35+08:00"}
{"event":"get a articleDTOs by userId","level":"info","msg":"Success","time":"2025-04-02T19:56:35+08:00"}
{"event":"get a articleDTOs by userId","level":"info","msg":"Success","time":"2025-04-02T19:56:35+08:00"}
{"event":"get a articleDTOs by userId","level":"info","msg":"Success","time":"2025-04-02T19:56:35+08:00"}
{"event":"get a articleDTOs by userId","level":"info","msg":"Success","time":"2025-04-02T19:56:35+08:00"}
{"event":"get a articleDTOs by userId","level":"info","msg":"Success","time":"2025-04-02T19:56:35+08:00"}
{"event":"get a articleDTOs by userId","level":"info","msg":"Success","time":"2025-04-02T19:56:35+08:00"}
{"event":"get a articleDTOs by userId","level":"info","msg":"Success","time":"2025-04-02T19:56:35+08:00"}
{"event":"get a articleDTOs by userId","level":"info","msg":"Success","time":"2025-04-02T19:56:35+08:00"}
{"event":"get a articleDTOs by userId","level":"info","msg":"Success","time":"2025-04-02T19:56:35+08:00"}
{"event":"get a articleDTOs by userId","level":"info","msg":"Success","time":"2025-04-02T19:56:35+08:00"}
{"event":"get a articleDTOs by userId","level":"info","msg":"Success","time":"2025-04-02T19:56:35+08:00"}
{"event":"get a articleDTOs by userId","level":"info","msg":"Success","time":"2025-04-02T19:56:35+08:00"}
{"event":"get a articleDTOs by userId","level":"info","msg":"Success","time":"2025-04-02T19:56:35+08:00"}
{"event":"get a articleDTOs by userId","level":"info","msg":"Success","time":"2025-04-02T19:56:35+08:00"}
{"event":"get a articleDTOs by userId","level":"info","msg":"Success","time":"2025-04-02T19:56:35+08:00"}
{"event":"get a articleDTOs by userId","level":"info","msg":"Success","time":"2025-04-02T19:56:35+08:00"}
{"event":"get a articleDTOs by userId","level":"info","msg":"Success","time":"2025-04-02T19:56:35+08:00"}
{"event":"get a articleDTOs by userId","level":"info","msg":"Success","time":"2025-04-02T19:56:35+08:00"}
{"event":"get a articleDTOs by userId","level":"info","msg":"Success","time":"2025-04-02T19:56:35+08:00"}
{"event":"get a articleDTOs by userId","level":"info","msg":"Success","time":"2025-04-02T19:56:36+08:00"}
{"event":"get a articleDTOs by userId","level":"info","msg":"Success","time":"2025-04-02T19:56:36+08:00"}
{"event":"get a articleDTOs by userId","level":"info","msg":"Success","time":"2025-04-02T19:56:36+08:00"}
{"event":"get a articleDTOs by userId","level":"info","msg":"Success","time":"2025-04-02T19:56:36+08:00"}
{"event":"get a articleDTOs by userId","level":"info","msg":"Success","time":"2025-04-02T19:56:36+08:00"}
{"event":"get a articleDTOs by userId","level":"info","msg":"Success","time":"2025-04-02T19:56:36+08:00"}
{"event":"get a articleDTOs by userId","level":"info","msg":"Success","time":"2025-04-02T19:56:36+08:00"}
{"event":"get a articleDTOs by userId","level":"info","msg":"Success","time":"2025-04-02T19:56:36+08:00"}
{"event":"get a articleDTOs by userId","level":"info","msg":"Success","time":"2025-04-02T19:56:36+08:00"}
{"event":"get a articleDTOs by userId","level":"info","msg":"Success","time":"2025-04-02T19:56:36+08:00"}
{"event":"get a articleDTOs by userId","level":"info","msg":"Success","time":"2025-04-02T19:56:36+08:00"}
{"event":"get a articleDTOs by userId","level":"info","msg":"Success","time":"2025-04-02T19:56:36+08:00"}
{"event":"get a articleDTOs by userId","level":"info","msg":"Success","time":"2025-04-02T19:56:36+08:00"}
{"event":"get a articleDTOs by userId","level":"info","msg":"Success","time":"2025-04-02T19:56:36+08:00"}
{"event":"get a articleDTOs by userId","level":"info","msg":"Success","time":"2025-04-02T19:56:36+08:00"}
{"event":"get a articleDTOs by userId","level":"info","msg":"Success","time":"2025-04-02T19:56:36+08:00"}
{"event":"get a articleDTOs by userId","level":"info","msg":"Success","time":"2025-04-02T19:56:36+08:00"}
{"event":"get a articleDTOs by userId","level":"info","msg":"Success","time":"2025-04-02T19:56:36+08:00"}
{"event":"get a articleDTOs by userId","level":"info","msg":"Success","time":"2025-04-02T19:56:36+08:00"}
{"event":"get a articleDTOs by userId","level":"info","msg":"Success","time":"2025-04-02T19:56:36+08:00"}
{"event":"get a articleDTOs by userId","level":"info","msg":"Success","time":"2025-04-02T19:56:36+08:00"}
{"event":"get a articleDTOs by userId","level":"info","msg":"Success","time":"2025-04-02T19:56:36+08:00"}
{"event":"get a articleDTOs by userId","level":"info","msg":"Success","time":"2025-04-02T19:56:36+08:00"}
{"event":"get a articleDTOs by userId","level":"info","msg":"Success","time":"2025-04-02T19:56:36+08:00"}
{"event":"get a articleDTOs by userId","level":"info","msg":"Success","time":"2025-04-02T19:56:37+08:00"}
{"event":"get a articleDTOs by userId","level":"info","msg":"Success","time":"2025-04-02T19:56:37+08:00"}
{"event":"get a articleDTOs by userId","level":"info","msg":"Success","time":"2025-04-02T19:56:37+08:00"}
{"event":"get a articleDTOs by userId","level":"info","msg":"Success","time":"2025-04-02T19:56:37+08:00"}
{"event":"get a articleDTOs by userId","level":"info","msg":"Success","time":"2025-04-02T19:56:37+08:00"}
{"event":"get a articleDTOs by userId","level":"info","msg":"Success","time":"2025-04-02T19:56:37+08:00"}
{"event":"get a articleDTOs by userId","level":"info","msg":"Success","time":"2025-04-02T19:56:37+08:00"}
{"event":"get a articleDTOs by userId","level":"info","msg":"Success","time":"2025-04-02T19:56:37+08:00"}
{"event":"get a articleDTOs by userId","level":"info","msg":"Success","time":"2025-04-02T19:56:37+08:00"}
{"event":"get a articleDTOs by userId","level":"info","msg":"Success","time":"2025-04-02T19:56:37+08:00"}
{"event":"get a articleDTOs by userId","level":"info","msg":"Success","time":"2025-04-02T19:56:37+08:00"}
{"event":"get a articleDTOs by userId","level":"info","msg":"Success","time":"2025-04-02T19:56:37+08:00"}
{"event":"get a articleDTOs by userId","level":"info","msg":"Success","time":"2025-04-02T19:56:37+08:00"}
{"event":"get a articleDTOs by userId","level":"info","msg":"Success","time":"2025-04-02T19:56:37+08:00"}
{"event":"get a articleDTOs by userId","level":"info","msg":"Success","time":"2025-04-02T19:56:37+08:00"}
{"event":"get a articleDTOs by userId","level":"info","msg":"Success","time":"2025-04-02T19:56:37+08:00"}
{"event":"get a articleDTOs by userId","level":"info","msg":"Success","time":"2025-04-02T19:56:37+08:00"}
{"event":"get a articleDTOs by userId","level":"info","msg":"Success","time":"2025-04-02T19:56:37+08:00"}
{"event":"get a articleDTOs by userId","level":"info","msg":"Success","time":"2025-04-02T19:56:37+08:00"}
{"event":"get a articleDTOs by userId","level":"info","msg":"Success","time":"2025-04-02T19:56:37+08:00"}
{"event":"get a articleDTOs by userId","level":"info","msg":"Success","time":"2025-04-02T19:56:37+08:00"}
{"event":"get a articleDTOs by userId","level":"info","msg":"Success","time":"2025-04-02T19:56:37+08:00"}
{"event":"get a articleDTOs by userId","level":"info","msg":"Success","time":"2025-04-02T19:56:37+08:00"}
{"event":"get a articleDTOs by userId","level":"info","msg":"Success","time":"2025-04-02T19:56:38+08:00"}
{"event":"get a articleDTOs by userId","level":"info","msg":"Success","time":"2025-04-02T19:56:38+08:00"}
{"event":"get a articleDTOs by userId","level":"info","msg":"Success","time":"2025-04-02T19:56:38+08:00"}
{"event":"get a articleDTOs by userId","level":"info","msg":"Success","time":"2025-04-02T19:56:38+08:00"}
{"event":"get a articleDTOs by userId","level":"info","msg":"Success","time":"2025-04-02T19:56:38+08:00"}
{"event":"get a articleDTOs by userId","level":"info","msg":"Success","time":"2025-04-02T19:56:38+08:00"}
{"event":"get a articleDTOs by userId","level":"info","msg":"Success","time":"2025-04-02T19:56:38+08:00"}
{"event":"get a articleDTOs by userId","level":"info","msg":"Success","time":"2025-04-02T19:56:38+08:00"}
{"event":"get a articleDTOs by userId","level":"info","msg":"Success","time":"2025-04-02T19:56:38+08:00"}
{"event":"get a articleDTOs by userId","level":"info","msg":"Success","time":"2025-04-02T19:56:38+08:00"}
{"event":"get a articleDTOs by userId","level":"info","msg":"Success","time":"2025-04-02T20:09:04+08:00"}
{"event":"get a articleDTOs by userId","level":"info","msg":"Success","time":"2025-04-02T20:09:04+08:00"}
{"event":"get all categories","level":"info","msg":"Success to get all categories","time":"2025-04-02T20:09:05+08:00"}
{"event":"get all categories","level":"info","msg":"Success to get all categories","time":"2025-04-02T20:09:05+08:00"}
{"event":"get get articleCategoryList by categoryId","level":"info","msg":"Success to get articleCategoryList by categoryId","time":"2025-04-02T20:09:05+08:00"}
{"event":"get get articleCategoryList by categoryId","level":"info","msg":"Success to get articleCategoryList by categoryId","time":"2025-04-02T20:09:05+08:00"}
{"event":"get a articleDTO by id","level":"info","msg":"Success","time":"2025-04-02T20:09:05+08:00"}
{"event":"get a articleDTO by id","level":"info","msg":"Success","time":"2025-04-02T20:09:05+08:00"}
{"event":"get a articleDTO by id","level":"info","msg":"Success","time":"2025-04-02T20:09:05+08:00"}
{"event":"get a articleDTO by id","level":"info","msg":"Success","time":"2025-04-02T20:09:05+08:00"}
{"event":"get a articleDTO by id","level":"info","msg":"Success","time":"2025-04-02T20:09:05+08:00"}
{"event":"get a articleDTO by id","level":"info","msg":"Success","time":"2025-04-02T20:09:05+08:00"}
{"event":"get get articleCategoryList by categoryId","level":"info","msg":"Success to get articleCategoryList by categoryId","time":"2025-04-02T20:09:05+08:00"}
{"event":"get a articleDTO by id","level":"info","msg":"Success","time":"2025-04-02T20:09:05+08:00"}
{"event":"get get articleCategoryList by categoryId","level":"info","msg":"Success to get articleCategoryList by categoryId","time":"2025-04-02T20:09:05+08:00"}
{"event":"get a articleDTO by id","level":"info","msg":"Success","time":"2025-04-02T20:09:05+08:00"}
{"event":"get a articleDTO by id","level":"info","msg":"Success","time":"2025-04-02T20:09:05+08:00"}
{"event":"get get articleCategoryList by categoryId","level":"info","msg":"Success to get articleCategoryList by categoryId","time":"2025-04-02T20:09:05+08:00"}
{"event":"get a articleDTO by id","level":"info","msg":"Success","time":"2025-04-02T20:09:05+08:00"}
{"event":"get a articleDTO by id","level":"info","msg":"Success","time":"2025-04-02T20:09:05+08:00"}
{"event":"get a articleDTO by id","level":"info","msg":"Success","time":"2025-04-02T20:09:05+08:00"}
{"event":"get a articleDTO by id","level":"info","msg":"Success","time":"2025-04-02T20:09:05+08:00"}
{"event":"get a articleDTO by id","level":"info","msg":"Success","time":"2025-04-02T20:09:05+08:00"}
{"event":"get get articleCategoryList by categoryId","level":"info","msg":"Success to get articleCategoryList by categoryId","time":"2025-04-02T20:09:05+08:00"}
{"event":"get a articleDTO by id","level":"info","msg":"Success","time":"2025-04-02T20:09:05+08:00"}
{"event":"get a articleDTO by id","level":"info","msg":"Success","time":"2025-04-02T20:09:05+08:00"}
{"event":"get a articleDTO by id","level":"info","msg":"Success","time":"2025-04-02T20:09:05+08:00"}
{"event":"get a articleDTO by id","level":"info","msg":"Success","time":"2025-04-02T20:09:05+08:00"}
{"event":"get a article by id","level":"info","msg":"Success","time":"2025-04-02T20:09:06+08:00"}
{"event":"get a article by id","level":"info","msg":"Success","time":"2025-04-02T20:09:06+08:00"}
{"event":"get a articleDTOs by userId","level":"info","msg":"Success","time":"2025-04-02T20:09:07+08:00"}
{"event":"get a articleDTOs by userId","level":"info","msg":"Success","time":"2025-04-02T20:09:07+08:00"}
{"event":"get a articleDTOs by userId","level":"info","msg":"Success","time":"2025-04-02T20:09:09+08:00"}
{"event":"get a articleDTOs by userId","level":"info","msg":"Success","time":"2025-04-02T20:09:09+08:00"}
{"event":"get a articleDTOs by userId","level":"info","msg":"Success","time":"2025-04-02T20:10:38+08:00"}
{"event":"get a articleDTOs by userId","level":"info","msg":"Success","time":"2025-04-02T20:10:38+08:00"}
{"event":"get all categories","level":"info","msg":"Success to get all categories","time":"2025-04-02T20:10:39+08:00"}
{"event":"get all categories","level":"info","msg":"Success to get all categories","time":"2025-04-02T20:10:39+08:00"}
{"event":"get get articleCategoryList by categoryId","level":"info","msg":"Success to get articleCategoryList by categoryId","time":"2025-04-02T20:10:39+08:00"}
{"event":"get get articleCategoryList by categoryId","level":"info","msg":"Success to get articleCategoryList by categoryId","time":"2025-04-02T20:10:39+08:00"}
{"event":"get a articleDTO by id","level":"info","msg":"Success","time":"2025-04-02T20:10:39+08:00"}
{"event":"get a articleDTO by id","level":"info","msg":"Success","time":"2025-04-02T20:10:39+08:00"}
{"event":"get a articleDTO by id","level":"info","msg":"Success","time":"2025-04-02T20:10:39+08:00"}
{"event":"get a articleDTO by id","level":"info","msg":"Success","time":"2025-04-02T20:10:39+08:00"}
{"event":"get a articleDTO by id","level":"info","msg":"Success","time":"2025-04-02T20:10:39+08:00"}
{"event":"get a articleDTO by id","level":"info","msg":"Success","time":"2025-04-02T20:10:39+08:00"}
{"event":"get get articleCategoryList by categoryId","level":"info","msg":"Success to get articleCategoryList by categoryId","time":"2025-04-02T20:10:39+08:00"}
{"event":"get a articleDTO by id","level":"info","msg":"Success","time":"2025-04-02T20:10:39+08:00"}
{"event":"get get articleCategoryList by categoryId","level":"info","msg":"Success to get articleCategoryList by categoryId","time":"2025-04-02T20:10:39+08:00"}
{"event":"get a articleDTO by id","level":"info","msg":"Success","time":"2025-04-02T20:10:39+08:00"}
{"event":"get a articleDTO by id","level":"info","msg":"Success","time":"2025-04-02T20:10:39+08:00"}
{"event":"get a articleDTO by id","level":"info","msg":"Success","time":"2025-04-02T20:10:39+08:00"}
{"event":"get get articleCategoryList by categoryId","level":"info","msg":"Success to get articleCategoryList by categoryId","time":"2025-04-02T20:10:39+08:00"}
{"event":"get a articleDTO by id","level":"info","msg":"Success","time":"2025-04-02T20:10:39+08:00"}
{"event":"get a articleDTO by id","level":"info","msg":"Success","time":"2025-04-02T20:10:39+08:00"}
{"event":"get a articleDTO by id","level":"info","msg":"Success","time":"2025-04-02T20:10:39+08:00"}
{"event":"get a articleDTO by id","level":"info","msg":"Success","time":"2025-04-02T20:10:39+08:00"}
{"event":"get get articleCategoryList by categoryId","level":"info","msg":"Success to get articleCategoryList by categoryId","time":"2025-04-02T20:10:39+08:00"}
{"event":"get a articleDTO by id","level":"info","msg":"Success","time":"2025-04-02T20:10:39+08:00"}
{"event":"get a articleDTO by id","level":"info","msg":"Success","time":"2025-04-02T20:10:39+08:00"}
{"event":"get a articleDTO by id","level":"info","msg":"Success","time":"2025-04-02T20:10:39+08:00"}
{"event":"get a articleDTO by id","level":"info","msg":"Success","time":"2025-04-02T20:10:39+08:00"}
{"event":"get a article by id","level":"info","msg":"Success","time":"2025-04-02T20:10:46+08:00"}
{"event":"get a article by id","level":"info","msg":"Success","time":"2025-04-02T20:10:46+08:00"}
{"event":"get a articleDTOs by userId","level":"info","msg":"Success","time":"2025-04-02T20:10:48+08:00"}
{"event":"get a articleDTOs by userId","level":"info","msg":"Success","time":"2025-04-02T20:10:48+08:00"}
{"event":"get a articleDTOs by userId","level":"info","msg":"Success","time":"2025-04-02T20:10:50+08:00"}
{"event":"get a articleDTOs by userId","level":"info","msg":"Success","time":"2025-04-02T20:10:50+08:00"}
{"event":"get a articleDTOs by userId","level":"info","msg":"Success","time":"2025-04-02T20:16:20+08:00"}
{"event":"get a articleDTOs by userId","level":"info","msg":"Success","time":"2025-04-02T20:16:20+08:00"}
{"event":"get a articleDTOs by userId","level":"info","msg":"Success","time":"2025-04-02T20:24:21+08:00"}
{"event":"get a articleDTOs by userId","level":"info","msg":"Success","time":"2025-04-02T20:24:21+08:00"}
{"event":"get all categories","level":"info","msg":"Success to get all categories","time":"2025-04-08T16:42:43+08:00"}
{"event":"get all categories","level":"info","msg":"Success to get all categories","time":"2025-04-08T16:42:43+08:00"}
{"event":"get get articleCategoryList by categoryId","level":"info","msg":"Success to get articleCategoryList by categoryId","time":"2025-04-08T16:42:43+08:00"}
{"event":"get get articleCategoryList by categoryId","level":"info","msg":"Success to get articleCategoryList by categoryId","time":"2025-04-08T16:42:43+08:00"}
{"event":"get a articleDTO by id","level":"info","msg":"Success","time":"2025-04-08T16:42:43+08:00"}
{"event":"get a articleDTO by id","level":"info","msg":"Success","time":"2025-04-08T16:42:43+08:00"}
{"event":"get a articleDTO by id","level":"info","msg":"Success","time":"2025-04-08T16:42:43+08:00"}
{"event":"get a articleDTO by id","level":"info","msg":"Success","time":"2025-04-08T16:42:43+08:00"}
{"event":"get a articleDTO by id","level":"info","msg":"Success","time":"2025-04-08T16:42:43+08:00"}
{"event":"get a articleDTO by id","level":"info","msg":"Success","time":"2025-04-08T16:42:43+08:00"}
{"event":"get get articleCategoryList by categoryId","level":"info","msg":"Success to get articleCategoryList by categoryId","time":"2025-04-08T16:42:43+08:00"}
{"event":"get get articleCategoryList by categoryId","level":"info","msg":"Success to get articleCategoryList by categoryId","time":"2025-04-08T16:42:43+08:00"}
{"event":"get a articleDTO by id","level":"info","msg":"Success","time":"2025-04-08T16:42:43+08:00"}
{"event":"get a articleDTO by id","level":"info","msg":"Success","time":"2025-04-08T16:42:43+08:00"}
{"event":"get a articleDTO by id","level":"info","msg":"Success","time":"2025-04-08T16:42:43+08:00"}
{"event":"get a articleDTO by id","level":"info","msg":"Success","time":"2025-04-08T16:42:43+08:00"}
{"event":"get a articleDTO by id","level":"info","msg":"Success","time":"2025-04-08T16:42:43+08:00"}
{"event":"get a articleDTO by id","level":"info","msg":"Success","time":"2025-04-08T16:42:43+08:00"}
{"event":"get all categories","level":"info","msg":"Success to get all categories","time":"2025-04-08T16:42:52+08:00"}
{"event":"get all categories","level":"info","msg":"Success to get all categories","time":"2025-04-08T16:42:52+08:00"}
{"event":"get get articleCategoryList by categoryId","level":"info","msg":"Success to get articleCategoryList by categoryId","time":"2025-04-08T16:42:52+08:00"}
{"event":"get get articleCategoryList by categoryId","level":"info","msg":"Success to get articleCategoryList by categoryId","time":"2025-04-08T16:42:52+08:00"}
{"event":"get a articleDTO by id","level":"info","msg":"Success","time":"2025-04-08T16:42:52+08:00"}
{"event":"get a articleDTO by id","level":"info","msg":"Success","time":"2025-04-08T16:42:52+08:00"}
{"event":"get a articleDTO by id","level":"info","msg":"Success","time":"2025-04-08T16:42:52+08:00"}
{"event":"get a articleDTO by id","level":"info","msg":"Success","time":"2025-04-08T16:42:52+08:00"}
{"event":"get a articleDTO by id","level":"info","msg":"Success","time":"2025-04-08T16:42:52+08:00"}
{"event":"get a articleDTO by id","level":"info","msg":"Success","time":"2025-04-08T16:42:52+08:00"}
{"event":"get all categories","level":"info","msg":"Success to get all categories","time":"2025-04-08T16:42:52+08:00"}
{"event":"get all categories","level":"info","msg":"Success to get all categories","time":"2025-04-08T16:42:52+08:00"}
{"event":"get get articleCategoryList by categoryId","level":"info","msg":"Success to get articleCategoryList by categoryId","time":"2025-04-08T16:42:52+08:00"}
{"event":"get get articleCategoryList by categoryId","level":"info","msg":"Success to get articleCategoryList by categoryId","time":"2025-04-08T16:42:52+08:00"}
{"event":"get a articleDTO by id","level":"info","msg":"Success","time":"2025-04-08T16:42:52+08:00"}
{"event":"get a articleDTO by id","level":"info","msg":"Success","time":"2025-04-08T16:42:52+08:00"}
{"event":"get a articleDTO by id","level":"info","msg":"Success","time":"2025-04-08T16:42:52+08:00"}
{"event":"get a articleDTO by id","level":"info","msg":"Success","time":"2025-04-08T16:42:52+08:00"}
{"event":"get a articleDTO by id","level":"info","msg":"Success","time":"2025-04-08T16:42:52+08:00"}
{"event":"get a articleDTO by id","level":"info","msg":"Success","time":"2025-04-08T16:42:52+08:00"}
{"event":"get get articleCategoryList by categoryId","level":"info","msg":"Success to get articleCategoryList by categoryId","time":"2025-04-08T16:42:52+08:00"}
{"event":"get a articleDTO by id","level":"info","msg":"Success","time":"2025-04-08T16:42:52+08:00"}
{"event":"get get articleCategoryList by categoryId","level":"info","msg":"Success to get articleCategoryList by categoryId","time":"2025-04-08T16:42:52+08:00"}
{"event":"get a articleDTO by id","level":"info","msg":"Success","time":"2025-04-08T16:42:52+08:00"}
{"event":"get a articleDTO by id","level":"info","msg":"Success","time":"2025-04-08T16:42:52+08:00"}
{"event":"get a articleDTO by id","level":"info","msg":"Success","time":"2025-04-08T16:42:52+08:00"}
{"event":"get a articleDTO by id","level":"info","msg":"Success","time":"2025-04-08T16:42:52+08:00"}
{"event":"get a articleDTO by id","level":"info","msg":"Success","time":"2025-04-08T16:42:52+08:00"}
{"event":"get a articleDTOs by userId","level":"info","msg":"Success","time":"2025-04-08T16:43:10+08:00"}
{"event":"get a articleDTOs by userId","level":"info","msg":"Success","time":"2025-04-08T16:43:10+08:00"}
{"event":"get a articleDTOs by userId","level":"info","msg":"Success","time":"2025-04-08T16:43:28+08:00"}
{"event":"get a articleDTOs by userId","level":"info","msg":"Success","time":"2025-04-08T17:45:39+08:00"}
{"event":"get a articleDTOs by userId","level":"info","msg":"Success","time":"2025-04-08T17:45:39+08:00"}
{"event":"get a articleDTOs by userId","level":"info","msg":"Success","time":"2025-04-08T17:45:39+08:00"}
{"event":"get a articleDTOs by userId","level":"info","msg":"Success","time":"2025-04-08T17:49:35+08:00"}
{"event":"get a articleDTOs by userId","level":"info","msg":"Success","time":"2025-04-08T17:49:35+08:00"}
{"event":"get a articleDTOs by userId","level":"info","msg":"Success","time":"2025-04-08T17:49:35+08:00"}
{"event":"get a articleDTOs by userId","level":"info","msg":"Success","time":"2025-04-08T17:49:35+08:00"}
{"event":"get a articleDTOs by userId","level":"info","msg":"Success","time":"2025-04-08T17:49:35+08:00"}
{"event":"get a articleDTOs by userId","level":"info","msg":"Success","time":"2025-04-08T17:49:35+08:00"}
{"event":"get a articleDTOs by userId","level":"info","msg":"Success","time":"2025-04-08T17:49:35+08:00"}
{"event":"get a articleDTOs by userId","level":"info","msg":"Success","time":"2025-04-08T17:49:35+08:00"}
{"event":"get a articleDTOs by userId","level":"info","msg":"Success","time":"2025-04-08T17:49:35+08:00"}
{"event":"get a articleDTOs by userId","level":"info","msg":"Success","time":"2025-04-08T17:49:35+08:00"}
{"event":"get a articleDTOs by userId","level":"info","msg":"Success","time":"2025-04-08T17:49:35+08:00"}
{"event":"get a articleDTOs by userId","level":"info","msg":"Success","time":"2025-04-08T17:49:35+08:00"}
{"event":"get a articleDTOs by userId","level":"info","msg":"Success","time":"2025-04-08T17:49:35+08:00"}
{"event":"get a articleDTOs by userId","level":"info","msg":"Success","time":"2025-04-08T17:49:35+08:00"}
{"event":"get a articleDTOs by userId","level":"info","msg":"Success","time":"2025-04-08T17:49:35+08:00"}
{"event":"get a articleDTOs by userId","level":"info","msg":"Success","time":"2025-04-08T17:49:35+08:00"}
{"event":"get a articleDTOs by userId","level":"info","msg":"Success","time":"2025-04-08T17:49:35+08:00"}
{"event":"get a articleDTOs by userId","level":"info","msg":"Success","time":"2025-04-08T17:49:35+08:00"}
{"event":"get a articleDTOs by userId","level":"info","msg":"Success","time":"2025-04-08T17:49:35+08:00"}
{"event":"get a articleDTOs by userId","level":"info","msg":"Success","time":"2025-04-08T17:49:35+08:00"}
{"event":"get a articleDTOs by userId","level":"info","msg":"Success","time":"2025-04-08T17:49:35+08:00"}
{"event":"get a articleDTOs by userId","level":"info","msg":"Success","time":"2025-04-08T17:49:35+08:00"}
{"event":"get a articleDTOs by userId","level":"info","msg":"Success","time":"2025-04-08T17:49:35+08:00"}
{"event":"get a articleDTOs by userId","level":"info","msg":"Success","time":"2025-04-08T17:49:35+08:00"}
{"event":"get a articleDTOs by userId","level":"info","msg":"Success","time":"2025-04-08T17:49:35+08:00"}
{"event":"get a articleDTOs by userId","level":"info","msg":"Success","time":"2025-04-08T17:49:35+08:00"}
{"event":"get a articleDTOs by userId","level":"info","msg":"Success","time":"2025-04-08T17:49:35+08:00"}
{"event":"get a articleDTOs by userId","level":"info","msg":"Success","time":"2025-04-08T17:49:35+08:00"}
{"event":"get a articleDTOs by userId","level":"info","msg":"Success","time":"2025-04-08T17:49:35+08:00"}
{"event":"get a articleDTOs by userId","level":"info","msg":"Success","time":"2025-04-08T17:49:35+08:00"}
{"event":"get a articleDTOs by userId","level":"info","msg":"Success","time":"2025-04-08T17:49:35+08:00"}
{"event":"get a articleDTOs by userId","level":"info","msg":"Success","time":"2025-04-08T17:49:35+08:00"}
{"event":"get a articleDTOs by userId","level":"info","msg":"Success","time":"2025-04-08T17:49:35+08:00"}
{"event":"get a articleDTOs by userId","level":"info","msg":"Success","time":"2025-04-08T17:49:35+08:00"}
{"event":"get a articleDTOs by userId","level":"info","msg":"Success","time":"2025-04-08T17:49:35+08:00"}
{"event":"get a articleDTOs by userId","level":"info","msg":"Success","time":"2025-04-08T17:49:35+08:00"}
{"event":"get a articleDTOs by userId","level":"info","msg":"Success","time":"2025-04-08T17:49:35+08:00"}
{"event":"get a articleDTOs by userId","level":"info","msg":"Success","time":"2025-04-08T17:49:35+08:00"}
{"event":"get a articleDTOs by userId","level":"info","msg":"Success","time":"2025-04-08T17:49:35+08:00"}
{"event":"get a articleDTOs by userId","level":"info","msg":"Success","time":"2025-04-08T17:49:35+08:00"}
{"event":"get a articleDTOs by userId","level":"info","msg":"Success","time":"2025-04-08T17:49:35+08:00"}
{"event":"get a articleDTOs by userId","level":"info","msg":"Success","time":"2025-04-08T17:49:35+08:00"}
{"event":"get a articleDTOs by userId","level":"info","msg":"Success","time":"2025-04-08T17:49:35+08:00"}
{"event":"get a articleDTOs by userId","level":"info","msg":"Success","time":"2025-04-08T17:49:35+08:00"}
{"event":"get a articleDTOs by userId","level":"info","msg":"Success","time":"2025-04-08T17:49:35+08:00"}
{"event":"get a articleDTOs by userId","level":"info","msg":"Success","time":"2025-04-08T17:49:35+08:00"}
{"event":"get a articleDTOs by userId","level":"info","msg":"Success","time":"2025-04-08T17:49:35+08:00"}
{"event":"get a articleDTOs by userId","level":"info","msg":"Success","time":"2025-04-08T17:49:35+08:00"}
{"event":"get a articleDTOs by userId","level":"info","msg":"Success","time":"2025-04-08T17:49:35+08:00"}
{"event":"get a articleDTOs by userId","level":"info","msg":"Success","time":"2025-04-08T17:49:35+08:00"}
{"event":"get a articleDTOs by userId","level":"info","msg":"Success","time":"2025-04-08T17:49:35+08:00"}
{"event":"get a articleDTOs by userId","level":"info","msg":"Success","time":"2025-04-08T17:49:35+08:00"}
{"event":"get a articleDTOs by userId","level":"info","msg":"Success","time":"2025-04-08T17:49:35+08:00"}
{"event":"get a articleDTOs by userId","level":"info","msg":"Success","time":"2025-04-08T17:49:35+08:00"}
{"event":"get a articleDTOs by userId","level":"info","msg":"Success","time":"2025-04-08T17:49:35+08:00"}
{"event":"get a articleDTOs by userId","level":"info","msg":"Success","time":"2025-04-08T17:49:35+08:00"}
{"event":"get a articleDTOs by userId","level":"info","msg":"Success","time":"2025-04-08T17:49:35+08:00"}
{"event":"get a articleDTOs by userId","level":"info","msg":"Success","time":"2025-04-08T17:49:35+08:00"}
{"event":"get a articleDTOs by userId","level":"info","msg":"Success","time":"2025-04-08T17:49:36+08:00"}
{"event":"get a articleDTOs by userId","level":"info","msg":"Success","time":"2025-04-08T17:49:36+08:00"}
{"event":"get a articleDTOs by userId","level":"info","msg":"Success","time":"2025-04-08T17:49:36+08:00"}
{"event":"get a articleDTOs by userId","level":"info","msg":"Success","time":"2025-04-08T17:49:36+08:00"}
{"event":"get a articleDTOs by userId","level":"info","msg":"Success","time":"2025-04-08T17:49:36+08:00"}
{"event":"get a articleDTOs by userId","level":"info","msg":"Success","time":"2025-04-08T17:49:36+08:00"}
{"event":"get a articleDTOs by userId","level":"info","msg":"Success","time":"2025-04-08T17:49:36+08:00"}
{"event":"get a articleDTOs by userId","level":"info","msg":"Success","time":"2025-04-08T17:49:36+08:00"}
{"event":"get a articleDTOs by userId","level":"info","msg":"Success","time":"2025-04-08T17:49:36+08:00"}
{"event":"get a articleDTOs by userId","level":"info","msg":"Success","time":"2025-04-08T17:49:36+08:00"}
{"event":"get a articleDTOs by userId","level":"info","msg":"Success","time":"2025-04-08T17:49:36+08:00"}
{"event":"get a articleDTOs by userId","level":"info","msg":"Success","time":"2025-04-08T17:49:36+08:00"}
{"event":"get a articleDTOs by userId","level":"info","msg":"Success","time":"2025-04-08T17:49:36+08:00"}
{"event":"get a articleDTOs by userId","level":"info","msg":"Success","time":"2025-04-08T17:49:36+08:00"}
{"event":"get a articleDTOs by userId","level":"info","msg":"Success","time":"2025-04-08T17:49:36+08:00"}
{"event":"get a articleDTOs by userId","level":"info","msg":"Success","time":"2025-04-08T17:49:36+08:00"}
{"event":"get a articleDTOs by userId","level":"info","msg":"Success","time":"2025-04-08T17:49:36+08:00"}
{"event":"get a articleDTOs by userId","level":"info","msg":"Success","time":"2025-04-08T17:49:36+08:00"}
{"event":"get a articleDTOs by userId","level":"info","msg":"Success","time":"2025-04-08T17:49:36+08:00"}
{"event":"get a articleDTOs by userId","level":"info","msg":"Success","time":"2025-04-08T17:49:36+08:00"}
{"event":"get a articleDTOs by userId","level":"info","msg":"Success","time":"2025-04-08T17:49:36+08:00"}
{"event":"get a articleDTOs by userId","level":"info","msg":"Success","time":"2025-04-08T17:49:36+08:00"}
{"event":"get a articleDTOs by userId","level":"info","msg":"Success","time":"2025-04-08T17:49:36+08:00"}
{"event":"get a articleDTOs by userId","level":"info","msg":"Success","time":"2025-04-08T17:49:36+08:00"}
{"event":"get a articleDTOs by userId","level":"info","msg":"Success","time":"2025-04-08T17:49:36+08:00"}
{"event":"get a articleDTOs by userId","level":"info","msg":"Success","time":"2025-04-08T17:49:36+08:00"}
{"event":"get a articleDTOs by userId","level":"info","msg":"Success","time":"2025-04-08T17:49:36+08:00"}
{"event":"get a articleDTOs by userId","level":"info","msg":"Success","time":"2025-04-08T17:49:36+08:00"}
{"event":"get a articleDTOs by userId","level":"info","msg":"Success","time":"2025-04-08T17:49:36+08:00"}
{"event":"get a articleDTOs by userId","level":"info","msg":"Success","time":"2025-04-08T17:49:36+08:00"}
{"event":"get a articleDTOs by userId","level":"info","msg":"Success","time":"2025-04-08T17:49:36+08:00"}
{"event":"get a articleDTOs by userId","level":"info","msg":"Success","time":"2025-04-08T17:49:36+08:00"}
{"event":"get a articleDTOs by userId","level":"info","msg":"Success","time":"2025-04-08T17:49:36+08:00"}
{"event":"get a articleDTOs by userId","level":"info","msg":"Success","time":"2025-04-08T17:49:36+08:00"}
{"event":"get a articleDTOs by userId","level":"info","msg":"Success","time":"2025-04-08T17:49:36+08:00"}
{"event":"get a articleDTOs by userId","level":"info","msg":"Success","time":"2025-04-08T17:49:36+08:00"}
{"event":"get a articleDTOs by userId","level":"info","msg":"Success","time":"2025-04-08T17:49:36+08:00"}
{"event":"get a articleDTOs by userId","level":"info","msg":"Success","time":"2025-04-08T17:49:36+08:00"}
{"event":"get a articleDTOs by userId","level":"info","msg":"Success","time":"2025-04-08T17:49:36+08:00"}
{"event":"get a articleDTOs by userId","level":"info","msg":"Success","time":"2025-04-08T17:49:36+08:00"}
{"event":"get a articleDTOs by userId","level":"info","msg":"Success","time":"2025-04-08T17:49:36+08:00"}
{"event":"get a articleDTOs by userId","level":"info","msg":"Success","time":"2025-04-08T17:49:36+08:00"}
{"event":"get a articleDTOs by userId","level":"info","msg":"Success","time":"2025-04-08T17:49:36+08:00"}
{"event":"get a articleDTOs by userId","level":"info","msg":"Success","time":"2025-04-08T17:49:36+08:00"}
{"event":"get a articleDTOs by userId","level":"info","msg":"Success","time":"2025-04-08T17:49:36+08:00"}
{"event":"get a articleDTOs by userId","level":"info","msg":"Success","time":"2025-04-08T17:49:36+08:00"}
{"event":"get a articleDTOs by userId","level":"info","msg":"Success","time":"2025-04-08T17:49:36+08:00"}
{"event":"get a articleDTOs by userId","level":"info","msg":"Success","time":"2025-04-08T17:49:36+08:00"}
{"event":"get a articleDTOs by userId","level":"info","msg":"Success","time":"2025-04-08T17:49:36+08:00"}
{"event":"get a articleDTOs by userId","level":"info","msg":"Success","time":"2025-04-08T17:49:36+08:00"}
{"event":"get a articleDTOs by userId","level":"info","msg":"Success","time":"2025-04-08T17:49:36+08:00"}
{"event":"get a articleDTOs by userId","level":"info","msg":"Success","time":"2025-04-08T17:49:36+08:00"}
{"event":"get a articleDTOs by userId","level":"info","msg":"Success","time":"2025-04-08T17:49:36+08:00"}
{"event":"get a articleDTOs by userId","level":"info","msg":"Success","time":"2025-04-08T17:49:36+08:00"}
{"event":"get a articleDTOs by userId","level":"info","msg":"Success","time":"2025-04-08T17:49:36+08:00"}
{"event":"get a articleDTOs by userId","level":"info","msg":"Success","time":"2025-04-08T17:49:36+08:00"}
{"event":"get a articleDTOs by userId","level":"info","msg":"Success","time":"2025-04-08T17:49:36+08:00"}
{"event":"get a articleDTOs by userId","level":"info","msg":"Success","time":"2025-04-08T17:49:36+08:00"}
{"event":"get a articleDTOs by userId","level":"info","msg":"Success","time":"2025-04-08T17:49:36+08:00"}
{"event":"get a articleDTOs by userId","level":"info","msg":"Success","time":"2025-04-08T17:49:36+08:00"}
{"event":"get a articleDTOs by userId","level":"info","msg":"Success","time":"2025-04-08T17:49:36+08:00"}
{"event":"get a articleDTOs by userId","level":"info","msg":"Success","time":"2025-04-08T17:49:36+08:00"}
{"event":"get a articleDTOs by userId","level":"info","msg":"Success","time":"2025-04-08T17:49:36+08:00"}
{"event":"get a articleDTOs by userId","level":"info","msg":"Success","time":"2025-04-08T17:49:36+08:00"}
{"event":"get a articleDTOs by userId","level":"info","msg":"Success","time":"2025-04-08T17:49:36+08:00"}
{"event":"get a articleDTOs by userId","level":"info","msg":"Success","time":"2025-04-08T17:49:36+08:00"}
{"event":"get a articleDTOs by userId","level":"info","msg":"Success","time":"2025-04-08T17:49:36+08:00"}
{"event":"get a articleDTOs by userId","level":"info","msg":"Success","time":"2025-04-08T17:49:36+08:00"}
{"event":"get a articleDTOs by userId","level":"info","msg":"Success","time":"2025-04-08T17:49:36+08:00"}
{"event":"get a articleDTOs by userId","level":"info","msg":"Success","time":"2025-04-08T17:49:36+08:00"}
{"event":"get a articleDTOs by userId","level":"info","msg":"Success","time":"2025-04-08T17:49:36+08:00"}
{"event":"get a articleDTOs by userId","level":"info","msg":"Success","time":"2025-04-08T17:49:36+08:00"}
{"event":"get a articleDTOs by userId","level":"info","msg":"Success","time":"2025-04-08T17:49:36+08:00"}
{"event":"get a articleDTOs by userId","level":"info","msg":"Success","time":"2025-04-08T17:49:36+08:00"}
{"event":"get a articleDTOs by userId","level":"info","msg":"Success","time":"2025-04-08T17:49:36+08:00"}
{"event":"get a articleDTOs by userId","level":"info","msg":"Success","time":"2025-04-08T17:49:36+08:00"}
{"event":"get a articleDTOs by userId","level":"info","msg":"Success","time":"2025-04-08T17:49:36+08:00"}
{"event":"get a articleDTOs by userId","level":"info","msg":"Success","time":"2025-04-08T17:49:36+08:00"}
{"event":"get a articleDTOs by userId","level":"info","msg":"Success","time":"2025-04-08T17:49:36+08:00"}
{"event":"get a articleDTOs by userId","level":"info","msg":"Success","time":"2025-04-08T17:49:36+08:00"}
{"event":"get a articleDTOs by userId","level":"info","msg":"Success","time":"2025-04-08T17:49:36+08:00"}
{"event":"get a articleDTOs by userId","level":"info","msg":"Success","time":"2025-04-08T17:49:36+08:00"}
{"event":"get a articleDTOs by userId","level":"info","msg":"Success","time":"2025-04-08T17:49:36+08:00"}
{"event":"get a articleDTOs by userId","level":"info","msg":"Success","time":"2025-04-08T17:49:36+08:00"}
{"event":"get a articleDTOs by userId","level":"info","msg":"Success","time":"2025-04-08T17:49:36+08:00"}
{"event":"get a articleDTOs by userId","level":"info","msg":"Success","time":"2025-04-08T17:49:36+08:00"}
{"event":"get a articleDTOs by userId","level":"info","msg":"Success","time":"2025-04-08T17:49:36+08:00"}
{"event":"get a articleDTOs by userId","level":"info","msg":"Success","time":"2025-04-08T17:49:36+08:00"}
{"event":"get a articleDTOs by userId","level":"info","msg":"Success","time":"2025-04-08T17:49:36+08:00"}
{"event":"get a articleDTOs by userId","level":"info","msg":"Success","time":"2025-04-08T17:49:36+08:00"}
{"event":"get all categories","level":"info","msg":"Success to get all categories","time":"2025-04-08T17:49:36+08:00"}
{"event":"get all categories","level":"info","msg":"Success to get all categories","time":"2025-04-08T17:49:36+08:00"}
{"event":"get get articleCategoryList by categoryId","level":"info","msg":"Success to get articleCategoryList by categoryId","time":"2025-04-08T17:49:36+08:00"}
{"event":"get get articleCategoryList by categoryId","level":"info","msg":"Success to get articleCategoryList by categoryId","time":"2025-04-08T17:49:36+08:00"}
{"event":"get a articleDTO by id","level":"info","msg":"Success","time":"2025-04-08T17:49:36+08:00"}
{"event":"get a articleDTO by id","level":"info","msg":"Success","time":"2025-04-08T17:49:36+08:00"}
{"event":"get a articleDTO by id","level":"info","msg":"Success","time":"2025-04-08T17:49:36+08:00"}
{"event":"get a articleDTO by id","level":"info","msg":"Success","time":"2025-04-08T17:49:36+08:00"}
{"event":"get a articleDTO by id","level":"info","msg":"Success","time":"2025-04-08T17:49:36+08:00"}
{"event":"get a articleDTO by id","level":"info","msg":"Success","time":"2025-04-08T17:49:36+08:00"}
{"event":"get get articleCategoryList by categoryId","level":"info","msg":"Success to get articleCategoryList by categoryId","time":"2025-04-08T17:49:36+08:00"}
{"event":"get a articleDTO by id","level":"info","msg":"Success","time":"2025-04-08T17:49:36+08:00"}
{"event":"get a articleDTO by id","level":"info","msg":"Success","time":"2025-04-08T17:49:36+08:00"}
{"event":"get get articleCategoryList by categoryId","level":"info","msg":"Success to get articleCategoryList by categoryId","time":"2025-04-08T17:49:36+08:00"}
{"event":"get a articleDTO by id","level":"info","msg":"Success","time":"2025-04-08T17:49:36+08:00"}
{"event":"get a articleDTO by id","level":"info","msg":"Success","time":"2025-04-08T17:49:36+08:00"}
{"event":"get get articleCategoryList by categoryId","level":"info","msg":"Success to get articleCategoryList by categoryId","time":"2025-04-08T17:49:36+08:00"}
{"event":"get a articleDTO by id","level":"info","msg":"Success","time":"2025-04-08T17:49:36+08:00"}
{"event":"get a articleDTO by id","level":"info","msg":"Success","time":"2025-04-08T17:49:36+08:00"}
{"event":"get a articleDTO by id","level":"info","msg":"Success","time":"2025-04-08T17:49:36+08:00"}
{"event":"get a articleDTO by id","level":"info","msg":"Success","time":"2025-04-08T17:49:36+08:00"}
{"event":"get get articleCategoryList by categoryId","level":"info","msg":"Success to get articleCategoryList by categoryId","time":"2025-04-08T17:49:36+08:00"}
{"event":"get a articleDTO by id","level":"info","msg":"Success","time":"2025-04-08T17:49:36+08:00"}
{"event":"get a articleDTO by id","level":"info","msg":"Success","time":"2025-04-08T17:49:36+08:00"}
{"event":"get a articleDTO by id","level":"info","msg":"Success","time":"2025-04-08T17:49:36+08:00"}
{"event":"get a articleDTO by id","level":"info","msg":"Success","time":"2025-04-08T17:49:36+08:00"}
{"event":"get a articleDTOs by userId","level":"info","msg":"Success","time":"2025-04-08T17:49:48+08:00"}
{"event":"get a articleDTOs by userId","level":"info","msg":"Success","time":"2025-04-08T17:49:48+08:00"}
{"event":"get all categories","level":"info","msg":"Success to get all categories","time":"2025-04-08T17:49:50+08:00"}
{"event":"get all categories","level":"info","msg":"Success to get all categories","time":"2025-04-08T17:49:50+08:00"}
{"event":"get get articleCategoryList by categoryId","level":"info","msg":"Success to get articleCategoryList by categoryId","time":"2025-04-08T17:49:50+08:00"}
{"event":"get get articleCategoryList by categoryId","level":"info","msg":"Success to get articleCategoryList by categoryId","time":"2025-04-08T17:49:50+08:00"}
{"event":"get a articleDTO by id","level":"info","msg":"Success","time":"2025-04-08T17:49:50+08:00"}
{"event":"get a articleDTO by id","level":"info","msg":"Success","time":"2025-04-08T17:49:50+08:00"}
{"event":"get a articleDTO by id","level":"info","msg":"Success","time":"2025-04-08T17:49:50+08:00"}
{"event":"get a articleDTO by id","level":"info","msg":"Success","time":"2025-04-08T17:49:50+08:00"}
{"event":"get a articleDTO by id","level":"info","msg":"Success","time":"2025-04-08T17:49:50+08:00"}
{"event":"get a articleDTO by id","level":"info","msg":"Success","time":"2025-04-08T17:49:50+08:00"}
{"event":"get get articleCategoryList by categoryId","level":"info","msg":"Success to get articleCategoryList by categoryId","time":"2025-04-08T17:49:50+08:00"}
{"event":"get a articleDTO by id","level":"info","msg":"Success","time":"2025-04-08T17:49:50+08:00"}
{"event":"get get articleCategoryList by categoryId","level":"info","msg":"Success to get articleCategoryList by categoryId","time":"2025-04-08T17:49:50+08:00"}
{"event":"get a articleDTO by id","level":"info","msg":"Success","time":"2025-04-08T17:49:50+08:00"}
{"event":"get a articleDTO by id","level":"info","msg":"Success","time":"2025-04-08T17:49:50+08:00"}
{"event":"get a articleDTO by id","level":"info","msg":"Success","time":"2025-04-08T17:49:50+08:00"}
{"event":"get a articleDTO by id","level":"info","msg":"Success","time":"2025-04-08T17:49:50+08:00"}
{"event":"get get articleCategoryList by categoryId","level":"info","msg":"Success to get articleCategoryList by categoryId","time":"2025-04-08T17:49:50+08:00"}
{"event":"get a articleDTO by id","level":"info","msg":"Success","time":"2025-04-08T17:49:50+08:00"}
{"event":"get a articleDTO by id","level":"info","msg":"Success","time":"2025-04-08T17:49:50+08:00"}
{"event":"get get articleCategoryList by categoryId","level":"info","msg":"Success to get articleCategoryList by categoryId","time":"2025-04-08T17:49:50+08:00"}
{"event":"get a articleDTO by id","level":"info","msg":"Success","time":"2025-04-08T17:49:50+08:00"}
{"event":"get a articleDTO by id","level":"info","msg":"Success","time":"2025-04-08T17:49:50+08:00"}
{"event":"get a articleDTO by id","level":"info","msg":"Success","time":"2025-04-08T17:49:50+08:00"}
{"event":"get a articleDTO by id","level":"info","msg":"Success","time":"2025-04-08T17:49:50+08:00"}
{"event":"get a articleDTO by id","level":"info","msg":"Success","time":"2025-04-08T17:49:50+08:00"}
{"event":"get a articleDTOs by userId","level":"info","msg":"Success","time":"2025-04-08T17:49:52+08:00"}
{"event":"get a articleDTOs by userId","level":"info","msg":"Success","time":"2025-04-08T17:49:52+08:00"}
{"event":"get a articleDTOs by userId","level":"info","msg":"Success","time":"2025-04-08T17:50:19+08:00"}
{"event":"get a articleDTOs by userId","level":"info","msg":"Success","time":"2025-04-08T17:50:19+08:00"}
{"event":"get a articleDTOs by userId","level":"info","msg":"Success","time":"2025-04-08T17:50:34+08:00"}
{"event":"get a articleDTOs by userId","level":"info","msg":"Success","time":"2025-04-08T17:50:34+08:00"}
{"event":"get a articleDTOs by userId","level":"info","msg":"Success","time":"2025-04-08T17:50:40+08:00"}
{"event":"get a articleDTOs by userId","level":"info","msg":"Success","time":"2025-04-08T17:50:40+08:00"}
{"event":"get a articleDTOs by userId","level":"info","msg":"Success","time":"2025-04-08T17:50:42+08:00"}
{"event":"get a articleDTOs by userId","level":"info","msg":"Success","time":"2025-04-08T17:50:42+08:00"}
{"event":"get all categories","level":"info","msg":"Success to get all categories","time":"2025-04-08T17:51:04+08:00"}
{"event":"get all categories","level":"info","msg":"Success to get all categories","time":"2025-04-08T17:51:04+08:00"}
{"event":"get get articleCategoryList by categoryId","level":"info","msg":"Success to get articleCategoryList by categoryId","time":"2025-04-08T17:51:04+08:00"}
{"event":"get get articleCategoryList by categoryId","level":"info","msg":"Success to get articleCategoryList by categoryId","time":"2025-04-08T17:51:04+08:00"}
{"event":"get a articleDTO by id","level":"info","msg":"Success","time":"2025-04-08T17:51:04+08:00"}
{"event":"get a articleDTO by id","level":"info","msg":"Success","time":"2025-04-08T17:51:04+08:00"}
{"event":"get a articleDTO by id","level":"info","msg":"Success","time":"2025-04-08T17:51:04+08:00"}
{"event":"get a articleDTO by id","level":"info","msg":"Success","time":"2025-04-08T17:51:04+08:00"}
{"event":"get a articleDTO by id","level":"info","msg":"Success","time":"2025-04-08T17:51:04+08:00"}
{"event":"get get articleCategoryList by categoryId","level":"info","msg":"Success to get articleCategoryList by categoryId","time":"2025-04-08T17:51:04+08:00"}
{"event":"get a articleDTO by id","level":"info","msg":"Success","time":"2025-04-08T17:51:04+08:00"}
{"event":"get a articleDTO by id","level":"info","msg":"Success","time":"2025-04-08T17:51:04+08:00"}
{"event":"get a articleDTO by id","level":"info","msg":"Success","time":"2025-04-08T17:51:04+08:00"}
{"event":"get get articleCategoryList by categoryId","level":"info","msg":"Success to get articleCategoryList by categoryId","time":"2025-04-08T17:51:04+08:00"}
{"event":"get a articleDTO by id","level":"info","msg":"Success","time":"2025-04-08T17:51:04+08:00"}
{"event":"get get articleCategoryList by categoryId","level":"info","msg":"Success to get articleCategoryList by categoryId","time":"2025-04-08T17:51:04+08:00"}
{"event":"get a articleDTO by id","level":"info","msg":"Success","time":"2025-04-08T17:51:04+08:00"}
{"event":"get a articleDTO by id","level":"info","msg":"Success","time":"2025-04-08T17:51:04+08:00"}
{"event":"get a articleDTO by id","level":"info","msg":"Success","time":"2025-04-08T17:51:04+08:00"}
{"event":"get a articleDTO by id","level":"info","msg":"Success","time":"2025-04-08T17:51:04+08:00"}
{"event":"get a articleDTO by id","level":"info","msg":"Success","time":"2025-04-08T17:51:04+08:00"}
{"event":"get get articleCategoryList by categoryId","level":"info","msg":"Success to get articleCategoryList by categoryId","time":"2025-04-08T17:51:04+08:00"}
{"event":"get a articleDTO by id","level":"info","msg":"Success","time":"2025-04-08T17:51:04+08:00"}
{"event":"get a articleDTO by id","level":"info","msg":"Success","time":"2025-04-08T17:51:04+08:00"}
{"event":"get a articleDTO by id","level":"info","msg":"Success","time":"2025-04-08T17:51:04+08:00"}
{"event":"get a articleDTO by id","level":"info","msg":"Success","time":"2025-04-08T17:51:04+08:00"}
{"event":"get a articleDTOs by userId","level":"info","msg":"Success","time":"2025-04-08T17:51:25+08:00"}
{"event":"get a articleDTOs by userId","level":"info","msg":"Success","time":"2025-04-08T17:51:25+08:00"}
{"event":"get a articleDTOs by userId","level":"info","msg":"Success","time":"2025-04-08T17:52:36+08:00"}
{"event":"get a articleDTOs by userId","level":"info","msg":"Success","time":"2025-04-08T17:52:36+08:00"}
{"event":"get a articleDTOs by userId","level":"info","msg":"Success","time":"2025-04-08T17:52:39+08:00"}
{"event":"get a articleDTOs by userId","level":"info","msg":"Success","time":"2025-04-08T17:52:39+08:00"}
{"event":"get a articleDTOs by userId","level":"info","msg":"Success","time":"2025-04-08T17:59:06+08:00"}
{"event":"get a articleDTOs by userId","level":"info","msg":"Success","time":"2025-04-08T17:59:06+08:00"}
{"event":"get a article by id","level":"info","msg":"Success","time":"2025-04-08T17:59:07+08:00"}
{"event":"get a article by id","level":"info","msg":"Success","time":"2025-04-08T17:59:07+08:00"}
{"event":"get a article by id","level":"info","msg":"Success","time":"2025-04-08T17:59:35+08:00"}
{"event":"get a article by id","level":"info","msg":"Success","time":"2025-04-08T17:59:35+08:00"}
{"event":"get a articleDTOs by userId","level":"info","msg":"Success","time":"2025-04-08T18:01:09+08:00"}
{"event":"get a articleDTOs by userId","level":"info","msg":"Success","time":"2025-04-08T18:01:09+08:00"}
{"event":"get a articleDTOs by userId","level":"info","msg":"Success","time":"2025-04-08T18:01:16+08:00"}
{"event":"get a articleDTOs by userId","level":"info","msg":"Success","time":"2025-04-08T18:01:16+08:00"}
{"event":"get a articleDTOs by userId","level":"info","msg":"Success","time":"2025-04-08T18:01:21+08:00"}
{"event":"get a articleDTOs by userId","level":"info","msg":"Success","time":"2025-04-08T18:01:21+08:00"}
{"event":"get a article by id","level":"info","msg":"Success","time":"2025-04-08T18:01:23+08:00"}
{"event":"get a article by id","level":"info","msg":"Success","time":"2025-04-08T18:01:23+08:00"}
{"event":"get a articleDTOs by userId","level":"info","msg":"Success","time":"2025-04-08T18:01:25+08:00"}
{"event":"get a articleDTOs by userId","level":"info","msg":"Success","time":"2025-04-08T18:01:25+08:00"}
{"event":"get all categories","level":"info","msg":"Success to get all categories","time":"2025-04-08T18:01:59+08:00"}
{"event":"get all categories","level":"info","msg":"Success to get all categories","time":"2025-04-08T18:01:59+08:00"}
{"event":"get get articleCategoryList by categoryId","level":"info","msg":"Success to get articleCategoryList by categoryId","time":"2025-04-08T18:01:59+08:00"}
{"event":"get get articleCategoryList by categoryId","level":"info","msg":"Success to get articleCategoryList by categoryId","time":"2025-04-08T18:01:59+08:00"}
{"event":"get a articleDTO by id","level":"info","msg":"Success","time":"2025-04-08T18:01:59+08:00"}
{"event":"get a articleDTO by id","level":"info","msg":"Success","time":"2025-04-08T18:01:59+08:00"}
{"event":"get a articleDTO by id","level":"info","msg":"Success","time":"2025-04-08T18:01:59+08:00"}
{"event":"get a articleDTO by id","level":"info","msg":"Success","time":"2025-04-08T18:01:59+08:00"}
{"event":"get a articleDTO by id","level":"info","msg":"Success","time":"2025-04-08T18:01:59+08:00"}
{"event":"get a articleDTO by id","level":"info","msg":"Success","time":"2025-04-08T18:01:59+08:00"}
{"event":"get get articleCategoryList by categoryId","level":"info","msg":"Success to get articleCategoryList by categoryId","time":"2025-04-08T18:01:59+08:00"}
{"event":"get a articleDTO by id","level":"info","msg":"Success","time":"2025-04-08T18:01:59+08:00"}
{"event":"get a articleDTO by id","level":"info","msg":"Success","time":"2025-04-08T18:01:59+08:00"}
{"event":"get get articleCategoryList by categoryId","level":"info","msg":"Success to get articleCategoryList by categoryId","time":"2025-04-08T18:01:59+08:00"}
{"event":"get a articleDTO by id","level":"info","msg":"Success","time":"2025-04-08T18:01:59+08:00"}
{"event":"get get articleCategoryList by categoryId","level":"info","msg":"Success to get articleCategoryList by categoryId","time":"2025-04-08T18:01:59+08:00"}
{"event":"get a articleDTO by id","level":"info","msg":"Success","time":"2025-04-08T18:01:59+08:00"}
{"event":"get a articleDTO by id","level":"info","msg":"Success","time":"2025-04-08T18:01:59+08:00"}
{"event":"get a articleDTO by id","level":"info","msg":"Success","time":"2025-04-08T18:01:59+08:00"}
{"event":"get a articleDTO by id","level":"info","msg":"Success","time":"2025-04-08T18:01:59+08:00"}
{"event":"get a articleDTO by id","level":"info","msg":"Success","time":"2025-04-08T18:01:59+08:00"}
{"event":"get get articleCategoryList by categoryId","level":"info","msg":"Success to get articleCategoryList by categoryId","time":"2025-04-08T18:01:59+08:00"}
{"event":"get a articleDTO by id","level":"info","msg":"Success","time":"2025-04-08T18:01:59+08:00"}
{"event":"get a articleDTO by id","level":"info","msg":"Success","time":"2025-04-08T18:01:59+08:00"}
{"event":"get a articleDTO by id","level":"info","msg":"Success","time":"2025-04-08T18:01:59+08:00"}
{"event":"get a articleDTO by id","level":"info","msg":"Success","time":"2025-04-08T18:01:59+08:00"}
{"event":"get a articleDTOs by userId","level":"info","msg":"Success","time":"2025-04-08T18:02:00+08:00"}
{"event":"get a articleDTOs by userId","level":"info","msg":"Success","time":"2025-04-08T18:02:00+08:00"}
{"event":"get a article by id","level":"info","msg":"Success","time":"2025-04-08T18:02:03+08:00"}
{"event":"get a article by id","level":"info","msg":"Success","time":"2025-04-08T18:02:03+08:00"}
{"event":"get a articleDTOs by userId","level":"info","msg":"Success","time":"2025-04-08T18:02:08+08:00"}
{"event":"get a articleDTOs by userId","level":"info","msg":"Success","time":"2025-04-08T18:02:08+08:00"}
{"event":"get a articleDTOs by userId","level":"info","msg":"Success","time":"2025-04-08T18:03:04+08:00"}
{"event":"get a articleDTOs by userId","level":"info","msg":"Success","time":"2025-04-08T18:03:04+08:00"}
{"event":"get a article by id","level":"info","msg":"Success","time":"2025-04-08T18:03:05+08:00"}
{"event":"get a article by id","level":"info","msg":"Success","time":"2025-04-08T18:03:05+08:00"}
{"event":"get a article by id","level":"info","msg":"Success","time":"2025-04-08T18:03:11+08:00"}
{"event":"get a article by id","level":"info","msg":"Success","time":"2025-04-08T18:03:11+08:00"}
{"event":"get a article by id","level":"info","msg":"Success","time":"2025-04-08T18:03:35+08:00"}
{"event":"get a article by id","level":"info","msg":"Success","time":"2025-04-08T18:03:35+08:00"}
{"event":"get a articleDTOs by userId","level":"info","msg":"Success","time":"2025-04-08T18:03:40+08:00"}
{"event":"get a articleDTOs by userId","level":"info","msg":"Success","time":"2025-04-08T18:03:40+08:00"}
{"event":"get a article by id","level":"info","msg":"Success","time":"2025-04-08T18:03:42+08:00"}
{"event":"get a article by id","level":"info","msg":"Success","time":"2025-04-08T18:03:42+08:00"}
{"event":"get a articleDTOs by userId","level":"info","msg":"Success","time":"2025-04-08T18:04:54+08:00"}
{"event":"get a articleDTOs by userId","level":"info","msg":"Success","time":"2025-04-08T18:04:54+08:00"}
{"event":"get a article by id","level":"info","msg":"Success","time":"2025-04-08T18:04:55+08:00"}
{"event":"get a article by id","level":"info","msg":"Success","time":"2025-04-08T18:04:55+08:00"}
{"event":"get a article by id","level":"info","msg":"Success","time":"2025-04-08T18:05:12+08:00"}
{"event":"get a article by id","level":"info","msg":"Success","time":"2025-04-08T18:05:12+08:00"}
{"event":"get a article by id","level":"info","msg":"Success","time":"2025-04-08T18:05:34+08:00"}
{"event":"get a article by id","level":"info","msg":"Success","time":"2025-04-08T18:05:34+08:00"}
{"event":"get a article by id","level":"info","msg":"Success","time":"2025-04-08T18:05:54+08:00"}
{"event":"get a article by id","level":"info","msg":"Success","time":"2025-04-08T18:05:54+08:00"}
{"event":"get a article by id","level":"info","msg":"Success","time":"2025-04-08T18:06:46+08:00"}
{"event":"get a article by id","level":"info","msg":"Success","time":"2025-04-08T18:06:46+08:00"}
{"event":"get a article by id","level":"info","msg":"Success","time":"2025-04-08T18:19:31+08:00"}
{"event":"get a article by id","level":"info","msg":"Success","time":"2025-04-08T18:19:31+08:00"}
{"event":"get a article by id","level":"info","msg":"Success","time":"2025-04-08T18:25:42+08:00"}
{"event":"get a article by id","level":"info","msg":"Success","time":"2025-04-08T18:25:42+08:00"}
{"event":"get a article by id","level":"info","msg":"Success","time":"2025-04-08T18:26:28+08:00"}
{"event":"get a article by id","level":"info","msg":"Success","time":"2025-04-08T18:26:28+08:00"}
{"event":"get a article by id","level":"info","msg":"Success","time":"2025-04-08T18:30:13+08:00"}
{"event":"get a article by id","level":"info","msg":"Success","time":"2025-04-08T18:30:13+08:00"}
{"event":"get a article by id","level":"info","msg":"Success","time":"2025-04-08T18:30:22+08:00"}
{"event":"get a article by id","level":"info","msg":"Success","time":"2025-04-08T18:30:22+08:00"}
{"event":"get a article by id","level":"info","msg":"Success","time":"2025-04-08T18:30:32+08:00"}
{"event":"get a article by id","level":"info","msg":"Success","time":"2025-04-08T18:30:32+08:00"}
{"event":"get a article by id","level":"info","msg":"Success","time":"2025-04-08T18:39:53+08:00"}
{"event":"get a article by id","level":"info","msg":"Success","time":"2025-04-08T18:40:05+08:00"}
{"event":"get a article by id","level":"info","msg":"Success","time":"2025-04-08T18:40:05+08:00"}
{"event":"get a article by id","level":"info","msg":"Success","time":"2025-04-08T18:40:40+08:00"}
{"event":"get a article by id","level":"info","msg":"Success","time":"2025-04-08T18:41:32+08:00"}
{"event":"get a article by id","level":"info","msg":"Success","time":"2025-04-08T18:41:32+08:00"}
{"event":"get all categories","level":"info","msg":"Success to get all categories","time":"2025-04-08T18:41:50+08:00"}
{"event":"get all categories","level":"info","msg":"Success to get all categories","time":"2025-04-08T18:41:50+08:00"}
{"event":"get get articleCategoryList by categoryId","level":"info","msg":"Success to get articleCategoryList by categoryId","time":"2025-04-08T18:41:50+08:00"}
{"event":"get get articleCategoryList by categoryId","level":"info","msg":"Success to get articleCategoryList by categoryId","time":"2025-04-08T18:41:50+08:00"}
{"event":"get a articleDTO by id","level":"info","msg":"Success","time":"2025-04-08T18:41:50+08:00"}
{"event":"get a articleDTO by id","level":"info","msg":"Success","time":"2025-04-08T18:41:50+08:00"}
{"event":"get a articleDTO by id","level":"info","msg":"Success","time":"2025-04-08T18:41:50+08:00"}
{"event":"get a articleDTO by id","level":"info","msg":"Success","time":"2025-04-08T18:41:50+08:00"}
{"event":"get a articleDTO by id","level":"info","msg":"Success","time":"2025-04-08T18:41:50+08:00"}
{"event":"get a articleDTO by id","level":"info","msg":"Success","time":"2025-04-08T18:41:50+08:00"}
{"event":"get get articleCategoryList by categoryId","level":"info","msg":"Success to get articleCategoryList by categoryId","time":"2025-04-08T18:41:50+08:00"}
{"event":"get a articleDTO by id","level":"info","msg":"Success","time":"2025-04-08T18:41:50+08:00"}
{"event":"get get articleCategoryList by categoryId","level":"info","msg":"Success to get articleCategoryList by categoryId","time":"2025-04-08T18:41:50+08:00"}
{"event":"get a articleDTO by id","level":"info","msg":"Success","time":"2025-04-08T18:41:50+08:00"}
{"event":"get a articleDTO by id","level":"info","msg":"Success","time":"2025-04-08T18:41:50+08:00"}
{"event":"get a articleDTO by id","level":"info","msg":"Success","time":"2025-04-08T18:41:50+08:00"}
{"event":"get get articleCategoryList by categoryId","level":"info","msg":"Success to get articleCategoryList by categoryId","time":"2025-04-08T18:41:50+08:00"}
{"event":"get a articleDTO by id","level":"info","msg":"Success","time":"2025-04-08T18:41:50+08:00"}
{"event":"get a articleDTO by id","level":"info","msg":"Success","time":"2025-04-08T18:41:50+08:00"}
{"event":"get a articleDTO by id","level":"info","msg":"Success","time":"2025-04-08T18:41:50+08:00"}
{"event":"get a articleDTO by id","level":"info","msg":"Success","time":"2025-04-08T18:41:50+08:00"}
{"event":"get get articleCategoryList by categoryId","level":"info","msg":"Success to get articleCategoryList by categoryId","time":"2025-04-08T18:41:50+08:00"}
{"event":"get a articleDTO by id","level":"info","msg":"Success","time":"2025-04-08T18:41:50+08:00"}
{"event":"get a articleDTO by id","level":"info","msg":"Success","time":"2025-04-08T18:41:50+08:00"}
{"event":"get a articleDTO by id","level":"info","msg":"Success","time":"2025-04-08T18:41:50+08:00"}
{"event":"get a articleDTO by id","level":"info","msg":"Success","time":"2025-04-08T18:41:50+08:00"}
{"event":"get a articleDTOs by userId","level":"info","msg":"Success","time":"2025-04-08T18:42:44+08:00"}
{"event":"get a articleDTOs by userId","level":"info","msg":"Success","time":"2025-04-08T18:42:44+08:00"}
{"event":"get a article by id","level":"info","msg":"Success","time":"2025-04-08T18:42:46+08:00"}
{"event":"get a article by id","level":"info","msg":"Success","time":"2025-04-08T18:42:46+08:00"}
{"event":"get a article by id","level":"info","msg":"Success","time":"2025-04-08T18:43:24+08:00"}
{"event":"get a article by id","level":"info","msg":"Success","time":"2025-04-08T18:43:24+08:00"}
{"event":"get a article by id","level":"info","msg":"Success","time":"2025-04-08T19:28:09+08:00"}
{"event":"get a article by id","level":"info","msg":"Success","time":"2025-04-08T19:28:14+08:00"}
{"event":"get a article by id","level":"info","msg":"Success","time":"2025-04-08T19:28:14+08:00"}
{"event":"get a articleDTOs by userId","level":"info","msg":"Success","time":"2025-04-08T19:29:08+08:00"}
{"event":"get a articleDTOs by userId","level":"info","msg":"Success","time":"2025-04-08T19:29:08+08:00"}
{"event":"get a articleDTOs by userId","level":"info","msg":"Success","time":"2025-04-08T19:29:12+08:00"}
{"event":"get a articleDTOs by userId","level":"info","msg":"Success","time":"2025-04-08T19:29:12+08:00"}
{"event":"get a article by id","level":"info","msg":"Success","time":"2025-04-09T15:04:13+08:00"}
{"event":"get a article by id","level":"info","msg":"Success","time":"2025-04-09T15:04:49+08:00"}
{"event":"get a article by id","level":"info","msg":"Success","time":"2025-04-09T15:04:49+08:00"}
{"event":"get all categories","level":"info","msg":"Success to get all categories","time":"2025-04-09T15:04:49+08:00"}
{"event":"get all categories","level":"info","msg":"Success to get all categories","time":"2025-04-09T15:04:49+08:00"}
{"event":"get get articleCategoryList by categoryId","level":"info","msg":"Success to get articleCategoryList by categoryId","time":"2025-04-09T15:04:49+08:00"}
{"event":"get get articleCategoryList by categoryId","level":"info","msg":"Success to get articleCategoryList by categoryId","time":"2025-04-09T15:04:49+08:00"}
{"event":"get a articleDTO by id","level":"info","msg":"Success","time":"2025-04-09T15:04:49+08:00"}
{"event":"get a articleDTO by id","level":"info","msg":"Success","time":"2025-04-09T15:04:49+08:00"}
{"event":"get a articleDTO by id","level":"info","msg":"Success","time":"2025-04-09T15:04:49+08:00"}
{"event":"get a articleDTO by id","level":"info","msg":"Success","time":"2025-04-09T15:04:49+08:00"}
{"event":"get a articleDTO by id","level":"info","msg":"Success","time":"2025-04-09T15:04:49+08:00"}
{"event":"get a articleDTO by id","level":"info","msg":"Success","time":"2025-04-09T15:04:49+08:00"}
{"event":"get get articleCategoryList by categoryId","level":"info","msg":"Success to get articleCategoryList by categoryId","time":"2025-04-09T15:04:49+08:00"}
{"event":"get get articleCategoryList by categoryId","level":"info","msg":"Success to get articleCategoryList by categoryId","time":"2025-04-09T15:04:49+08:00"}
{"event":"get a articleDTO by id","level":"info","msg":"Success","time":"2025-04-09T15:04:49+08:00"}
{"event":"get a articleDTO by id","level":"info","msg":"Success","time":"2025-04-09T15:04:49+08:00"}
{"event":"get a articleDTO by id","level":"info","msg":"Success","time":"2025-04-09T15:04:49+08:00"}
{"event":"get get articleCategoryList by categoryId","level":"info","msg":"Success to get articleCategoryList by categoryId","time":"2025-04-09T15:04:49+08:00"}
{"event":"get a articleDTO by id","level":"info","msg":"Success","time":"2025-04-09T15:04:49+08:00"}
{"event":"get a articleDTO by id","level":"info","msg":"Success","time":"2025-04-09T15:04:49+08:00"}
{"event":"get a articleDTO by id","level":"info","msg":"Success","time":"2025-04-09T15:04:49+08:00"}
{"event":"get a articleDTO by id","level":"info","msg":"Success","time":"2025-04-09T15:04:49+08:00"}
{"event":"get a articleDTO by id","level":"info","msg":"Success","time":"2025-04-09T15:04:49+08:00"}
{"event":"get get articleCategoryList by categoryId","level":"info","msg":"Success to get articleCategoryList by categoryId","time":"2025-04-09T15:04:49+08:00"}
{"event":"get a articleDTO by id","level":"info","msg":"Success","time":"2025-04-09T15:04:49+08:00"}
{"event":"get a articleDTO by id","level":"info","msg":"Success","time":"2025-04-09T15:04:49+08:00"}
{"event":"get a articleDTO by id","level":"info","msg":"Success","time":"2025-04-09T15:04:49+08:00"}
{"event":"get a articleDTO by id","level":"info","msg":"Success","time":"2025-04-09T15:04:49+08:00"}
{"event":"get a articleDTOs by userId","level":"info","msg":"Success","time":"2025-04-09T15:04:50+08:00"}
{"event":"get a articleDTOs by userId","level":"info","msg":"Success","time":"2025-04-09T15:04:50+08:00"}
{"event":"get a article by id","level":"info","msg":"Success","time":"2025-04-09T15:04:52+08:00"}
{"event":"get a article by id","level":"info","msg":"Success","time":"2025-04-09T15:04:52+08:00"}
{"event":"get a articleDTOs by userId","level":"info","msg":"Success","time":"2025-04-09T15:04:54+08:00"}
{"event":"get a articleDTOs by userId","level":"info","msg":"Success","time":"2025-04-09T15:04:54+08:00"}
{"event":"get all categories","level":"info","msg":"Success to get all categories","time":"2025-04-09T15:04:56+08:00"}
{"event":"get all categories","level":"info","msg":"Success to get all categories","time":"2025-04-09T15:04:56+08:00"}
{"event":"get get articleCategoryList by categoryId","level":"info","msg":"Success to get articleCategoryList by categoryId","time":"2025-04-09T15:04:56+08:00"}
{"event":"get get articleCategoryList by categoryId","level":"info","msg":"Success to get articleCategoryList by categoryId","time":"2025-04-09T15:04:56+08:00"}
{"event":"get a articleDTO by id","level":"info","msg":"Success","time":"2025-04-09T15:04:56+08:00"}
{"event":"get a articleDTO by id","level":"info","msg":"Success","time":"2025-04-09T15:04:56+08:00"}
{"event":"get a articleDTO by id","level":"info","msg":"Success","time":"2025-04-09T15:04:56+08:00"}
{"event":"get a articleDTO by id","level":"info","msg":"Success","time":"2025-04-09T15:04:56+08:00"}
{"event":"get a articleDTO by id","level":"info","msg":"Success","time":"2025-04-09T15:04:56+08:00"}
{"event":"get get articleCategoryList by categoryId","level":"info","msg":"Success to get articleCategoryList by categoryId","time":"2025-04-09T15:04:56+08:00"}
{"event":"get a articleDTO by id","level":"info","msg":"Success","time":"2025-04-09T15:04:56+08:00"}
{"event":"get a articleDTO by id","level":"info","msg":"Success","time":"2025-04-09T15:04:56+08:00"}
{"event":"get a articleDTO by id","level":"info","msg":"Success","time":"2025-04-09T15:04:56+08:00"}
{"event":"get get articleCategoryList by categoryId","level":"info","msg":"Success to get articleCategoryList by categoryId","time":"2025-04-09T15:04:56+08:00"}
{"event":"get a articleDTO by id","level":"info","msg":"Success","time":"2025-04-09T15:04:56+08:00"}
{"event":"get a articleDTO by id","level":"info","msg":"Success","time":"2025-04-09T15:04:56+08:00"}
{"event":"get a articleDTO by id","level":"info","msg":"Success","time":"2025-04-09T15:04:56+08:00"}
{"event":"get a articleDTO by id","level":"info","msg":"Success","time":"2025-04-09T15:04:56+08:00"}
{"event":"get a article by id","level":"info","msg":"Success","time":"2025-04-09T15:05:08+08:00"}
{"event":"get a article by id","level":"info","msg":"Success","time":"2025-04-09T15:05:08+08:00"}
{"event":"get all categories","level":"info","msg":"Success to get all categories","time":"2025-04-09T15:05:08+08:00"}
{"event":"get all categories","level":"info","msg":"Success to get all categories","time":"2025-04-09T15:05:08+08:00"}
{"event":"get get articleCategoryList by categoryId","level":"info","msg":"Success to get articleCategoryList by categoryId","time":"2025-04-09T15:05:08+08:00"}
{"event":"get get articleCategoryList by categoryId","level":"info","msg":"Success to get articleCategoryList by categoryId","time":"2025-04-09T15:05:08+08:00"}
{"event":"get a articleDTO by id","level":"info","msg":"Success","time":"2025-04-09T15:05:08+08:00"}
{"event":"get a articleDTO by id","level":"info","msg":"Success","time":"2025-04-09T15:05:08+08:00"}
{"event":"get a articleDTO by id","level":"info","msg":"Success","time":"2025-04-09T15:05:08+08:00"}
{"event":"get a articleDTO by id","level":"info","msg":"Success","time":"2025-04-09T15:05:08+08:00"}
{"event":"get a articleDTO by id","level":"info","msg":"Success","time":"2025-04-09T15:05:08+08:00"}
{"event":"get a articleDTO by id","level":"info","msg":"Success","time":"2025-04-09T15:05:08+08:00"}
{"event":"get get articleCategoryList by categoryId","level":"info","msg":"Success to get articleCategoryList by categoryId","time":"2025-04-09T15:05:08+08:00"}
{"event":"get get articleCategoryList by categoryId","level":"info","msg":"Success to get articleCategoryList by categoryId","time":"2025-04-09T15:05:08+08:00"}
{"event":"get a articleDTO by id","level":"info","msg":"Success","time":"2025-04-09T15:05:08+08:00"}
{"event":"get a articleDTO by id","level":"info","msg":"Success","time":"2025-04-09T15:05:08+08:00"}
{"event":"get a articleDTO by id","level":"info","msg":"Success","time":"2025-04-09T15:05:08+08:00"}
{"event":"get a articleDTO by id","level":"info","msg":"Success","time":"2025-04-09T15:05:08+08:00"}
{"event":"get a articleDTO by id","level":"info","msg":"Success","time":"2025-04-09T15:05:08+08:00"}
{"event":"get a articleDTO by id","level":"info","msg":"Success","time":"2025-04-09T15:05:08+08:00"}
{"event":"get a article by id","level":"info","msg":"Success","time":"2025-04-09T15:06:05+08:00"}
{"event":"get a article by id","level":"info","msg":"Success","time":"2025-04-09T15:06:06+08:00"}
{"event":"get all categories","level":"info","msg":"Success to get all categories","time":"2025-04-09T15:06:06+08:00"}
{"event":"get all categories","level":"info","msg":"Success to get all categories","time":"2025-04-09T15:06:06+08:00"}
{"event":"get get articleCategoryList by categoryId","level":"info","msg":"Success to get articleCategoryList by categoryId","time":"2025-04-09T15:06:06+08:00"}
{"event":"get get articleCategoryList by categoryId","level":"info","msg":"Success to get articleCategoryList by categoryId","time":"2025-04-09T15:06:06+08:00"}
{"event":"get a articleDTO by id","level":"info","msg":"Success","time":"2025-04-09T15:06:06+08:00"}
{"event":"get a articleDTO by id","level":"info","msg":"Success","time":"2025-04-09T15:06:06+08:00"}
{"event":"get a articleDTO by id","level":"info","msg":"Success","time":"2025-04-09T15:06:06+08:00"}
{"event":"get a articleDTO by id","level":"info","msg":"Success","time":"2025-04-09T15:06:06+08:00"}
{"event":"get a articleDTO by id","level":"info","msg":"Success","time":"2025-04-09T15:06:06+08:00"}
{"event":"get a articleDTO by id","level":"info","msg":"Success","time":"2025-04-09T15:06:06+08:00"}
{"event":"get get articleCategoryList by categoryId","level":"info","msg":"Success to get articleCategoryList by categoryId","time":"2025-04-09T15:06:06+08:00"}
{"event":"get a articleDTO by id","level":"info","msg":"Success","time":"2025-04-09T15:06:06+08:00"}
{"event":"get get articleCategoryList by categoryId","level":"info","msg":"Success to get articleCategoryList by categoryId","time":"2025-04-09T15:06:06+08:00"}
{"event":"get a articleDTO by id","level":"info","msg":"Success","time":"2025-04-09T15:06:06+08:00"}
{"event":"get a articleDTO by id","level":"info","msg":"Success","time":"2025-04-09T15:06:06+08:00"}
{"event":"get a articleDTO by id","level":"info","msg":"Success","time":"2025-04-09T15:06:06+08:00"}
{"event":"get a articleDTO by id","level":"info","msg":"Success","time":"2025-04-09T15:06:06+08:00"}
{"event":"get get articleCategoryList by categoryId","level":"info","msg":"Success to get articleCategoryList by categoryId","time":"2025-04-09T15:06:06+08:00"}
{"event":"get a articleDTO by id","level":"info","msg":"Success","time":"2025-04-09T15:06:06+08:00"}
{"event":"get a articleDTO by id","level":"info","msg":"Success","time":"2025-04-09T15:06:06+08:00"}
{"event":"get a articleDTO by id","level":"info","msg":"Success","time":"2025-04-09T15:06:06+08:00"}
{"event":"get get articleCategoryList by categoryId","level":"info","msg":"Success to get articleCategoryList by categoryId","time":"2025-04-09T15:06:06+08:00"}
{"event":"get a articleDTO by id","level":"info","msg":"Success","time":"2025-04-09T15:06:06+08:00"}
{"event":"get a articleDTO by id","level":"info","msg":"Success","time":"2025-04-09T15:06:06+08:00"}
{"event":"get a articleDTO by id","level":"info","msg":"Success","time":"2025-04-09T15:06:06+08:00"}
{"event":"get a articleDTO by id","level":"info","msg":"Success","time":"2025-04-09T15:06:06+08:00"}
{"event":"get a articleDTOs by userId","level":"info","msg":"Success","time":"2025-04-09T15:06:10+08:00"}
{"event":"get a articleDTOs by userId","level":"info","msg":"Success","time":"2025-04-09T15:06:10+08:00"}
{"event":"get a article by id","level":"info","msg":"Success","time":"2025-04-09T15:06:12+08:00"}
{"event":"get a article by id","level":"info","msg":"Success","time":"2025-04-09T15:06:12+08:00"}
{"event":"get a article by id","level":"info","msg":"Success","time":"2025-04-09T15:06:39+08:00"}
{"event":"get a article by id","level":"info","msg":"Success","time":"2025-04-09T15:15:10+08:00"}
{"event":"get a article by id","level":"info","msg":"Success","time":"2025-04-09T15:16:56+08:00"}
{"event":"get a article by id","level":"info","msg":"Success","time":"2025-04-09T15:17:10+08:00"}
{"event":"get all categories","level":"info","msg":"Success to get all categories","time":"2025-04-09T15:27:20+08:00"}
{"event":"get all categories","level":"info","msg":"Success to get all categories","time":"2025-04-09T15:27:20+08:00"}
{"event":"get a article by id","level":"info","msg":"Success","time":"2025-04-09T15:27:20+08:00"}
{"event":"get a article by id","level":"info","msg":"Success","time":"2025-04-09T15:27:20+08:00"}
{"event":"get get articleCategoryList by categoryId","level":"info","msg":"Success to get articleCategoryList by categoryId","time":"2025-04-09T15:27:20+08:00"}
{"event":"get a articleDTO by id","level":"info","msg":"Success","time":"2025-04-09T15:27:20+08:00"}
{"event":"get a articleDTO by id","level":"info","msg":"Success","time":"2025-04-09T15:27:20+08:00"}
{"event":"get a articleDTO by id","level":"info","msg":"Success","time":"2025-04-09T15:27:20+08:00"}
{"event":"get a articleDTO by id","level":"info","msg":"Success","time":"2025-04-09T15:27:20+08:00"}
{"event":"get get articleCategoryList by categoryId","level":"info","msg":"Success to get articleCategoryList by categoryId","time":"2025-04-09T15:27:20+08:00"}
{"event":"get get articleCategoryList by categoryId","level":"info","msg":"Success to get articleCategoryList by categoryId","time":"2025-04-09T15:27:20+08:00"}
{"event":"get a articleDTO by id","level":"info","msg":"Success","time":"2025-04-09T15:27:20+08:00"}
{"event":"get a articleDTO by id","level":"info","msg":"Success","time":"2025-04-09T15:27:20+08:00"}
{"event":"get a articleDTO by id","level":"info","msg":"Success","time":"2025-04-09T15:27:20+08:00"}
{"event":"get a articleDTO by id","level":"info","msg":"Success","time":"2025-04-09T15:27:20+08:00"}
{"event":"get a articleDTO by id","level":"info","msg":"Success","time":"2025-04-09T15:27:20+08:00"}
{"event":"get a articleDTO by id","level":"info","msg":"Success","time":"2025-04-09T15:27:20+08:00"}
{"event":"get get articleCategoryList by categoryId","level":"info","msg":"Success to get articleCategoryList by categoryId","time":"2025-04-09T15:27:20+08:00"}
{"event":"get get articleCategoryList by categoryId","level":"info","msg":"Success to get articleCategoryList by categoryId","time":"2025-04-09T15:27:20+08:00"}
{"event":"get a articleDTO by id","level":"info","msg":"Success","time":"2025-04-09T15:27:20+08:00"}
{"event":"get a articleDTO by id","level":"info","msg":"Success","time":"2025-04-09T15:27:20+08:00"}
{"event":"get a articleDTO by id","level":"info","msg":"Success","time":"2025-04-09T15:27:20+08:00"}
{"event":"get a articleDTO by id","level":"info","msg":"Success","time":"2025-04-09T15:27:20+08:00"}
{"event":"get a articleDTO by id","level":"info","msg":"Success","time":"2025-04-09T15:27:20+08:00"}
{"event":"get a articleDTO by id","level":"info","msg":"Success","time":"2025-04-09T15:27:20+08:00"}
{"event":"get get articleCategoryList by categoryId","level":"info","msg":"Success to get articleCategoryList by categoryId","time":"2025-04-09T15:27:20+08:00"}
{"event":"get a articleDTO by id","level":"info","msg":"Success","time":"2025-04-09T15:27:20+08:00"}
{"event":"get a articleDTO by id","level":"info","msg":"Success","time":"2025-04-09T15:27:20+08:00"}
{"event":"get a articleDTOs by userId","level":"info","msg":"Success","time":"2025-04-09T15:27:23+08:00"}
{"event":"get a articleDTOs by userId","level":"info","msg":"Success","time":"2025-04-09T15:27:23+08:00"}
{"event":"get a article by id","level":"info","msg":"Success","time":"2025-04-09T15:27:24+08:00"}
{"event":"get a article by id","level":"info","msg":"Success","time":"2025-04-09T15:27:24+08:00"}
{"event":"get a article by id","level":"info","msg":"Success","time":"2025-04-09T15:27:28+08:00"}
{"event":"get all categories","level":"info","msg":"Success to get all categories","time":"2025-04-09T15:27:28+08:00"}
{"event":"get a article by id","level":"info","msg":"Success","time":"2025-04-09T15:27:28+08:00"}
{"event":"get all categories","level":"info","msg":"Success to get all categories","time":"2025-04-09T15:27:28+08:00"}
{"event":"get get articleCategoryList by categoryId","level":"info","msg":"Success to get articleCategoryList by categoryId","time":"2025-04-09T15:27:28+08:00"}
{"event":"get get articleCategoryList by categoryId","level":"info","msg":"Success to get articleCategoryList by categoryId","time":"2025-04-09T15:27:28+08:00"}
{"event":"get a articleDTO by id","level":"info","msg":"Success","time":"2025-04-09T15:27:28+08:00"}
{"event":"get a articleDTO by id","level":"info","msg":"Success","time":"2025-04-09T15:27:28+08:00"}
{"event":"get a articleDTO by id","level":"info","msg":"Success","time":"2025-04-09T15:27:28+08:00"}
{"event":"get a articleDTO by id","level":"info","msg":"Success","time":"2025-04-09T15:27:28+08:00"}
{"event":"get a articleDTO by id","level":"info","msg":"Success","time":"2025-04-09T15:27:28+08:00"}
{"event":"get a articleDTO by id","level":"info","msg":"Success","time":"2025-04-09T15:27:28+08:00"}
{"event":"get get articleCategoryList by categoryId","level":"info","msg":"Success to get articleCategoryList by categoryId","time":"2025-04-09T15:27:28+08:00"}
{"event":"get get articleCategoryList by categoryId","level":"info","msg":"Success to get articleCategoryList by categoryId","time":"2025-04-09T15:27:28+08:00"}
{"event":"get a articleDTO by id","level":"info","msg":"Success","time":"2025-04-09T15:27:28+08:00"}
{"event":"get a articleDTO by id","level":"info","msg":"Success","time":"2025-04-09T15:27:28+08:00"}
{"event":"get a articleDTO by id","level":"info","msg":"Success","time":"2025-04-09T15:27:28+08:00"}
{"event":"get a articleDTO by id","level":"info","msg":"Success","time":"2025-04-09T15:27:28+08:00"}
{"event":"get a articleDTO by id","level":"info","msg":"Success","time":"2025-04-09T15:27:28+08:00"}
{"event":"get a articleDTO by id","level":"info","msg":"Success","time":"2025-04-09T15:27:28+08:00"}
{"event":"get a articleDTOs by userId","level":"info","msg":"Success","time":"2025-04-09T15:27:31+08:00"}
{"event":"get a articleDTOs by userId","level":"info","msg":"Success","time":"2025-04-09T15:27:31+08:00"}
{"event":"get a article by id","level":"info","msg":"Success","time":"2025-04-09T15:27:32+08:00"}
{"event":"get a article by id","level":"info","msg":"Success","time":"2025-04-09T15:27:32+08:00"}
{"event":"get a article by id","level":"info","msg":"Success","time":"2025-04-09T15:28:15+08:00"}
{"event":"get a article by id","level":"info","msg":"Success","time":"2025-04-09T15:28:24+08:00"}
{"event":"get a article by id","level":"info","msg":"Success","time":"2025-04-09T15:28:24+08:00"}
{"event":"get a article by id","level":"info","msg":"Success","time":"2025-04-09T15:29:04+08:00"}
{"event":"get a article by id","level":"info","msg":"Success","time":"2025-04-09T15:29:04+08:00"}
{"event":"get a article by id","level":"info","msg":"Success","time":"2025-04-09T15:43:38+08:00"}
{"event":"get a article by id","level":"info","msg":"Success","time":"2025-04-09T15:43:38+08:00"}
{"event":"get a article by id","level":"info","msg":"Success","time":"2025-04-09T15:44:04+08:00"}
{"event":"get a article by id","level":"info","msg":"Success","time":"2025-04-09T15:44:04+08:00"}
{"event":"get a article by id","level":"info","msg":"Success","time":"2025-04-09T15:44:59+08:00"}
{"event":"get a article by id","level":"info","msg":"Success","time":"2025-04-09T15:44:59+08:00"}
{"event":"get a article by id","level":"info","msg":"Success","time":"2025-04-09T15:45:28+08:00"}
{"event":"get a article by id","level":"info","msg":"Success","time":"2025-04-09T15:45:28+08:00"}
{"event":"get a article by id","level":"info","msg":"Success","time":"2025-04-09T15:45:56+08:00"}
{"event":"get a article by id","level":"info","msg":"Success","time":"2025-04-09T15:46:00+08:00"}
{"event":"get a article by id","level":"info","msg":"Success","time":"2025-04-09T15:46:03+08:00"}
{"event":"get a article by id","level":"info","msg":"Success","time":"2025-04-09T15:46:03+08:00"}
{"event":"get a article by id","level":"info","msg":"Success","time":"2025-04-09T15:49:05+08:00"}
{"event":"get a article by id","level":"info","msg":"Success","time":"2025-04-09T15:49:05+08:00"}
{"event":"get a article by id","level":"info","msg":"Success","time":"2025-04-09T15:49:37+08:00"}
{"event":"get a article by id","level":"info","msg":"Success","time":"2025-04-09T15:49:37+08:00"}
{"event":"get a article by id","level":"info","msg":"Success","time":"2025-04-09T15:57:16+08:00"}
{"event":"get a article by id","level":"info","msg":"Success","time":"2025-04-09T15:57:16+08:00"}
{"event":"get a article by id","level":"info","msg":"Success","time":"2025-04-09T16:12:07+08:00"}
{"event":"get a article by id","level":"info","msg":"Success","time":"2025-04-09T16:12:07+08:00"}
{"event":"get a article by id","level":"info","msg":"Success","time":"2025-04-09T16:13:07+08:00"}
{"event":"get a article by id","level":"info","msg":"Success","time":"2025-04-09T16:13:07+08:00"}
{"event":"get all categories","level":"info","msg":"Success to get all categories","time":"2025-04-09T18:54:31+08:00"}
{"event":"get all categories","level":"info","msg":"Success to get all categories","time":"2025-04-09T18:54:31+08:00"}
{"event":"get get articleCategoryList by categoryId","level":"info","msg":"Success to get articleCategoryList by categoryId","time":"2025-04-09T18:54:31+08:00"}
{"event":"get get articleCategoryList by categoryId","level":"info","msg":"Success to get articleCategoryList by categoryId","time":"2025-04-09T18:54:31+08:00"}
{"event":"get a articleDTO by id","level":"info","msg":"Success","time":"2025-04-09T18:54:31+08:00"}
{"event":"get a articleDTO by id","level":"info","msg":"Success","time":"2025-04-09T18:54:31+08:00"}
{"event":"get a articleDTO by id","level":"info","msg":"Success","time":"2025-04-09T18:54:31+08:00"}
{"event":"get a articleDTO by id","level":"info","msg":"Success","time":"2025-04-09T18:54:31+08:00"}
{"event":"get get articleCategoryList by categoryId","level":"info","msg":"Success to get articleCategoryList by categoryId","time":"2025-04-09T18:54:31+08:00"}
{"event":"get a articleDTO by id","level":"info","msg":"Success","time":"2025-04-09T18:54:31+08:00"}
{"event":"get a articleDTO by id","level":"info","msg":"Success","time":"2025-04-09T18:54:31+08:00"}
{"event":"get a articleDTO by id","level":"info","msg":"Success","time":"2025-04-09T18:54:31+08:00"}
{"event":"get a articleDTO by id","level":"info","msg":"Success","time":"2025-04-09T18:54:31+08:00"}
{"event":"get get articleCategoryList by categoryId","level":"info","msg":"Success to get articleCategoryList by categoryId","time":"2025-04-09T18:54:31+08:00"}
{"event":"get get articleCategoryList by categoryId","level":"info","msg":"Success to get articleCategoryList by categoryId","time":"2025-04-09T18:54:31+08:00"}
{"event":"get a articleDTO by id","level":"info","msg":"Success","time":"2025-04-09T18:54:31+08:00"}
{"event":"get a articleDTO by id","level":"info","msg":"Success","time":"2025-04-09T18:54:31+08:00"}
{"event":"get a articleDTO by id","level":"info","msg":"Success","time":"2025-04-09T18:54:31+08:00"}
{"event":"get a articleDTO by id","level":"info","msg":"Success","time":"2025-04-09T18:54:31+08:00"}
{"event":"get a articleDTO by id","level":"info","msg":"Success","time":"2025-04-09T18:54:31+08:00"}
{"event":"get a articleDTO by id","level":"info","msg":"Success","time":"2025-04-09T18:54:31+08:00"}
{"event":"get get articleCategoryList by categoryId","level":"info","msg":"Success to get articleCategoryList by categoryId","time":"2025-04-09T18:54:31+08:00"}
{"event":"get a articleDTO by id","level":"info","msg":"Success","time":"2025-04-09T18:54:31+08:00"}
{"event":"get a articleDTO by id","level":"info","msg":"Success","time":"2025-04-09T18:54:31+08:00"}
{"event":"get a articleDTO by id","level":"info","msg":"Success","time":"2025-04-09T18:54:31+08:00"}
{"event":"get a articleDTO by id","level":"info","msg":"Success","time":"2025-04-09T18:54:31+08:00"}
{"event":"get a articleDTOs by userId","level":"info","msg":"Success","time":"2025-04-09T18:54:33+08:00"}
{"event":"get a articleDTOs by userId","level":"info","msg":"Success","time":"2025-04-09T18:54:33+08:00"}
{"event":"get a articleDTOs by userId","level":"info","msg":"Success","time":"2025-04-09T18:54:37+08:00"}
{"event":"get a articleDTOs by userId","level":"info","msg":"Success","time":"2025-04-09T18:54:37+08:00"}
{"event":"get a article by id","level":"info","msg":"Success","time":"2025-04-09T18:54:39+08:00"}
{"event":"get a article by id","level":"info","msg":"Success","time":"2025-04-09T18:54:39+08:00"}
{"event":"get a articleDTOs by userId","level":"info","msg":"Success","time":"2025-04-09T18:54:43+08:00"}
{"event":"get a articleDTOs by userId","level":"info","msg":"Success","time":"2025-04-09T18:54:43+08:00"}
{"event":"get all categories","level":"info","msg":"Success to get all categories","time":"2025-04-09T18:54:46+08:00"}
{"event":"get all categories","level":"info","msg":"Success to get all categories","time":"2025-04-09T18:54:46+08:00"}
{"event":"get get articleCategoryList by categoryId","level":"info","msg":"Success to get articleCategoryList by categoryId","time":"2025-04-09T18:54:46+08:00"}
{"event":"get get articleCategoryList by categoryId","level":"info","msg":"Success to get articleCategoryList by categoryId","time":"2025-04-09T18:54:46+08:00"}
{"event":"get a articleDTO by id","level":"info","msg":"Success","time":"2025-04-09T18:54:46+08:00"}
{"event":"get a articleDTO by id","level":"info","msg":"Success","time":"2025-04-09T18:54:46+08:00"}
{"event":"get a articleDTO by id","level":"info","msg":"Success","time":"2025-04-09T18:54:46+08:00"}
{"event":"get a articleDTO by id","level":"info","msg":"Success","time":"2025-04-09T18:54:46+08:00"}
{"event":"get a articleDTO by id","level":"info","msg":"Success","time":"2025-04-09T18:54:46+08:00"}
{"event":"get a articleDTO by id","level":"info","msg":"Success","time":"2025-04-09T18:54:46+08:00"}
{"event":"get get articleCategoryList by categoryId","level":"info","msg":"Success to get articleCategoryList by categoryId","time":"2025-04-09T18:54:46+08:00"}
{"event":"get a articleDTO by id","level":"info","msg":"Success","time":"2025-04-09T18:54:46+08:00"}
{"event":"get get articleCategoryList by categoryId","level":"info","msg":"Success to get articleCategoryList by categoryId","time":"2025-04-09T18:54:46+08:00"}
{"event":"get a articleDTO by id","level":"info","msg":"Success","time":"2025-04-09T18:54:46+08:00"}
{"event":"get a articleDTO by id","level":"info","msg":"Success","time":"2025-04-09T18:54:46+08:00"}
{"event":"get a articleDTO by id","level":"info","msg":"Success","time":"2025-04-09T18:54:46+08:00"}
{"event":"get get articleCategoryList by categoryId","level":"info","msg":"Success to get articleCategoryList by categoryId","time":"2025-04-09T18:54:46+08:00"}
{"event":"get a articleDTO by id","level":"info","msg":"Success","time":"2025-04-09T18:54:46+08:00"}
{"event":"get a articleDTO by id","level":"info","msg":"Success","time":"2025-04-09T18:54:46+08:00"}
{"event":"get a articleDTO by id","level":"info","msg":"Success","time":"2025-04-09T18:54:46+08:00"}
{"event":"get a articleDTO by id","level":"info","msg":"Success","time":"2025-04-09T18:54:46+08:00"}
{"event":"get get articleCategoryList by categoryId","level":"info","msg":"Success to get articleCategoryList by categoryId","time":"2025-04-09T18:54:46+08:00"}
{"event":"get a articleDTO by id","level":"info","msg":"Success","time":"2025-04-09T18:54:46+08:00"}
{"event":"get a articleDTO by id","level":"info","msg":"Success","time":"2025-04-09T18:54:46+08:00"}
{"event":"get a articleDTO by id","level":"info","msg":"Success","time":"2025-04-09T18:54:46+08:00"}
{"event":"get a articleDTO by id","level":"info","msg":"Success","time":"2025-04-09T18:54:46+08:00"}
{"event":"get a article by id","level":"info","msg":"Success","time":"2025-04-09T18:54:48+08:00"}
{"event":"get a article by id","level":"info","msg":"Success","time":"2025-04-09T18:54:48+08:00"}
{"event":"get a article by id","level":"info","msg":"Success","time":"2025-04-09T18:55:09+08:00"}
{"event":"get a article by id","level":"info","msg":"Success","time":"2025-04-09T18:55:09+08:00"}
{"event":"get a article by id","level":"info","msg":"Success","time":"2025-04-09T18:57:16+08:00"}
{"event":"get a article by id","level":"info","msg":"Success","time":"2025-04-09T18:57:16+08:00"}
{"event":"get a article by id","level":"info","msg":"Success","time":"2025-04-09T18:59:38+08:00"}
{"event":"get a article by id","level":"info","msg":"Success","time":"2025-04-09T18:59:38+08:00"}
{"event":"get a article by id","level":"info","msg":"Success","time":"2025-04-09T19:03:02+08:00"}
{"event":"get a article by id","level":"info","msg":"Success","time":"2025-04-09T19:03:02+08:00"}
{"event":"get all categories","level":"info","msg":"Success to get all categories","time":"2025-04-09T19:08:20+08:00"}
{"event":"get all categories","level":"info","msg":"Success to get all categories","time":"2025-04-09T19:08:20+08:00"}
{"event":"get get articleCategoryList by categoryId","level":"info","msg":"Success to get articleCategoryList by categoryId","time":"2025-04-09T19:08:20+08:00"}
{"event":"get get articleCategoryList by categoryId","level":"info","msg":"Success to get articleCategoryList by categoryId","time":"2025-04-09T19:08:20+08:00"}
{"event":"get a articleDTO by id","level":"info","msg":"Success","time":"2025-04-09T19:08:20+08:00"}
{"event":"get a articleDTO by id","level":"info","msg":"Success","time":"2025-04-09T19:08:20+08:00"}
{"event":"get a articleDTO by id","level":"info","msg":"Success","time":"2025-04-09T19:08:20+08:00"}
{"event":"get a articleDTO by id","level":"info","msg":"Success","time":"2025-04-09T19:08:20+08:00"}
{"event":"get a articleDTO by id","level":"info","msg":"Success","time":"2025-04-09T19:08:20+08:00"}
{"event":"get a articleDTO by id","level":"info","msg":"Success","time":"2025-04-09T19:08:20+08:00"}
{"event":"get get articleCategoryList by categoryId","level":"info","msg":"Success to get articleCategoryList by categoryId","time":"2025-04-09T19:08:20+08:00"}
{"event":"get get articleCategoryList by categoryId","level":"info","msg":"Success to get articleCategoryList by categoryId","time":"2025-04-09T19:08:20+08:00"}
{"event":"get a articleDTO by id","level":"info","msg":"Success","time":"2025-04-09T19:08:20+08:00"}
{"event":"get a articleDTO by id","level":"info","msg":"Success","time":"2025-04-09T19:08:20+08:00"}
{"event":"get a articleDTO by id","level":"info","msg":"Success","time":"2025-04-09T19:08:20+08:00"}
{"event":"get a articleDTO by id","level":"info","msg":"Success","time":"2025-04-09T19:08:20+08:00"}
{"event":"get a articleDTO by id","level":"info","msg":"Success","time":"2025-04-09T19:08:20+08:00"}
{"event":"get a articleDTO by id","level":"info","msg":"Success","time":"2025-04-09T19:08:20+08:00"}
{"event":"get get articleCategoryList by categoryId","level":"info","msg":"Success to get articleCategoryList by categoryId","time":"2025-04-09T19:08:20+08:00"}
{"event":"get a articleDTO by id","level":"info","msg":"Success","time":"2025-04-09T19:08:20+08:00"}
{"event":"get get articleCategoryList by categoryId","level":"info","msg":"Success to get articleCategoryList by categoryId","time":"2025-04-09T19:08:20+08:00"}
{"event":"get a articleDTO by id","level":"info","msg":"Success","time":"2025-04-09T19:08:20+08:00"}
{"event":"get a articleDTO by id","level":"info","msg":"Success","time":"2025-04-09T19:08:20+08:00"}
{"event":"get a articleDTO by id","level":"info","msg":"Success","time":"2025-04-09T19:08:20+08:00"}
{"event":"get a articleDTO by id","level":"info","msg":"Success","time":"2025-04-09T19:08:20+08:00"}
{"event":"get a articleDTO by id","level":"info","msg":"Success","time":"2025-04-09T19:08:20+08:00"}
{"event":"get all categories","level":"info","msg":"Success to get all categories","time":"2025-04-09T19:08:21+08:00"}
{"event":"get all categories","level":"info","msg":"Success to get all categories","time":"2025-04-09T19:08:21+08:00"}
{"event":"get all categories","level":"info","msg":"Success to get all categories","time":"2025-04-09T19:08:22+08:00"}
{"event":"get all categories","level":"info","msg":"Success to get all categories","time":"2025-04-09T19:08:22+08:00"}
{"event":"get get articleCategoryList by categoryId","level":"info","msg":"Success to get articleCategoryList by categoryId","time":"2025-04-09T19:08:22+08:00"}
{"event":"get get articleCategoryList by categoryId","level":"info","msg":"Success to get articleCategoryList by categoryId","time":"2025-04-09T19:08:22+08:00"}
{"event":"get a articleDTO by id","level":"info","msg":"Success","time":"2025-04-09T19:08:22+08:00"}
{"event":"get a articleDTO by id","level":"info","msg":"Success","time":"2025-04-09T19:08:22+08:00"}
{"event":"get a articleDTO by id","level":"info","msg":"Success","time":"2025-04-09T19:08:22+08:00"}
{"event":"get a articleDTO by id","level":"info","msg":"Success","time":"2025-04-09T19:08:22+08:00"}
{"event":"get a articleDTO by id","level":"info","msg":"Success","time":"2025-04-09T19:08:22+08:00"}
{"event":"get a articleDTO by id","level":"info","msg":"Success","time":"2025-04-09T19:08:22+08:00"}
{"event":"get get articleCategoryList by categoryId","level":"info","msg":"Success to get articleCategoryList by categoryId","time":"2025-04-09T19:08:22+08:00"}
{"event":"get get articleCategoryList by categoryId","level":"info","msg":"Success to get articleCategoryList by categoryId","time":"2025-04-09T19:08:22+08:00"}
{"event":"get a articleDTO by id","level":"info","msg":"Success","time":"2025-04-09T19:08:22+08:00"}
{"event":"get a articleDTO by id","level":"info","msg":"Success","time":"2025-04-09T19:08:22+08:00"}
{"event":"get a articleDTO by id","level":"info","msg":"Success","time":"2025-04-09T19:08:22+08:00"}
{"event":"get a articleDTO by id","level":"info","msg":"Success","time":"2025-04-09T19:08:22+08:00"}
{"event":"get a articleDTO by id","level":"info","msg":"Success","time":"2025-04-09T19:08:22+08:00"}
{"event":"get get articleCategoryList by categoryId","level":"info","msg":"Success to get articleCategoryList by categoryId","time":"2025-04-09T19:08:22+08:00"}
{"event":"get a articleDTO by id","level":"info","msg":"Success","time":"2025-04-09T19:08:22+08:00"}
{"event":"get a articleDTO by id","level":"info","msg":"Success","time":"2025-04-09T19:08:22+08:00"}
{"event":"get get articleCategoryList by categoryId","level":"info","msg":"Success to get articleCategoryList by categoryId","time":"2025-04-09T19:08:22+08:00"}
{"event":"get a articleDTO by id","level":"info","msg":"Success","time":"2025-04-09T19:08:22+08:00"}
{"event":"get a articleDTO by id","level":"info","msg":"Success","time":"2025-04-09T19:08:22+08:00"}
{"event":"get a articleDTO by id","level":"info","msg":"Success","time":"2025-04-09T19:08:22+08:00"}
{"event":"get a articleDTO by id","level":"info","msg":"Success","time":"2025-04-09T19:08:22+08:00"}
{"event":"get a articleDTO by id","level":"info","msg":"Success","time":"2025-04-09T19:08:22+08:00"}
{"event":"get all categories","level":"info","msg":"Success to get all categories","time":"2025-04-09T19:08:23+08:00"}
{"event":"get all categories","level":"info","msg":"Success to get all categories","time":"2025-04-09T19:08:23+08:00"}
{"event":"get all categories","level":"info","msg":"Success to get all categories","time":"2025-04-09T19:08:23+08:00"}
{"event":"get all categories","level":"info","msg":"Success to get all categories","time":"2025-04-09T19:08:24+08:00"}
{"event":"get get articleCategoryList by categoryId","level":"info","msg":"Success to get articleCategoryList by categoryId","time":"2025-04-09T19:08:24+08:00"}
{"event":"get get articleCategoryList by categoryId","level":"info","msg":"Success to get articleCategoryList by categoryId","time":"2025-04-09T19:08:24+08:00"}
{"event":"get a articleDTO by id","level":"info","msg":"Success","time":"2025-04-09T19:08:24+08:00"}
{"event":"get a articleDTO by id","level":"info","msg":"Success","time":"2025-04-09T19:08:24+08:00"}
{"event":"get a articleDTO by id","level":"info","msg":"Success","time":"2025-04-09T19:08:24+08:00"}
{"event":"get a articleDTO by id","level":"info","msg":"Success","time":"2025-04-09T19:08:24+08:00"}
{"event":"get a articleDTO by id","level":"info","msg":"Success","time":"2025-04-09T19:08:24+08:00"}
{"event":"get a articleDTO by id","level":"info","msg":"Success","time":"2025-04-09T19:08:24+08:00"}
{"event":"get get articleCategoryList by categoryId","level":"info","msg":"Success to get articleCategoryList by categoryId","time":"2025-04-09T19:08:24+08:00"}
{"event":"get get articleCategoryList by categoryId","level":"info","msg":"Success to get articleCategoryList by categoryId","time":"2025-04-09T19:08:24+08:00"}
{"event":"get a articleDTO by id","level":"info","msg":"Success","time":"2025-04-09T19:08:24+08:00"}
{"event":"get a articleDTO by id","level":"info","msg":"Success","time":"2025-04-09T19:08:24+08:00"}
{"event":"get a articleDTO by id","level":"info","msg":"Success","time":"2025-04-09T19:08:24+08:00"}
{"event":"get a articleDTO by id","level":"info","msg":"Success","time":"2025-04-09T19:08:24+08:00"}
{"event":"get a articleDTO by id","level":"info","msg":"Success","time":"2025-04-09T19:08:24+08:00"}
{"event":"get get articleCategoryList by categoryId","level":"info","msg":"Success to get articleCategoryList by categoryId","time":"2025-04-09T19:08:24+08:00"}
{"event":"get a articleDTO by id","level":"info","msg":"Success","time":"2025-04-09T19:08:24+08:00"}
{"event":"get a articleDTO by id","level":"info","msg":"Success","time":"2025-04-09T19:08:24+08:00"}
{"event":"get a articleDTO by id","level":"info","msg":"Success","time":"2025-04-09T19:08:24+08:00"}
{"event":"get get articleCategoryList by categoryId","level":"info","msg":"Success to get articleCategoryList by categoryId","time":"2025-04-09T19:08:24+08:00"}
{"event":"get a articleDTO by id","level":"info","msg":"Success","time":"2025-04-09T19:08:24+08:00"}
{"event":"get a articleDTO by id","level":"info","msg":"Success","time":"2025-04-09T19:08:24+08:00"}
{"event":"get a articleDTO by id","level":"info","msg":"Success","time":"2025-04-09T19:08:24+08:00"}
{"event":"get a articleDTO by id","level":"info","msg":"Success","time":"2025-04-09T19:08:24+08:00"}
{"event":"get all categories","level":"info","msg":"Success to get all categories","time":"2025-04-09T19:08:24+08:00"}
{"event":"get all categories","level":"info","msg":"Success to get all categories","time":"2025-04-09T19:08:24+08:00"}
{"event":"get all categories","level":"info","msg":"Success to get all categories","time":"2025-04-09T19:08:25+08:00"}
{"event":"get all categories","level":"info","msg":"Success to get all categories","time":"2025-04-09T19:08:25+08:00"}
{"event":"get get articleCategoryList by categoryId","level":"info","msg":"Success to get articleCategoryList by categoryId","time":"2025-04-09T19:08:25+08:00"}
{"event":"get get articleCategoryList by categoryId","level":"info","msg":"Success to get articleCategoryList by categoryId","time":"2025-04-09T19:08:25+08:00"}
{"event":"get a articleDTO by id","level":"info","msg":"Success","time":"2025-04-09T19:08:25+08:00"}
{"event":"get a articleDTO by id","level":"info","msg":"Success","time":"2025-04-09T19:08:25+08:00"}
{"event":"get a articleDTO by id","level":"info","msg":"Success","time":"2025-04-09T19:08:25+08:00"}
{"event":"get a articleDTO by id","level":"info","msg":"Success","time":"2025-04-09T19:08:25+08:00"}
{"event":"get a articleDTO by id","level":"info","msg":"Success","time":"2025-04-09T19:08:25+08:00"}
{"event":"get a articleDTO by id","level":"info","msg":"Success","time":"2025-04-09T19:08:25+08:00"}
{"event":"get get articleCategoryList by categoryId","level":"info","msg":"Success to get articleCategoryList by categoryId","time":"2025-04-09T19:08:25+08:00"}
{"event":"get a articleDTO by id","level":"info","msg":"Success","time":"2025-04-09T19:08:25+08:00"}
{"event":"get a articleDTO by id","level":"info","msg":"Success","time":"2025-04-09T19:08:25+08:00"}
{"event":"get get articleCategoryList by categoryId","level":"info","msg":"Success to get articleCategoryList by categoryId","time":"2025-04-09T19:08:25+08:00"}
{"event":"get a articleDTO by id","level":"info","msg":"Success","time":"2025-04-09T19:08:25+08:00"}
{"event":"get a articleDTO by id","level":"info","msg":"Success","time":"2025-04-09T19:08:25+08:00"}
{"event":"get get articleCategoryList by categoryId","level":"info","msg":"Success to get articleCategoryList by categoryId","time":"2025-04-09T19:08:25+08:00"}
{"event":"get a articleDTO by id","level":"info","msg":"Success","time":"2025-04-09T19:08:25+08:00"}
{"event":"get a articleDTO by id","level":"info","msg":"Success","time":"2025-04-09T19:08:25+08:00"}
{"event":"get a articleDTO by id","level":"info","msg":"Success","time":"2025-04-09T19:08:25+08:00"}
{"event":"get a articleDTO by id","level":"info","msg":"Success","time":"2025-04-09T19:08:25+08:00"}
{"event":"get get articleCategoryList by categoryId","level":"info","msg":"Success to get articleCategoryList by categoryId","time":"2025-04-09T19:08:25+08:00"}
{"event":"get a articleDTO by id","level":"info","msg":"Success","time":"2025-04-09T19:08:25+08:00"}
{"event":"get a articleDTO by id","level":"info","msg":"Success","time":"2025-04-09T19:08:25+08:00"}
{"event":"get a articleDTO by id","level":"info","msg":"Success","time":"2025-04-09T19:08:25+08:00"}
{"event":"get a articleDTO by id","level":"info","msg":"Success","time":"2025-04-09T19:08:25+08:00"}
{"event":"get a articleDTOs by userId","level":"info","msg":"Success","time":"2025-04-09T19:08:27+08:00"}
{"event":"get a articleDTOs by userId","level":"info","msg":"Success","time":"2025-04-09T19:08:27+08:00"}
{"event":"get a article by id","level":"info","msg":"Success","time":"2025-04-09T19:08:30+08:00"}
{"event":"get a article by id","level":"info","msg":"Success","time":"2025-04-09T19:08:30+08:00"}
{"event":"get a article by id","level":"info","msg":"Success","time":"2025-04-09T19:10:01+08:00"}
{"event":"get a article by id","level":"info","msg":"Success","time":"2025-04-09T19:10:07+08:00"}
{"event":"get a article by id","level":"info","msg":"Success","time":"2025-04-09T19:10:15+08:00"}
{"event":"get a article by id","level":"info","msg":"Success","time":"2025-04-09T19:11:05+08:00"}
{"event":"get a article by id","level":"info","msg":"Success","time":"2025-04-09T19:11:33+08:00"}
{"event":"get a article by id","level":"info","msg":"Success","time":"2025-04-09T19:12:40+08:00"}
{"event":"get a article by id","level":"info","msg":"Success","time":"2025-04-09T19:12:54+08:00"}
{"event":"get a article by id","level":"info","msg":"Success","time":"2025-04-09T19:13:43+08:00"}
{"event":"get a article by id","level":"info","msg":"Success","time":"2025-04-09T19:13:43+08:00"}
{"event":"get a article by id","level":"info","msg":"Success","time":"2025-04-09T19:15:40+08:00"}
{"event":"get a article by id","level":"info","msg":"Success","time":"2025-04-09T19:15:40+08:00"}
{"event":"get a article by id","level":"info","msg":"Success","time":"2025-04-09T19:20:09+08:00"}
{"event":"get a article by id","level":"info","msg":"Success","time":"2025-04-09T19:20:09+08:00"}
{"event":"get a article by id","level":"info","msg":"Success","time":"2025-04-09T19:25:10+08:00"}
{"event":"get a article by id","level":"info","msg":"Success","time":"2025-04-09T19:25:10+08:00"}
{"event":"get a article by id","level":"info","msg":"Success","time":"2025-04-09T19:25:51+08:00"}
{"event":"get a article by id","level":"info","msg":"Success","time":"2025-04-09T19:43:30+08:00"}
{"event":"get a article by id","level":"info","msg":"Success","time":"2025-04-09T19:52:10+08:00"}
{"event":"get a article by id","level":"info","msg":"Success","time":"2025-04-09T19:52:10+08:00"}
{"event":"get a article by id","level":"info","msg":"Success","time":"2025-04-09T19:55:53+08:00"}
{"event":"get a article by id","level":"info","msg":"Success","time":"2025-04-09T19:55:56+08:00"}
{"event":"get a article by id","level":"info","msg":"Success","time":"2025-04-09T19:56:31+08:00"}
{"event":"get a article by id","level":"info","msg":"Success","time":"2025-04-09T19:56:31+08:00"}
{"event":"get a article by id","level":"info","msg":"Success","time":"2025-04-09T19:56:36+08:00"}
{"event":"get a article by id","level":"info","msg":"Success","time":"2025-04-09T19:56:36+08:00"}
{"event":"get a article by id","level":"info","msg":"Success","time":"2025-04-09T19:59:47+08:00"}
{"event":"get a article by id","level":"info","msg":"Success","time":"2025-04-09T19:59:47+08:00"}
{"event":"get a article by id","level":"info","msg":"Success","time":"2025-04-09T20:01:08+08:00"}
{"event":"get a article by id","level":"info","msg":"Success","time":"2025-04-09T20:01:08+08:00"}
{"event":"get all categories","level":"info","msg":"Success to get all categories","time":"2025-04-10T10:28:50+08:00"}
{"event":"get all categories","level":"info","msg":"Success to get all categories","time":"2025-04-10T10:28:50+08:00"}
{"event":"get get articleCategoryList by categoryId","level":"info","msg":"Success to get articleCategoryList by categoryId","time":"2025-04-10T10:28:50+08:00"}
{"event":"get get articleCategoryList by categoryId","level":"info","msg":"Success to get articleCategoryList by categoryId","time":"2025-04-10T10:28:50+08:00"}
{"event":"get a articleDTO by id","level":"info","msg":"Success","time":"2025-04-10T10:28:50+08:00"}
{"event":"get a articleDTO by id","level":"info","msg":"Success","time":"2025-04-10T10:28:50+08:00"}
{"event":"get a articleDTO by id","level":"info","msg":"Success","time":"2025-04-10T10:28:50+08:00"}
{"event":"get a articleDTO by id","level":"info","msg":"Success","time":"2025-04-10T10:28:50+08:00"}
{"event":"get a articleDTO by id","level":"info","msg":"Success","time":"2025-04-10T10:28:50+08:00"}
{"event":"get a articleDTO by id","level":"info","msg":"Success","time":"2025-04-10T10:28:50+08:00"}
{"event":"get get articleCategoryList by categoryId","level":"info","msg":"Success to get articleCategoryList by categoryId","time":"2025-04-10T10:28:50+08:00"}
{"event":"get get articleCategoryList by categoryId","level":"info","msg":"Success to get articleCategoryList by categoryId","time":"2025-04-10T10:28:50+08:00"}
{"event":"get a articleDTO by id","level":"info","msg":"Success","time":"2025-04-10T10:28:50+08:00"}
{"event":"get a articleDTO by id","level":"info","msg":"Success","time":"2025-04-10T10:28:50+08:00"}
{"event":"get a articleDTO by id","level":"info","msg":"Success","time":"2025-04-10T10:28:50+08:00"}
{"event":"get a articleDTO by id","level":"info","msg":"Success","time":"2025-04-10T10:28:50+08:00"}
{"event":"get a articleDTO by id","level":"info","msg":"Success","time":"2025-04-10T10:28:50+08:00"}
{"event":"get get articleCategoryList by categoryId","level":"info","msg":"Success to get articleCategoryList by categoryId","time":"2025-04-10T10:28:50+08:00"}
{"event":"get a articleDTO by id","level":"info","msg":"Success","time":"2025-04-10T10:28:50+08:00"}
{"event":"get a articleDTO by id","level":"info","msg":"Success","time":"2025-04-10T10:28:50+08:00"}
{"event":"get a articleDTO by id","level":"info","msg":"Success","time":"2025-04-10T10:28:50+08:00"}
{"event":"get get articleCategoryList by categoryId","level":"info","msg":"Success to get articleCategoryList by categoryId","time":"2025-04-10T10:28:50+08:00"}
{"event":"get a articleDTO by id","level":"info","msg":"Success","time":"2025-04-10T10:28:50+08:00"}
{"event":"get a articleDTO by id","level":"info","msg":"Success","time":"2025-04-10T10:28:50+08:00"}
{"event":"get a articleDTO by id","level":"info","msg":"Success","time":"2025-04-10T10:28:50+08:00"}
{"event":"get a articleDTO by id","level":"info","msg":"Success","time":"2025-04-10T10:28:50+08:00"}
{"event":"get a article by id","level":"info","msg":"Success","time":"2025-04-10T10:28:54+08:00"}
{"event":"get a article by id","level":"info","msg":"Success","time":"2025-04-10T10:28:54+08:00"}
{"event":"get a articleDTOs by userId","level":"info","msg":"Success","time":"2025-04-10T10:29:04+08:00"}
{"event":"get a articleDTOs by userId","level":"info","msg":"Success","time":"2025-04-10T10:29:04+08:00"}
{"event":"get a article by id","level":"info","msg":"Success","time":"2025-04-10T10:29:06+08:00"}
{"event":"get a article by id","level":"info","msg":"Success","time":"2025-04-10T10:29:06+08:00"}
{"event":"get a article by id","level":"info","msg":"Success","time":"2025-04-10T10:42:46+08:00"}
{"event":"get a article by id","level":"info","msg":"Success","time":"2025-04-10T10:42:46+08:00"}
{"event":"get a article by id","level":"info","msg":"Success","time":"2025-04-10T10:46:18+08:00"}
{"event":"get a article by id","level":"info","msg":"Success","time":"2025-04-10T10:46:18+08:00"}
{"event":"get a article by id","level":"info","msg":"Success","time":"2025-04-10T10:51:48+08:00"}
{"event":"get a article by id","level":"info","msg":"Success","time":"2025-04-10T14:53:55+08:00"}
{"event":"get a article by id","level":"info","msg":"Success","time":"2025-04-10T14:53:56+08:00"}
{"event":"get a article by id","level":"info","msg":"Success","time":"2025-04-10T14:55:42+08:00"}
{"event":"get a article by id","level":"info","msg":"Success","time":"2025-04-10T14:55:42+08:00"}
{"event":"get a article by id","level":"info","msg":"Success","time":"2025-04-10T14:58:23+08:00"}
{"event":"get a article by id","level":"info","msg":"Success","time":"2025-04-10T14:58:23+08:00"}
{"event":"get a article by id","level":"info","msg":"Success","time":"2025-04-10T15:31:33+08:00"}
{"event":"get a article by id","level":"info","msg":"Success","time":"2025-04-10T15:31:33+08:00"}
{"event":"get all categories","level":"info","msg":"Success to get all categories","time":"2025-04-10T15:31:33+08:00"}
{"event":"get all categories","level":"info","msg":"Success to get all categories","time":"2025-04-10T15:31:34+08:00"}
{"event":"get all categories","level":"info","msg":"Success to get all categories","time":"2025-04-10T15:31:34+08:00"}
{"event":"get get articleCategoryList by categoryId","level":"info","msg":"Success to get articleCategoryList by categoryId","time":"2025-04-10T15:31:34+08:00"}
{"event":"get get articleCategoryList by categoryId","level":"info","msg":"Success to get articleCategoryList by categoryId","time":"2025-04-10T15:31:34+08:00"}
{"event":"get a articleDTO by id","level":"info","msg":"Success","time":"2025-04-10T15:31:34+08:00"}
{"event":"get a articleDTO by id","level":"info","msg":"Success","time":"2025-04-10T15:31:34+08:00"}
{"event":"get a articleDTO by id","level":"info","msg":"Success","time":"2025-04-10T15:31:34+08:00"}
{"event":"get a articleDTO by id","level":"info","msg":"Success","time":"2025-04-10T15:31:34+08:00"}
{"event":"get a articleDTO by id","level":"info","msg":"Success","time":"2025-04-10T15:31:34+08:00"}
{"event":"get get articleCategoryList by categoryId","level":"info","msg":"Success to get articleCategoryList by categoryId","time":"2025-04-10T15:31:34+08:00"}
{"event":"get a articleDTO by id","level":"info","msg":"Success","time":"2025-04-10T15:31:34+08:00"}
{"event":"get a articleDTO by id","level":"info","msg":"Success","time":"2025-04-10T15:31:34+08:00"}
{"event":"get a articleDTO by id","level":"info","msg":"Success","time":"2025-04-10T15:31:34+08:00"}
{"event":"get get articleCategoryList by categoryId","level":"info","msg":"Success to get articleCategoryList by categoryId","time":"2025-04-10T15:31:34+08:00"}
{"event":"get a articleDTO by id","level":"info","msg":"Success","time":"2025-04-10T15:31:34+08:00"}
{"event":"get a articleDTO by id","level":"info","msg":"Success","time":"2025-04-10T15:31:34+08:00"}
{"event":"get a articleDTO by id","level":"info","msg":"Success","time":"2025-04-10T15:31:34+08:00"}
{"event":"get a articleDTO by id","level":"info","msg":"Success","time":"2025-04-10T15:31:34+08:00"}
{"event":"get a articleDTOs by userId","level":"info","msg":"Success","time":"2025-04-10T15:31:38+08:00"}
{"event":"get a articleDTOs by userId","level":"info","msg":"Success","time":"2025-04-10T15:31:38+08:00"}
{"event":"get a article by id","level":"info","msg":"Success","time":"2025-04-10T15:31:39+08:00"}
{"event":"get a article by id","level":"info","msg":"Success","time":"2025-04-10T15:31:39+08:00"}
{"event":"get a article by id","level":"info","msg":"Success","time":"2025-04-10T15:39:32+08:00"}
{"event":"get a article by id","level":"info","msg":"Success","time":"2025-04-10T15:39:32+08:00"}
{"event":"get a article by id","level":"info","msg":"Success","time":"2025-04-10T15:40:35+08:00"}
{"event":"get a article by id","level":"info","msg":"Success","time":"2025-04-10T15:40:35+08:00"}
{"event":"get a article by id","level":"info","msg":"Success","time":"2025-04-10T15:41:03+08:00"}
{"event":"get a article by id","level":"info","msg":"Success","time":"2025-04-10T15:41:03+08:00"}
{"event":"get a article by id","level":"info","msg":"Success","time":"2025-04-10T15:42:11+08:00"}
{"event":"get a article by id","level":"info","msg":"Success","time":"2025-04-10T15:42:11+08:00"}
{"event":"get a article by id","level":"info","msg":"Success","time":"2025-04-10T15:45:48+08:00"}
{"event":"get a article by id","level":"info","msg":"Success","time":"2025-04-10T15:45:48+08:00"}
{"event":"get a article by id","level":"info","msg":"Success","time":"2025-04-10T15:45:50+08:00"}
{"event":"get a article by id","level":"info","msg":"Success","time":"2025-04-10T15:45:50+08:00"}
{"event":"get a article by id","level":"info","msg":"Success","time":"2025-04-10T15:49:33+08:00"}
{"event":"get a article by id","level":"info","msg":"Success","time":"2025-04-10T15:49:33+08:00"}
{"event":"get a article by id","level":"info","msg":"Success","time":"2025-04-10T15:52:29+08:00"}
{"event":"get a article by id","level":"info","msg":"Success","time":"2025-04-10T15:52:29+08:00"}
{"event":"get a article by id","level":"info","msg":"Success","time":"2025-04-10T15:53:39+08:00"}
{"event":"get a article by id","level":"info","msg":"Success","time":"2025-04-10T15:53:39+08:00"}
{"event":"get a article by id","level":"info","msg":"Success","time":"2025-04-10T15:54:23+08:00"}
{"event":"get a article by id","level":"info","msg":"Success","time":"2025-04-10T15:54:23+08:00"}
{"event":"get a article by id","level":"info","msg":"Success","time":"2025-04-10T15:55:51+08:00"}
{"event":"get a article by id","level":"info","msg":"Success","time":"2025-04-10T15:55:51+08:00"}
{"event":"get a article by id","level":"info","msg":"Success","time":"2025-04-10T15:56:57+08:00"}
{"event":"get a article by id","level":"info","msg":"Success","time":"2025-04-10T15:57:08+08:00"}
{"event":"get a article by id","level":"info","msg":"Success","time":"2025-04-10T15:57:08+08:00"}
{"event":"get a article by id","level":"info","msg":"Success","time":"2025-04-10T15:58:20+08:00"}
{"event":"get a article by id","level":"info","msg":"Success","time":"2025-04-10T15:58:23+08:00"}
{"event":"get a article by id","level":"info","msg":"Success","time":"2025-04-10T16:01:07+08:00"}
{"event":"get a article by id","level":"info","msg":"Success","time":"2025-04-10T16:01:07+08:00"}
{"event":"get a article by id","level":"info","msg":"Success","time":"2025-04-10T16:02:17+08:00"}
{"event":"get a article by id","level":"info","msg":"Success","time":"2025-04-10T16:02:17+08:00"}
{"event":"get a article by id","level":"info","msg":"Success","time":"2025-04-10T16:02:54+08:00"}
{"event":"get a article by id","level":"info","msg":"Success","time":"2025-04-10T16:02:54+08:00"}
{"event":"get a article by id","level":"info","msg":"Success","time":"2025-04-10T16:03:45+08:00"}
{"event":"get a article by id","level":"info","msg":"Success","time":"2025-04-10T16:03:45+08:00"}
{"event":"get a article by id","level":"info","msg":"Success","time":"2025-04-10T16:03:48+08:00"}
{"event":"get a article by id","level":"info","msg":"Success","time":"2025-04-10T16:03:48+08:00"}
{"event":"get a article by id","level":"info","msg":"Success","time":"2025-04-10T16:04:21+08:00"}
{"event":"get a article by id","level":"info","msg":"Success","time":"2025-04-10T16:04:21+08:00"}
{"event":"get a article by id","level":"info","msg":"Success","time":"2025-04-10T16:06:48+08:00"}
{"event":"get a article by id","level":"info","msg":"Success","time":"2025-04-10T16:06:48+08:00"}
{"event":"get a article by id","level":"info","msg":"Success","time":"2025-04-10T16:11:36+08:00"}
{"event":"get a article by id","level":"info","msg":"Success","time":"2025-04-10T16:11:36+08:00"}
{"event":"get a article by id","level":"info","msg":"Success","time":"2025-04-10T16:12:46+08:00"}
{"event":"get a article by id","level":"info","msg":"Success","time":"2025-04-10T16:12:46+08:00"}
{"event":"get a article by id","level":"info","msg":"Success","time":"2025-04-10T16:13:24+08:00"}
{"event":"get a article by id","level":"info","msg":"Success","time":"2025-04-10T16:13:24+08:00"}
{"event":"get a article by id","level":"info","msg":"Success","time":"2025-04-10T16:13:47+08:00"}
{"event":"get a article by id","level":"info","msg":"Success","time":"2025-04-10T16:13:47+08:00"}
{"event":"get a article by id","level":"info","msg":"Success","time":"2025-04-10T16:14:12+08:00"}
{"event":"get a article by id","level":"info","msg":"Success","time":"2025-04-10T16:14:12+08:00"}
{"event":"get a article by id","level":"info","msg":"Success","time":"2025-04-10T16:15:00+08:00"}
{"event":"get a article by id","level":"info","msg":"Success","time":"2025-04-10T16:15:00+08:00"}
{"event":"get all categories","level":"info","msg":"Success to get all categories","time":"2025-04-10T16:15:51+08:00"}
{"event":"get all categories","level":"info","msg":"Success to get all categories","time":"2025-04-10T16:15:51+08:00"}
{"event":"get get articleCategoryList by categoryId","level":"info","msg":"Success to get articleCategoryList by categoryId","time":"2025-04-10T16:15:51+08:00"}
{"event":"get get articleCategoryList by categoryId","level":"info","msg":"Success to get articleCategoryList by categoryId","time":"2025-04-10T16:15:51+08:00"}
{"event":"get a articleDTO by id","level":"info","msg":"Success","time":"2025-04-10T16:15:51+08:00"}
{"event":"get a articleDTO by id","level":"info","msg":"Success","time":"2025-04-10T16:15:51+08:00"}
{"event":"get a articleDTO by id","level":"info","msg":"Success","time":"2025-04-10T16:15:51+08:00"}
{"event":"get a articleDTO by id","level":"info","msg":"Success","time":"2025-04-10T16:15:51+08:00"}
{"event":"get a articleDTO by id","level":"info","msg":"Success","time":"2025-04-10T16:15:51+08:00"}
{"event":"get get articleCategoryList by categoryId","level":"info","msg":"Success to get articleCategoryList by categoryId","time":"2025-04-10T16:15:51+08:00"}
{"event":"get a articleDTO by id","level":"info","msg":"Success","time":"2025-04-10T16:15:51+08:00"}
{"event":"get a articleDTO by id","level":"info","msg":"Success","time":"2025-04-10T16:15:51+08:00"}
{"event":"get a articleDTO by id","level":"info","msg":"Success","time":"2025-04-10T16:15:51+08:00"}
{"event":"get get articleCategoryList by categoryId","level":"info","msg":"Success to get articleCategoryList by categoryId","time":"2025-04-10T16:15:51+08:00"}
{"event":"get get articleCategoryList by categoryId","level":"info","msg":"Success to get articleCategoryList by categoryId","time":"2025-04-10T16:15:51+08:00"}
{"event":"get a articleDTO by id","level":"info","msg":"Success","time":"2025-04-10T16:15:51+08:00"}
{"event":"get a articleDTO by id","level":"info","msg":"Success","time":"2025-04-10T16:15:51+08:00"}
{"event":"get a articleDTO by id","level":"info","msg":"Success","time":"2025-04-10T16:15:51+08:00"}
{"event":"get a articleDTO by id","level":"info","msg":"Success","time":"2025-04-10T16:15:51+08:00"}
{"event":"get a articleDTO by id","level":"info","msg":"Success","time":"2025-04-10T16:15:51+08:00"}
{"event":"get a articleDTO by id","level":"info","msg":"Success","time":"2025-04-10T16:15:51+08:00"}
{"event":"get get articleCategoryList by categoryId","level":"info","msg":"Success to get articleCategoryList by categoryId","time":"2025-04-10T16:15:51+08:00"}
{"event":"get a articleDTO by id","level":"info","msg":"Success","time":"2025-04-10T16:15:51+08:00"}
{"event":"get a articleDTO by id","level":"info","msg":"Success","time":"2025-04-10T16:15:51+08:00"}
{"event":"get a articleDTO by id","level":"info","msg":"Success","time":"2025-04-10T16:15:51+08:00"}
{"event":"get a articleDTO by id","level":"info","msg":"Success","time":"2025-04-10T16:15:51+08:00"}
{"event":"get a articleDTOs by userId","level":"info","msg":"Success","time":"2025-04-10T16:15:52+08:00"}
{"event":"get a articleDTOs by userId","level":"info","msg":"Success","time":"2025-04-10T16:15:52+08:00"}
{"event":"get a article by id","level":"info","msg":"Success","time":"2025-04-10T16:15:54+08:00"}
{"event":"get a article by id","level":"info","msg":"Success","time":"2025-04-10T16:15:54+08:00"}
{"event":"get all categories","level":"info","msg":"Success to get all categories","time":"2025-04-10T16:17:04+08:00"}
{"event":"get all categories","level":"info","msg":"Success to get all categories","time":"2025-04-10T16:17:04+08:00"}
{"event":"get get articleCategoryList by categoryId","level":"info","msg":"Success to get articleCategoryList by categoryId","time":"2025-04-10T16:17:04+08:00"}
{"event":"get get articleCategoryList by categoryId","level":"info","msg":"Success to get articleCategoryList by categoryId","time":"2025-04-10T16:17:04+08:00"}
{"event":"get a articleDTO by id","level":"info","msg":"Success","time":"2025-04-10T16:17:04+08:00"}
{"event":"get a articleDTO by id","level":"info","msg":"Success","time":"2025-04-10T16:17:04+08:00"}
{"event":"get a articleDTO by id","level":"info","msg":"Success","time":"2025-04-10T16:17:04+08:00"}
{"event":"get a articleDTO by id","level":"info","msg":"Success","time":"2025-04-10T16:17:04+08:00"}
{"event":"get a articleDTO by id","level":"info","msg":"Success","time":"2025-04-10T16:17:04+08:00"}
{"event":"get get articleCategoryList by categoryId","level":"info","msg":"Success to get articleCategoryList by categoryId","time":"2025-04-10T16:17:04+08:00"}
{"event":"get a articleDTO by id","level":"info","msg":"Success","time":"2025-04-10T16:17:04+08:00"}
{"event":"get a articleDTO by id","level":"info","msg":"Success","time":"2025-04-10T16:17:04+08:00"}
{"event":"get a articleDTO by id","level":"info","msg":"Success","time":"2025-04-10T16:17:04+08:00"}
{"event":"get get articleCategoryList by categoryId","level":"info","msg":"Success to get articleCategoryList by categoryId","time":"2025-04-10T16:17:04+08:00"}
{"event":"get a articleDTO by id","level":"info","msg":"Success","time":"2025-04-10T16:17:04+08:00"}
{"event":"get a articleDTO by id","level":"info","msg":"Success","time":"2025-04-10T16:17:04+08:00"}
{"event":"get a articleDTO by id","level":"info","msg":"Success","time":"2025-04-10T16:17:04+08:00"}
{"event":"get a articleDTO by id","level":"info","msg":"Success","time":"2025-04-10T16:17:04+08:00"}
{"event":"get get articleCategoryList by categoryId","level":"info","msg":"Success to get articleCategoryList by categoryId","time":"2025-04-10T16:17:04+08:00"}
{"event":"get get articleCategoryList by categoryId","level":"info","msg":"Success to get articleCategoryList by categoryId","time":"2025-04-10T16:17:04+08:00"}
{"event":"get a articleDTO by id","level":"info","msg":"Success","time":"2025-04-10T16:17:04+08:00"}
{"event":"get a articleDTO by id","level":"info","msg":"Success","time":"2025-04-10T16:17:04+08:00"}
{"event":"get a articleDTO by id","level":"info","msg":"Success","time":"2025-04-10T16:17:04+08:00"}
{"event":"get a articleDTO by id","level":"info","msg":"Success","time":"2025-04-10T16:17:04+08:00"}
{"event":"get a articleDTO by id","level":"info","msg":"Success","time":"2025-04-10T16:17:04+08:00"}
{"event":"get a articleDTO by id","level":"info","msg":"Success","time":"2025-04-10T16:17:04+08:00"}
{"event":"get a articleDTOs by userId","level":"info","msg":"Success","time":"2025-04-10T16:17:07+08:00"}
{"event":"get a articleDTOs by userId","level":"info","msg":"Success","time":"2025-04-10T16:17:07+08:00"}
{"event":"get a article by id","level":"info","msg":"Success","time":"2025-04-10T16:17:08+08:00"}
{"event":"get a article by id","level":"info","msg":"Success","time":"2025-04-10T16:17:08+08:00"}
{"event":"get a article by id","level":"info","msg":"Success","time":"2025-04-10T16:19:21+08:00"}
{"event":"get a article by id","level":"info","msg":"Success","time":"2025-04-10T16:19:21+08:00"}
{"event":"get a article by id","level":"info","msg":"Success","time":"2025-04-10T16:20:06+08:00"}
{"event":"get a article by id","level":"info","msg":"Success","time":"2025-04-10T16:20:06+08:00"}
{"event":"get a article by id","level":"info","msg":"Success","time":"2025-04-10T16:20:37+08:00"}
{"event":"get a article by id","level":"info","msg":"Success","time":"2025-04-10T16:20:37+08:00"}
{"event":"get a article by id","level":"info","msg":"Success","time":"2025-04-10T16:21:03+08:00"}
{"event":"get a article by id","level":"info","msg":"Success","time":"2025-04-10T16:21:03+08:00"}
{"event":"get a article by id","level":"info","msg":"Success","time":"2025-04-10T16:34:47+08:00"}
{"event":"get a article by id","level":"info","msg":"Success","time":"2025-04-10T16:34:47+08:00"}
{"event":"get all categories","level":"info","msg":"Success to get all categories","time":"2025-04-10T16:35:19+08:00"}
{"event":"get all categories","level":"info","msg":"Success to get all categories","time":"2025-04-10T16:35:19+08:00"}
{"event":"get get articleCategoryList by categoryId","level":"info","msg":"Success to get articleCategoryList by categoryId","time":"2025-04-10T16:35:19+08:00"}
{"event":"get get articleCategoryList by categoryId","level":"info","msg":"Success to get articleCategoryList by categoryId","time":"2025-04-10T16:35:19+08:00"}
{"event":"get a articleDTO by id","level":"info","msg":"Success","time":"2025-04-10T16:35:19+08:00"}
{"event":"get a articleDTO by id","level":"info","msg":"Success","time":"2025-04-10T16:35:19+08:00"}
{"event":"get a articleDTO by id","level":"info","msg":"Success","time":"2025-04-10T16:35:19+08:00"}
{"event":"get a articleDTO by id","level":"info","msg":"Success","time":"2025-04-10T16:35:19+08:00"}
{"event":"get a articleDTO by id","level":"info","msg":"Success","time":"2025-04-10T16:35:19+08:00"}
{"event":"get a articleDTO by id","level":"info","msg":"Success","time":"2025-04-10T16:35:19+08:00"}
{"event":"get get articleCategoryList by categoryId","level":"info","msg":"Success to get articleCategoryList by categoryId","time":"2025-04-10T16:35:19+08:00"}
{"event":"get a articleDTO by id","level":"info","msg":"Success","time":"2025-04-10T16:35:19+08:00"}
{"event":"get get articleCategoryList by categoryId","level":"info","msg":"Success to get articleCategoryList by categoryId","time":"2025-04-10T16:35:19+08:00"}
{"event":"get a articleDTO by id","level":"info","msg":"Success","time":"2025-04-10T16:35:19+08:00"}
{"event":"get a articleDTO by id","level":"info","msg":"Success","time":"2025-04-10T16:35:19+08:00"}
{"event":"get a articleDTO by id","level":"info","msg":"Success","time":"2025-04-10T16:35:19+08:00"}
{"event":"get a articleDTO by id","level":"info","msg":"Success","time":"2025-04-10T16:35:19+08:00"}
{"event":"get get articleCategoryList by categoryId","level":"info","msg":"Success to get articleCategoryList by categoryId","time":"2025-04-10T16:35:19+08:00"}
{"event":"get a articleDTO by id","level":"info","msg":"Success","time":"2025-04-10T16:35:19+08:00"}
{"event":"get a articleDTO by id","level":"info","msg":"Success","time":"2025-04-10T16:35:19+08:00"}
{"event":"get a articleDTO by id","level":"info","msg":"Success","time":"2025-04-10T16:35:19+08:00"}
{"event":"get get articleCategoryList by categoryId","level":"info","msg":"Success to get articleCategoryList by categoryId","time":"2025-04-10T16:35:19+08:00"}
{"event":"get a articleDTO by id","level":"info","msg":"Success","time":"2025-04-10T16:35:19+08:00"}
{"event":"get a articleDTO by id","level":"info","msg":"Success","time":"2025-04-10T16:35:19+08:00"}
{"event":"get a articleDTO by id","level":"info","msg":"Success","time":"2025-04-10T16:35:19+08:00"}
{"event":"get a articleDTO by id","level":"info","msg":"Success","time":"2025-04-10T16:35:19+08:00"}
{"event":"get a articleDTOs by userId","level":"info","msg":"Success","time":"2025-04-10T16:42:59+08:00"}
{"event":"get a articleDTOs by userId","level":"info","msg":"Success","time":"2025-04-10T16:42:59+08:00"}
{"event":"get a article by id","level":"info","msg":"Success","time":"2025-04-10T16:49:01+08:00"}
{"event":"get a article by id","level":"info","msg":"Success","time":"2025-04-10T16:49:01+08:00"}
{"event":"get a article by id","level":"info","msg":"Success","time":"2025-04-10T16:49:06+08:00"}
{"event":"get a article by id","level":"info","msg":"Success","time":"2025-04-10T16:49:06+08:00"}
{"event":"get a articleDTOs by userId","level":"info","msg":"Success","time":"2025-04-10T16:49:07+08:00"}
{"event":"get a articleDTOs by userId","level":"info","msg":"Success","time":"2025-04-10T16:49:07+08:00"}
{"event":"get a article by id","level":"info","msg":"Success","time":"2025-04-10T16:49:09+08:00"}
{"event":"get a article by id","level":"info","msg":"Success","time":"2025-04-10T16:49:09+08:00"}
{"event":"get all categories","level":"info","msg":"Success to get all categories","time":"2025-04-10T16:49:55+08:00"}
{"event":"get all categories","level":"info","msg":"Success to get all categories","time":"2025-04-10T16:49:55+08:00"}
{"event":"get get articleCategoryList by categoryId","level":"info","msg":"Success to get articleCategoryList by categoryId","time":"2025-04-10T16:49:55+08:00"}
{"event":"get get articleCategoryList by categoryId","level":"info","msg":"Success to get articleCategoryList by categoryId","time":"2025-04-10T16:49:55+08:00"}
{"event":"get a articleDTO by id","level":"info","msg":"Success","time":"2025-04-10T16:49:55+08:00"}
{"event":"get a articleDTO by id","level":"info","msg":"Success","time":"2025-04-10T16:49:55+08:00"}
{"event":"get a articleDTO by id","level":"info","msg":"Success","time":"2025-04-10T16:49:55+08:00"}
{"event":"get a articleDTO by id","level":"info","msg":"Success","time":"2025-04-10T16:49:55+08:00"}
{"event":"get a articleDTO by id","level":"info","msg":"Success","time":"2025-04-10T16:49:55+08:00"}
{"event":"get get articleCategoryList by categoryId","level":"info","msg":"Success to get articleCategoryList by categoryId","time":"2025-04-10T16:49:55+08:00"}
{"event":"get a articleDTO by id","level":"info","msg":"Success","time":"2025-04-10T16:49:55+08:00"}
{"event":"get a articleDTO by id","level":"info","msg":"Success","time":"2025-04-10T16:49:55+08:00"}
{"event":"get get articleCategoryList by categoryId","level":"info","msg":"Success to get articleCategoryList by categoryId","time":"2025-04-10T16:49:55+08:00"}
{"event":"get a articleDTO by id","level":"info","msg":"Success","time":"2025-04-10T16:49:55+08:00"}
{"event":"get a articleDTO by id","level":"info","msg":"Success","time":"2025-04-10T16:49:55+08:00"}
{"event":"get get articleCategoryList by categoryId","level":"info","msg":"Success to get articleCategoryList by categoryId","time":"2025-04-10T16:49:55+08:00"}
{"event":"get a articleDTO by id","level":"info","msg":"Success","time":"2025-04-10T16:49:56+08:00"}
{"event":"get a articleDTO by id","level":"info","msg":"Success","time":"2025-04-10T16:49:56+08:00"}
{"event":"get a articleDTO by id","level":"info","msg":"Success","time":"2025-04-10T16:49:56+08:00"}
{"event":"get a articleDTO by id","level":"info","msg":"Success","time":"2025-04-10T16:49:56+08:00"}
{"event":"get a articleDTO by id","level":"info","msg":"Success","time":"2025-04-10T16:49:56+08:00"}
{"event":"get get articleCategoryList by categoryId","level":"info","msg":"Success to get articleCategoryList by categoryId","time":"2025-04-10T16:49:56+08:00"}
{"event":"get a articleDTO by id","level":"info","msg":"Success","time":"2025-04-10T16:49:56+08:00"}
{"event":"get a articleDTO by id","level":"info","msg":"Success","time":"2025-04-10T16:49:56+08:00"}
{"event":"get a articleDTO by id","level":"info","msg":"Success","time":"2025-04-10T16:49:56+08:00"}
{"event":"get a articleDTO by id","level":"info","msg":"Success","time":"2025-04-10T16:49:56+08:00"}
{"event":"get a articleDTOs by userId","level":"info","msg":"Success","time":"2025-04-10T16:49:57+08:00"}
{"event":"get a articleDTOs by userId","level":"info","msg":"Success","time":"2025-04-10T16:49:57+08:00"}
{"event":"get a article by id","level":"info","msg":"Success","time":"2025-04-10T16:49:58+08:00"}
{"event":"get a article by id","level":"info","msg":"Success","time":"2025-04-10T16:49:58+08:00"}
{"event":"get a articleDTOs by userId","level":"info","msg":"Success","time":"2025-04-10T16:50:19+08:00"}
{"event":"get a articleDTOs by userId","level":"info","msg":"Success","time":"2025-04-10T16:50:20+08:00"}
{"event":"get a article by id","level":"info","msg":"Success","time":"2025-04-10T16:50:22+08:00"}
{"event":"get a article by id","level":"info","msg":"Success","time":"2025-04-10T16:50:22+08:00"}
{"event":"get a article by id","level":"info","msg":"Success","time":"2025-04-10T16:51:09+08:00"}
{"event":"get a article by id","level":"info","msg":"Success","time":"2025-04-10T16:51:09+08:00"}
{"event":"get all categories","level":"info","msg":"Success to get all categories","time":"2025-04-10T16:56:41+08:00"}
{"event":"get all categories","level":"info","msg":"Success to get all categories","time":"2025-04-10T16:56:41+08:00"}
{"event":"get get articleCategoryList by categoryId","level":"info","msg":"Success to get articleCategoryList by categoryId","time":"2025-04-10T16:56:41+08:00"}
{"event":"get get articleCategoryList by categoryId","level":"info","msg":"Success to get articleCategoryList by categoryId","time":"2025-04-10T16:56:41+08:00"}
{"event":"get a articleDTO by id","level":"info","msg":"Success","time":"2025-04-10T16:56:41+08:00"}
{"event":"get a articleDTO by id","level":"info","msg":"Success","time":"2025-04-10T16:56:41+08:00"}
{"event":"get a articleDTO by id","level":"info","msg":"Success","time":"2025-04-10T16:56:41+08:00"}
{"event":"get a articleDTO by id","level":"info","msg":"Success","time":"2025-04-10T16:56:41+08:00"}
{"event":"get a articleDTO by id","level":"info","msg":"Success","time":"2025-04-10T16:56:41+08:00"}
{"event":"get a articleDTO by id","level":"info","msg":"Success","time":"2025-04-10T16:56:41+08:00"}
{"event":"get get articleCategoryList by categoryId","level":"info","msg":"Success to get articleCategoryList by categoryId","time":"2025-04-10T16:56:41+08:00"}
{"event":"get a articleDTO by id","level":"info","msg":"Success","time":"2025-04-10T16:56:41+08:00"}
{"event":"get get articleCategoryList by categoryId","level":"info","msg":"Success to get articleCategoryList by categoryId","time":"2025-04-10T16:56:41+08:00"}
{"event":"get a articleDTO by id","level":"info","msg":"Success","time":"2025-04-10T16:56:41+08:00"}
{"event":"get a articleDTO by id","level":"info","msg":"Success","time":"2025-04-10T16:56:41+08:00"}
{"event":"get a articleDTO by id","level":"info","msg":"Success","time":"2025-04-10T16:56:41+08:00"}
{"event":"get get articleCategoryList by categoryId","level":"info","msg":"Success to get articleCategoryList by categoryId","time":"2025-04-10T16:56:41+08:00"}
{"event":"get a articleDTO by id","level":"info","msg":"Success","time":"2025-04-10T16:56:41+08:00"}
{"event":"get a articleDTO by id","level":"info","msg":"Success","time":"2025-04-10T16:56:41+08:00"}
{"event":"get a articleDTO by id","level":"info","msg":"Success","time":"2025-04-10T16:56:41+08:00"}
{"event":"get a articleDTO by id","level":"info","msg":"Success","time":"2025-04-10T16:56:41+08:00"}
{"event":"get get articleCategoryList by categoryId","level":"info","msg":"Success to get articleCategoryList by categoryId","time":"2025-04-10T16:56:41+08:00"}
{"event":"get a articleDTO by id","level":"info","msg":"Success","time":"2025-04-10T16:56:41+08:00"}
{"event":"get a articleDTO by id","level":"info","msg":"Success","time":"2025-04-10T16:56:41+08:00"}
{"event":"get a articleDTO by id","level":"info","msg":"Success","time":"2025-04-10T16:56:41+08:00"}
{"event":"get a articleDTO by id","level":"info","msg":"Success","time":"2025-04-10T16:56:41+08:00"}
{"event":"get a articleDTOs by userId","level":"info","msg":"Success","time":"2025-04-10T16:56:43+08:00"}
{"event":"get a articleDTOs by userId","level":"info","msg":"Success","time":"2025-04-10T16:56:43+08:00"}
{"event":"get a article by id","level":"info","msg":"Success","time":"2025-04-10T17:00:42+08:00"}
{"event":"get a article by id","level":"info","msg":"Success","time":"2025-04-10T17:00:42+08:00"}
{"event":"get a article by id","level":"info","msg":"Success","time":"2025-04-10T17:01:21+08:00"}
{"event":"get a article by id","level":"info","msg":"Success","time":"2025-04-10T17:01:21+08:00"}
{"event":"get all categories","level":"info","msg":"Success to get all categories","time":"2025-04-10T19:21:11+08:00"}
{"event":"get all categories","level":"info","msg":"Success to get all categories","time":"2025-04-10T19:21:11+08:00"}
{"event":"get get articleCategoryList by categoryId","level":"info","msg":"Success to get articleCategoryList by categoryId","time":"2025-04-10T19:21:11+08:00"}
{"event":"get get articleCategoryList by categoryId","level":"info","msg":"Success to get articleCategoryList by categoryId","time":"2025-04-10T19:21:11+08:00"}
{"event":"get a articleDTO by id","level":"info","msg":"Success","time":"2025-04-10T19:21:11+08:00"}
{"event":"get a articleDTO by id","level":"info","msg":"Success","time":"2025-04-10T19:21:11+08:00"}
{"event":"get a articleDTO by id","level":"info","msg":"Success","time":"2025-04-10T19:21:11+08:00"}
{"event":"get a articleDTO by id","level":"info","msg":"Success","time":"2025-04-10T19:21:11+08:00"}
{"event":"get a articleDTO by id","level":"info","msg":"Success","time":"2025-04-10T19:21:11+08:00"}
{"event":"get a articleDTO by id","level":"info","msg":"Success","time":"2025-04-10T19:21:11+08:00"}
{"event":"get get articleCategoryList by categoryId","level":"info","msg":"Success to get articleCategoryList by categoryId","time":"2025-04-10T19:21:11+08:00"}
{"event":"get a articleDTO by id","level":"info","msg":"Success","time":"2025-04-10T19:21:11+08:00"}
{"event":"get a articleDTO by id","level":"info","msg":"Success","time":"2025-04-10T19:21:11+08:00"}
{"event":"get get articleCategoryList by categoryId","level":"info","msg":"Success to get articleCategoryList by categoryId","time":"2025-04-10T19:21:11+08:00"}
{"event":"get a articleDTO by id","level":"info","msg":"Success","time":"2025-04-10T19:21:11+08:00"}
{"event":"get a articleDTO by id","level":"info","msg":"Success","time":"2025-04-10T19:21:11+08:00"}
{"event":"get get articleCategoryList by categoryId","level":"info","msg":"Success to get articleCategoryList by categoryId","time":"2025-04-10T19:21:11+08:00"}
{"event":"get a articleDTO by id","level":"info","msg":"Success","time":"2025-04-10T19:21:11+08:00"}
{"event":"get a articleDTO by id","level":"info","msg":"Success","time":"2025-04-10T19:21:11+08:00"}
{"event":"get a articleDTO by id","level":"info","msg":"Success","time":"2025-04-10T19:21:11+08:00"}
{"event":"get a articleDTO by id","level":"info","msg":"Success","time":"2025-04-10T19:21:11+08:00"}
{"event":"get get articleCategoryList by categoryId","level":"info","msg":"Success to get articleCategoryList by categoryId","time":"2025-04-10T19:21:11+08:00"}
{"event":"get a articleDTO by id","level":"info","msg":"Success","time":"2025-04-10T19:21:11+08:00"}
{"event":"get a articleDTO by id","level":"info","msg":"Success","time":"2025-04-10T19:21:11+08:00"}
{"event":"get a articleDTO by id","level":"info","msg":"Success","time":"2025-04-10T19:21:11+08:00"}
{"event":"get a articleDTO by id","level":"info","msg":"Success","time":"2025-04-10T19:21:11+08:00"}
{"event":"get a articleDTOs by userId","level":"info","msg":"Success","time":"2025-04-10T19:21:12+08:00"}
{"event":"get a articleDTOs by userId","level":"info","msg":"Success","time":"2025-04-10T19:21:12+08:00"}
{"event":"get a article by id","level":"info","msg":"Success","time":"2025-04-10T19:21:16+08:00"}
{"event":"get a article by id","level":"info","msg":"Success","time":"2025-04-10T19:21:16+08:00"}
{"event":"get a article by id","level":"info","msg":"Success","time":"2025-04-10T19:24:38+08:00"}
{"event":"get a article by id","level":"info","msg":"Success","time":"2025-04-10T19:24:57+08:00"}
{"event":"get a article by id","level":"info","msg":"Success","time":"2025-04-10T19:26:01+08:00"}
{"event":"get a article by id","level":"info","msg":"Success","time":"2025-04-10T19:26:09+08:00"}
{"event":"get a article by id","level":"info","msg":"Success","time":"2025-04-10T19:26:09+08:00"}
{"event":"get a article by id","level":"info","msg":"Success","time":"2025-04-10T19:26:40+08:00"}
{"event":"get a article by id","level":"info","msg":"Success","time":"2025-04-10T19:26:40+08:00"}
{"event":"get a article by id","level":"info","msg":"Success","time":"2025-04-10T19:26:49+08:00"}
{"event":"get a article by id","level":"info","msg":"Success","time":"2025-04-10T19:26:49+08:00"}
{"event":"get a article by id","level":"info","msg":"Success","time":"2025-04-10T19:27:17+08:00"}
{"event":"get a article by id","level":"info","msg":"Success","time":"2025-04-10T19:27:17+08:00"}
{"event":"get a article by id","level":"info","msg":"Success","time":"2025-04-10T19:28:41+08:00"}
{"event":"get a article by id","level":"info","msg":"Success","time":"2025-04-10T19:28:44+08:00"}
{"event":"get a article by id","level":"info","msg":"Success","time":"2025-04-10T19:28:44+08:00"}
{"event":"get a article by id","level":"info","msg":"Success","time":"2025-04-10T19:28:58+08:00"}
{"event":"get a article by id","level":"info","msg":"Success","time":"2025-04-10T19:28:58+08:00"}
{"event":"get a article by id","level":"info","msg":"Success","time":"2025-04-10T19:29:09+08:00"}
{"event":"get a article by id","level":"info","msg":"Success","time":"2025-04-10T19:29:09+08:00"}
{"event":"get a article by id","level":"info","msg":"Success","time":"2025-04-10T19:29:20+08:00"}
{"event":"get a article by id","level":"info","msg":"Success","time":"2025-04-10T19:29:20+08:00"}
{"event":"get a article by id","level":"info","msg":"Success","time":"2025-04-10T19:29:24+08:00"}
{"event":"get a article by id","level":"info","msg":"Success","time":"2025-04-10T19:29:24+08:00"}
{"event":"get a article by id","level":"info","msg":"Success","time":"2025-04-10T19:30:10+08:00"}
{"event":"get a article by id","level":"info","msg":"Success","time":"2025-04-10T19:30:10+08:00"}
{"event":"get a article by id","level":"info","msg":"Success","time":"2025-04-10T19:33:39+08:00"}
{"event":"get a article by id","level":"info","msg":"Success","time":"2025-04-10T19:33:39+08:00"}
{"event":"get a article by id","level":"info","msg":"Success","time":"2025-04-10T19:34:30+08:00"}
{"event":"get a article by id","level":"info","msg":"Success","time":"2025-04-10T19:34:30+08:00"}
{"event":"get a article by id","level":"info","msg":"Success","time":"2025-04-10T19:36:40+08:00"}
{"event":"get a article by id","level":"info","msg":"Success","time":"2025-04-10T19:37:02+08:00"}
{"event":"get a article by id","level":"info","msg":"Success","time":"2025-04-10T19:37:02+08:00"}
{"event":"get a article by id","level":"info","msg":"Success","time":"2025-04-10T19:37:52+08:00"}
{"event":"get a article by id","level":"info","msg":"Success","time":"2025-04-10T19:37:52+08:00"}
{"event":"get a article by id","level":"info","msg":"Success","time":"2025-04-10T19:38:09+08:00"}
{"event":"get a article by id","level":"info","msg":"Success","time":"2025-04-10T19:38:09+08:00"}
{"event":"get a article by id","level":"info","msg":"Success","time":"2025-04-10T19:38:23+08:00"}
{"event":"get a article by id","level":"info","msg":"Success","time":"2025-04-10T19:38:23+08:00"}
{"event":"get a article by id","level":"info","msg":"Success","time":"2025-04-10T19:39:54+08:00"}
{"event":"get a article by id","level":"info","msg":"Success","time":"2025-04-10T19:39:54+08:00"}
{"event":"get a article by id","level":"info","msg":"Success","time":"2025-04-10T19:42:03+08:00"}
{"event":"get a article by id","level":"info","msg":"Success","time":"2025-04-10T19:42:03+08:00"}
{"event":"get a article by id","level":"info","msg":"Success","time":"2025-04-10T19:42:54+08:00"}
{"event":"get a article by id","level":"info","msg":"Success","time":"2025-04-10T19:42:54+08:00"}
{"event":"get a article by id","level":"info","msg":"Success","time":"2025-04-10T19:43:21+08:00"}
{"event":"get a article by id","level":"info","msg":"Success","time":"2025-04-10T19:43:21+08:00"}
{"event":"get a article by id","level":"info","msg":"Success","time":"2025-04-10T19:43:39+08:00"}
{"event":"get a article by id","level":"info","msg":"Success","time":"2025-04-10T19:43:39+08:00"}
{"event":"get a article by id","level":"info","msg":"Success","time":"2025-04-10T19:47:01+08:00"}
{"event":"get a article by id","level":"info","msg":"Success","time":"2025-04-10T19:47:01+08:00"}
{"event":"get a article by id","level":"info","msg":"Success","time":"2025-04-10T19:50:31+08:00"}
{"event":"get a article by id","level":"info","msg":"Success","time":"2025-04-10T19:50:31+08:00"}
{"event":"get a article by id","level":"info","msg":"Success","time":"2025-04-10T19:50:51+08:00"}
{"event":"get a article by id","level":"info","msg":"Success","time":"2025-04-10T19:50:51+08:00"}
{"event":"get a article by id","level":"info","msg":"Success","time":"2025-04-10T19:52:33+08:00"}
{"event":"get a article by id","level":"info","msg":"Success","time":"2025-04-10T19:52:33+08:00"}
{"event":"get a article by id","level":"info","msg":"Success","time":"2025-04-10T19:56:48+08:00"}
{"event":"get a article by id","level":"info","msg":"Success","time":"2025-04-10T19:57:00+08:00"}
{"event":"get a article by id","level":"info","msg":"Success","time":"2025-04-10T19:57:00+08:00"}
{"event":"get a article by id","level":"info","msg":"Success","time":"2025-04-10T19:58:15+08:00"}
{"event":"get a article by id","level":"info","msg":"Success","time":"2025-04-10T19:58:15+08:00"}
{"event":"get a article by id","level":"info","msg":"Success","time":"2025-04-10T19:58:19+08:00"}
{"event":"get a article by id","level":"info","msg":"Success","time":"2025-04-10T19:58:19+08:00"}
{"event":"get a article by id","level":"info","msg":"Success","time":"2025-04-10T20:00:43+08:00"}
{"event":"get a article by id","level":"info","msg":"Success","time":"2025-04-10T20:00:43+08:00"}
{"event":"get a article by id","level":"info","msg":"Success","time":"2025-04-10T20:02:12+08:00"}
{"event":"get a article by id","level":"info","msg":"Success","time":"2025-04-10T20:02:12+08:00"}
{"event":"get a article by id","level":"info","msg":"Success","time":"2025-04-10T20:04:21+08:00"}
{"event":"get a article by id","level":"info","msg":"Success","time":"2025-04-10T20:04:29+08:00"}
{"event":"get a article by id","level":"info","msg":"Success","time":"2025-04-10T20:04:29+08:00"}
{"event":"get a article by id","level":"info","msg":"Success","time":"2025-04-10T20:04:48+08:00"}
{"event":"get a article by id","level":"info","msg":"Success","time":"2025-04-10T20:04:48+08:00"}
{"event":"get a article by id","level":"info","msg":"Success","time":"2025-04-10T20:06:49+08:00"}
{"event":"get a article by id","level":"info","msg":"Success","time":"2025-04-10T20:06:49+08:00"}
{"event":"get a article by id","level":"info","msg":"Success","time":"2025-04-11T09:49:57+08:00"}
{"event":"get a article by id","level":"info","msg":"Success","time":"2025-04-11T09:49:57+08:00"}
{"event":"get a article by id","level":"info","msg":"Success","time":"2025-04-11T09:52:36+08:00"}
{"event":"get a article by id","level":"info","msg":"Success","time":"2025-04-11T10:19:19+08:00"}
{"event":"get a article by id","level":"info","msg":"Success","time":"2025-04-11T10:24:35+08:00"}
{"event":"get a article by id","level":"info","msg":"Success","time":"2025-04-11T10:25:23+08:00"}
{"event":"get a article by id","level":"info","msg":"Success","time":"2025-04-11T10:25:23+08:00"}
{"event":"get a articleDTOs by userId","level":"info","msg":"Success","time":"2025-04-11T10:25:28+08:00"}
{"event":"get a articleDTOs by userId","level":"info","msg":"Success","time":"2025-04-11T10:25:28+08:00"}
{"event":"get a article by id","level":"info","msg":"Success","time":"2025-04-11T10:25:31+08:00"}
{"event":"get a article by id","level":"info","msg":"Success","time":"2025-04-11T10:25:31+08:00"}
{"event":"get a article by id","level":"info","msg":"Success","time":"2025-04-11T10:26:40+08:00"}
{"event":"get a article by id","level":"info","msg":"Success","time":"2025-04-11T10:26:40+08:00"}
{"event":"get a article by id","level":"info","msg":"Success","time":"2025-04-11T10:29:41+08:00"}
{"event":"get a article by id","level":"info","msg":"Success","time":"2025-04-11T10:29:41+08:00"}
{"event":"get a article by id","level":"info","msg":"Success","time":"2025-04-11T10:30:51+08:00"}
{"event":"get a article by id","level":"info","msg":"Success","time":"2025-04-11T10:30:51+08:00"}
{"event":"get a article by id","level":"info","msg":"Success","time":"2025-04-11T10:31:54+08:00"}
{"event":"get a article by id","level":"info","msg":"Success","time":"2025-04-11T10:31:54+08:00"}
{"event":"get a article by id","level":"info","msg":"Success","time":"2025-04-11T10:32:14+08:00"}
{"event":"get a article by id","level":"info","msg":"Success","time":"2025-04-11T10:32:14+08:00"}
{"event":"get a article by id","level":"info","msg":"Success","time":"2025-04-11T10:32:36+08:00"}
{"event":"get a article by id","level":"info","msg":"Success","time":"2025-04-11T10:32:36+08:00"}
{"event":"get a article by id","level":"info","msg":"Success","time":"2025-04-11T10:33:18+08:00"}
{"event":"get a article by id","level":"info","msg":"Success","time":"2025-04-11T10:33:18+08:00"}
{"event":"get a article by id","level":"info","msg":"Success","time":"2025-04-11T10:36:19+08:00"}
{"event":"get a article by id","level":"info","msg":"Success","time":"2025-04-11T10:36:19+08:00"}
{"event":"get all categories","level":"info","msg":"Success to get all categories","time":"2025-04-11T10:37:21+08:00"}
{"event":"get all categories","level":"info","msg":"Success to get all categories","time":"2025-04-11T10:37:21+08:00"}
{"event":"get get articleCategoryList by categoryId","level":"info","msg":"Success to get articleCategoryList by categoryId","time":"2025-04-11T10:37:21+08:00"}
{"event":"get get articleCategoryList by categoryId","level":"info","msg":"Success to get articleCategoryList by categoryId","time":"2025-04-11T10:37:21+08:00"}
{"event":"get a articleDTO by id","level":"info","msg":"Success","time":"2025-04-11T10:37:21+08:00"}
{"event":"get a articleDTO by id","level":"info","msg":"Success","time":"2025-04-11T10:37:21+08:00"}
{"event":"get a articleDTO by id","level":"info","msg":"Success","time":"2025-04-11T10:37:21+08:00"}
{"event":"get a articleDTO by id","level":"info","msg":"Success","time":"2025-04-11T10:37:21+08:00"}
{"event":"get get articleCategoryList by categoryId","level":"info","msg":"Success to get articleCategoryList by categoryId","time":"2025-04-11T10:37:21+08:00"}
{"event":"get a articleDTO by id","level":"info","msg":"Success","time":"2025-04-11T10:37:21+08:00"}
{"event":"get a articleDTO by id","level":"info","msg":"Success","time":"2025-04-11T10:37:21+08:00"}
{"event":"get a articleDTO by id","level":"info","msg":"Success","time":"2025-04-11T10:37:21+08:00"}
{"event":"get a articleDTO by id","level":"info","msg":"Success","time":"2025-04-11T10:37:21+08:00"}
{"event":"get get articleCategoryList by categoryId","level":"info","msg":"Success to get articleCategoryList by categoryId","time":"2025-04-11T10:37:21+08:00"}
{"event":"get get articleCategoryList by categoryId","level":"info","msg":"Success to get articleCategoryList by categoryId","time":"2025-04-11T10:37:21+08:00"}
{"event":"get a articleDTO by id","level":"info","msg":"Success","time":"2025-04-11T10:37:21+08:00"}
{"event":"get a articleDTO by id","level":"info","msg":"Success","time":"2025-04-11T10:37:21+08:00"}
{"event":"get a articleDTO by id","level":"info","msg":"Success","time":"2025-04-11T10:37:21+08:00"}
{"event":"get a articleDTO by id","level":"info","msg":"Success","time":"2025-04-11T10:37:21+08:00"}
{"event":"get a articleDTO by id","level":"info","msg":"Success","time":"2025-04-11T10:37:21+08:00"}
{"event":"get a articleDTO by id","level":"info","msg":"Success","time":"2025-04-11T10:37:21+08:00"}
{"event":"get get articleCategoryList by categoryId","level":"info","msg":"Success to get articleCategoryList by categoryId","time":"2025-04-11T10:37:21+08:00"}
{"event":"get a articleDTO by id","level":"info","msg":"Success","time":"2025-04-11T10:37:21+08:00"}
{"event":"get a articleDTO by id","level":"info","msg":"Success","time":"2025-04-11T10:37:21+08:00"}
{"event":"get a articleDTO by id","level":"info","msg":"Success","time":"2025-04-11T10:37:21+08:00"}
{"event":"get a articleDTO by id","level":"info","msg":"Success","time":"2025-04-11T10:37:21+08:00"}
{"event":"get a articleDTOs by userId","level":"info","msg":"Success","time":"2025-04-11T10:37:23+08:00"}
{"event":"get a articleDTOs by userId","level":"info","msg":"Success","time":"2025-04-11T10:37:23+08:00"}
{"event":"get a article by id","level":"info","msg":"Success","time":"2025-04-11T10:37:24+08:00"}
{"event":"get a article by id","level":"info","msg":"Success","time":"2025-04-11T10:37:24+08:00"}
{"event":"get a article by id","level":"info","msg":"Success","time":"2025-04-11T10:38:14+08:00"}
{"event":"get a article by id","level":"info","msg":"Success","time":"2025-04-11T10:38:14+08:00"}
{"event":"get a article by id","level":"info","msg":"Success","time":"2025-04-11T10:39:37+08:00"}
{"event":"get a article by id","level":"info","msg":"Success","time":"2025-04-11T10:40:20+08:00"}
{"event":"get a article by id","level":"info","msg":"Success","time":"2025-04-11T10:40:20+08:00"}
{"event":"get a article by id","level":"info","msg":"Success","time":"2025-04-11T10:44:25+08:00"}
{"event":"get a article by id","level":"info","msg":"Success","time":"2025-04-11T10:44:25+08:00"}
{"event":"get a article by id","level":"info","msg":"Success","time":"2025-04-11T10:44:43+08:00"}
{"event":"get a article by id","level":"info","msg":"Success","time":"2025-04-11T15:42:36+08:00"}
{"event":"get a article by id","level":"info","msg":"Success","time":"2025-04-11T15:44:11+08:00"}
{"event":"get all categories","level":"info","msg":"Success to get all categories","time":"2025-04-11T15:44:11+08:00"}
{"event":"get all categories","level":"info","msg":"Success to get all categories","time":"2025-04-11T15:44:11+08:00"}
{"event":"get get articleCategoryList by categoryId","level":"info","msg":"Success to get articleCategoryList by categoryId","time":"2025-04-11T15:44:11+08:00"}
{"event":"get get articleCategoryList by categoryId","level":"info","msg":"Success to get articleCategoryList by categoryId","time":"2025-04-11T15:44:11+08:00"}
{"event":"get a articleDTO by id","level":"info","msg":"Success","time":"2025-04-11T15:44:11+08:00"}
{"event":"get a articleDTO by id","level":"info","msg":"Success","time":"2025-04-11T15:44:11+08:00"}
{"event":"get a articleDTO by id","level":"info","msg":"Success","time":"2025-04-11T15:44:11+08:00"}
{"event":"get a articleDTO by id","level":"info","msg":"Success","time":"2025-04-11T15:44:11+08:00"}
{"event":"get a articleDTO by id","level":"info","msg":"Success","time":"2025-04-11T15:44:11+08:00"}
{"event":"get get articleCategoryList by categoryId","level":"info","msg":"Success to get articleCategoryList by categoryId","time":"2025-04-11T15:44:11+08:00"}
{"event":"get a articleDTO by id","level":"info","msg":"Success","time":"2025-04-11T15:44:11+08:00"}
{"event":"get a articleDTO by id","level":"info","msg":"Success","time":"2025-04-11T15:44:11+08:00"}
{"event":"get a articleDTO by id","level":"info","msg":"Success","time":"2025-04-11T15:44:11+08:00"}
{"event":"get get articleCategoryList by categoryId","level":"info","msg":"Success to get articleCategoryList by categoryId","time":"2025-04-11T15:44:11+08:00"}
{"event":"get get articleCategoryList by categoryId","level":"info","msg":"Success to get articleCategoryList by categoryId","time":"2025-04-11T15:44:11+08:00"}
{"event":"get a articleDTO by id","level":"info","msg":"Success","time":"2025-04-11T15:44:11+08:00"}
{"event":"get a articleDTO by id","level":"info","msg":"Success","time":"2025-04-11T15:44:11+08:00"}
{"event":"get a articleDTO by id","level":"info","msg":"Success","time":"2025-04-11T15:44:11+08:00"}
{"event":"get a articleDTO by id","level":"info","msg":"Success","time":"2025-04-11T15:44:11+08:00"}
{"event":"get a articleDTO by id","level":"info","msg":"Success","time":"2025-04-11T15:44:11+08:00"}
{"event":"get a articleDTO by id","level":"info","msg":"Success","time":"2025-04-11T15:44:11+08:00"}
{"event":"get get articleCategoryList by categoryId","level":"info","msg":"Success to get articleCategoryList by categoryId","time":"2025-04-11T15:44:11+08:00"}
{"event":"get a articleDTO by id","level":"info","msg":"Success","time":"2025-04-11T15:44:11+08:00"}
{"event":"get a articleDTO by id","level":"info","msg":"Success","time":"2025-04-11T15:44:11+08:00"}
{"event":"get a articleDTO by id","level":"info","msg":"Success","time":"2025-04-11T15:44:11+08:00"}
{"event":"get a articleDTO by id","level":"info","msg":"Success","time":"2025-04-11T15:44:11+08:00"}
{"event":"get all categories","level":"info","msg":"Success to get all categories","time":"2025-04-11T15:51:09+08:00"}
{"event":"get all categories","level":"info","msg":"Success to get all categories","time":"2025-04-11T15:51:09+08:00"}
{"event":"get get articleCategoryList by categoryId","level":"info","msg":"Success to get articleCategoryList by categoryId","time":"2025-04-11T15:51:09+08:00"}
{"event":"get get articleCategoryList by categoryId","level":"info","msg":"Success to get articleCategoryList by categoryId","time":"2025-04-11T15:51:09+08:00"}
{"event":"get a articleDTO by id","level":"info","msg":"Success","time":"2025-04-11T15:51:09+08:00"}
{"event":"get a articleDTO by id","level":"info","msg":"Success","time":"2025-04-11T15:51:09+08:00"}
{"event":"get a articleDTO by id","level":"info","msg":"Success","time":"2025-04-11T15:51:09+08:00"}
{"event":"get a articleDTO by id","level":"info","msg":"Success","time":"2025-04-11T15:51:09+08:00"}
{"event":"get a articleDTO by id","level":"info","msg":"Success","time":"2025-04-11T15:51:09+08:00"}
{"event":"get get articleCategoryList by categoryId","level":"info","msg":"Success to get articleCategoryList by categoryId","time":"2025-04-11T15:51:09+08:00"}
{"event":"get a articleDTO by id","level":"info","msg":"Success","time":"2025-04-11T15:51:09+08:00"}
{"event":"get a articleDTO by id","level":"info","msg":"Success","time":"2025-04-11T15:51:09+08:00"}
{"event":"get a articleDTO by id","level":"info","msg":"Success","time":"2025-04-11T15:51:09+08:00"}
{"event":"get get articleCategoryList by categoryId","level":"info","msg":"Success to get articleCategoryList by categoryId","time":"2025-04-11T15:51:09+08:00"}
{"event":"get a articleDTO by id","level":"info","msg":"Success","time":"2025-04-11T15:51:09+08:00"}
{"event":"get get articleCategoryList by categoryId","level":"info","msg":"Success to get articleCategoryList by categoryId","time":"2025-04-11T15:51:09+08:00"}
{"event":"get a articleDTO by id","level":"info","msg":"Success","time":"2025-04-11T15:51:09+08:00"}
{"event":"get a articleDTO by id","level":"info","msg":"Success","time":"2025-04-11T15:51:09+08:00"}
{"event":"get a articleDTO by id","level":"info","msg":"Success","time":"2025-04-11T15:51:09+08:00"}
{"event":"get a articleDTO by id","level":"info","msg":"Success","time":"2025-04-11T15:51:09+08:00"}
{"event":"get a articleDTO by id","level":"info","msg":"Success","time":"2025-04-11T15:51:09+08:00"}
{"event":"get get articleCategoryList by categoryId","level":"info","msg":"Success to get articleCategoryList by categoryId","time":"2025-04-11T15:51:09+08:00"}
{"event":"get a articleDTO by id","level":"info","msg":"Success","time":"2025-04-11T15:51:09+08:00"}
{"event":"get a articleDTO by id","level":"info","msg":"Success","time":"2025-04-11T15:51:09+08:00"}
{"event":"get a articleDTO by id","level":"info","msg":"Success","time":"2025-04-11T15:51:09+08:00"}
{"event":"get a articleDTO by id","level":"info","msg":"Success","time":"2025-04-11T15:51:09+08:00"}
{"event":"get a articleDTOs by userId","level":"info","msg":"Success","time":"2025-04-11T15:51:12+08:00"}
{"event":"get a articleDTOs by userId","level":"info","msg":"Success","time":"2025-04-11T15:51:12+08:00"}
{"event":"get a article by id","level":"info","msg":"Success","time":"2025-04-11T15:51:15+08:00"}
{"event":"get a article by id","level":"info","msg":"Success","time":"2025-04-11T15:51:15+08:00"}
{"event":"get a article by id","level":"info","msg":"Success","time":"2025-04-11T15:51:48+08:00"}
{"event":"get all categories","level":"info","msg":"Success to get all categories","time":"2025-04-11T15:51:48+08:00"}
{"event":"get all categories","level":"info","msg":"Success to get all categories","time":"2025-04-11T15:53:49+08:00"}
{"event":"get a article by id","level":"info","msg":"Success","time":"2025-04-11T15:53:49+08:00"}
{"event":"get all categories","level":"info","msg":"Success to get all categories","time":"2025-04-11T15:53:49+08:00"}
{"event":"get a article by id","level":"info","msg":"Success","time":"2025-04-11T15:53:49+08:00"}
{"event":"get a article by id","level":"info","msg":"Success","time":"2025-04-11T16:26:21+08:00"}
{"event":"get all categories","level":"info","msg":"Success to get all categories","time":"2025-04-11T16:26:21+08:00"}
{"event":"get a article by id","level":"info","msg":"Success","time":"2025-04-11T16:27:36+08:00"}
{"event":"get all categories","level":"info","msg":"Success to get all categories","time":"2025-04-11T16:27:36+08:00"}
{"event":"get all categories","level":"info","msg":"Success to get all categories","time":"2025-04-11T16:27:45+08:00"}
{"event":"get a article by id","level":"info","msg":"Success","time":"2025-04-11T16:27:45+08:00"}
{"event":"get a article by id","level":"info","msg":"Success","time":"2025-04-11T16:27:48+08:00"}
{"event":"get all categories","level":"info","msg":"Success to get all categories","time":"2025-04-11T16:27:48+08:00"}
{"event":"get all categories","level":"info","msg":"Success to get all categories","time":"2025-04-11T16:28:02+08:00"}
{"event":"get a article by id","level":"info","msg":"Success","time":"2025-04-11T16:28:02+08:00"}
{"event":"get all categories","level":"info","msg":"Success to get all categories","time":"2025-04-11T16:28:02+08:00"}
{"event":"get a article by id","level":"info","msg":"Success","time":"2025-04-11T16:28:02+08:00"}
{"event":"get all categories","level":"info","msg":"Success to get all categories","time":"2025-04-11T16:30:16+08:00"}
{"event":"get all categories","level":"info","msg":"Success to get all categories","time":"2025-04-11T16:30:16+08:00"}
{"event":"get a article by id","level":"info","msg":"Success","time":"2025-04-11T16:30:16+08:00"}
{"event":"get a article by id","level":"info","msg":"Success","time":"2025-04-11T16:30:16+08:00"}
{"event":"get all categories","level":"info","msg":"Success to get all categories","time":"2025-04-11T16:31:08+08:00"}
{"event":"get a article by id","level":"info","msg":"Success","time":"2025-04-11T16:31:08+08:00"}
{"event":"get all categories","level":"info","msg":"Success to get all categories","time":"2025-04-11T16:31:14+08:00"}
{"event":"get a article by id","level":"info","msg":"Success","time":"2025-04-11T16:31:14+08:00"}
{"event":"get all categories","level":"info","msg":"Success to get all categories","time":"2025-04-11T16:33:41+08:00"}
{"event":"get a article by id","level":"info","msg":"Success","time":"2025-04-11T16:33:41+08:00"}
{"event":"get all categories","level":"info","msg":"Success to get all categories","time":"2025-04-11T16:34:15+08:00"}
{"event":"get all categories","level":"info","msg":"Success to get all categories","time":"2025-04-11T16:34:15+08:00"}
{"event":"get a article by id","level":"info","msg":"Success","time":"2025-04-11T16:34:15+08:00"}
{"event":"get a article by id","level":"info","msg":"Success","time":"2025-04-11T16:34:15+08:00"}
{"event":"get all categories","level":"info","msg":"Success to get all categories","time":"2025-04-11T16:34:25+08:00"}
{"event":"get a article by id","level":"info","msg":"Success","time":"2025-04-11T16:34:25+08:00"}
{"event":"get all categories","level":"info","msg":"Success to get all categories","time":"2025-04-11T16:34:25+08:00"}
{"event":"get a article by id","level":"info","msg":"Success","time":"2025-04-11T16:34:25+08:00"}
{"event":"get a articleDTOs by userId","level":"info","msg":"Success","time":"2025-04-11T16:34:37+08:00"}
{"event":"get a articleDTOs by userId","level":"info","msg":"Success","time":"2025-04-11T16:34:37+08:00"}
{"event":"get a article by id","level":"info","msg":"Success","time":"2025-04-11T16:34:40+08:00"}
{"event":"get a article by id","level":"info","msg":"Success","time":"2025-04-11T16:34:40+08:00"}
{"event":"get a articleDTOs by userId","level":"info","msg":"Success","time":"2025-04-11T16:34:45+08:00"}
{"event":"get a articleDTOs by userId","level":"info","msg":"Success","time":"2025-04-11T16:34:45+08:00"}
{"event":"get a article by id","level":"info","msg":"Success","time":"2025-04-11T16:35:20+08:00"}
{"event":"get a article by id","level":"info","msg":"Success","time":"2025-04-11T16:35:20+08:00"}
{"event":"get all categories","level":"info","msg":"Success to get all categories","time":"2025-04-11T16:35:20+08:00"}
{"event":"get all categories","level":"info","msg":"Success to get all categories","time":"2025-04-11T16:35:20+08:00"}
{"event":"get all categories","level":"info","msg":"Success to get all categories","time":"2025-04-11T16:36:38+08:00"}
{"event":"get a article by id","level":"info","msg":"Success","time":"2025-04-11T16:36:38+08:00"}
{"event":"get all categories","level":"info","msg":"Success to get all categories","time":"2025-04-11T16:37:09+08:00"}
{"event":"get a article by id","level":"info","msg":"Success","time":"2025-04-11T16:37:09+08:00"}
{"event":"get a article by id","level":"info","msg":"Success","time":"2025-04-11T16:37:09+08:00"}
{"event":"get all categories","level":"info","msg":"Success to get all categories","time":"2025-04-11T16:37:09+08:00"}
{"event":"get all categories","level":"info","msg":"Success to get all categories","time":"2025-04-11T16:41:13+08:00"}
{"event":"get a article by id","level":"info","msg":"Success","time":"2025-04-11T16:41:13+08:00"}
{"event":"get all categories","level":"info","msg":"Success to get all categories","time":"2025-04-11T16:44:53+08:00"}
{"event":"get a article by id","level":"info","msg":"Success","time":"2025-04-11T16:44:53+08:00"}
{"event":"get all categories","level":"info","msg":"Success to get all categories","time":"2025-04-11T16:46:06+08:00"}
{"event":"get a article by id","level":"info","msg":"Success","time":"2025-04-11T16:46:06+08:00"}
{"event":"get all categories","level":"info","msg":"Success to get all categories","time":"2025-04-11T16:46:06+08:00"}
{"event":"get a article by id","level":"info","msg":"Success","time":"2025-04-11T16:46:06+08:00"}
{"event":"get all categories","level":"info","msg":"Success to get all categories","time":"2025-04-14T18:33:06+08:00"}
{"event":"get all categories","level":"info","msg":"Success to get all categories","time":"2025-04-14T18:33:06+08:00"}
{"event":"get a article by id","level":"info","msg":"Success","time":"2025-04-14T18:33:06+08:00"}
{"event":"get a article by id","level":"info","msg":"Success","time":"2025-04-14T18:33:06+08:00"}
{"event":"get all categories","level":"info","msg":"Success to get all categories","time":"2025-04-14T18:33:06+08:00"}
{"event":"get all categories","level":"info","msg":"Success to get all categories","time":"2025-04-14T18:33:06+08:00"}
{"event":"get all categories","level":"info","msg":"Success to get all categories","time":"2025-04-14T18:34:47+08:00"}
{"event":"get all categories","level":"info","msg":"Success to get all categories","time":"2025-04-14T18:34:47+08:00"}
{"event":"get get articleCategoryList by categoryId","level":"info","msg":"Success to get articleCategoryList by categoryId","time":"2025-04-14T18:34:47+08:00"}
{"event":"get get articleCategoryList by categoryId","level":"info","msg":"Success to get articleCategoryList by categoryId","time":"2025-04-14T18:34:47+08:00"}
{"event":"get a articleDTO by id","level":"info","msg":"Success","time":"2025-04-14T18:34:47+08:00"}
{"event":"get a articleDTO by id","level":"info","msg":"Success","time":"2025-04-14T18:34:47+08:00"}
{"event":"get a articleDTO by id","level":"info","msg":"Success","time":"2025-04-14T18:34:47+08:00"}
{"event":"get a articleDTO by id","level":"info","msg":"Success","time":"2025-04-14T18:34:47+08:00"}
{"event":"get a articleDTO by id","level":"info","msg":"Success","time":"2025-04-14T18:34:47+08:00"}
{"event":"get a articleDTO by id","level":"info","msg":"Success","time":"2025-04-14T18:34:47+08:00"}
{"event":"get get articleCategoryList by categoryId","level":"info","msg":"Success to get articleCategoryList by categoryId","time":"2025-04-14T18:34:47+08:00"}
{"event":"get get articleCategoryList by categoryId","level":"info","msg":"Success to get articleCategoryList by categoryId","time":"2025-04-14T18:34:47+08:00"}
{"event":"get a articleDTO by id","level":"info","msg":"Success","time":"2025-04-14T18:34:47+08:00"}
{"event":"get a articleDTO by id","level":"info","msg":"Success","time":"2025-04-14T18:34:47+08:00"}
{"event":"get a articleDTO by id","level":"info","msg":"Success","time":"2025-04-14T18:34:47+08:00"}
{"event":"get a articleDTO by id","level":"info","msg":"Success","time":"2025-04-14T18:34:47+08:00"}
{"event":"get a articleDTO by id","level":"info","msg":"Success","time":"2025-04-14T18:34:47+08:00"}
{"event":"get a articleDTO by id","level":"info","msg":"Success","time":"2025-04-14T18:34:47+08:00"}
{"event":"get get articleCategoryList by categoryId","level":"info","msg":"Success to get articleCategoryList by categoryId","time":"2025-04-14T18:34:47+08:00"}
{"event":"get a articleDTO by id","level":"info","msg":"Success","time":"2025-04-14T18:34:47+08:00"}
{"event":"get a articleDTO by id","level":"info","msg":"Success","time":"2025-04-14T18:34:47+08:00"}
{"event":"get get articleCategoryList by categoryId","level":"info","msg":"Success to get articleCategoryList by categoryId","time":"2025-04-14T18:34:47+08:00"}
{"event":"get a articleDTO by id","level":"info","msg":"Success","time":"2025-04-14T18:34:47+08:00"}
{"event":"get a articleDTO by id","level":"info","msg":"Success","time":"2025-04-14T18:34:47+08:00"}
{"event":"get a articleDTO by id","level":"info","msg":"Success","time":"2025-04-14T18:34:47+08:00"}
{"event":"get a articleDTO by id","level":"info","msg":"Success","time":"2025-04-14T18:34:47+08:00"}
{"event":"get a article by id","level":"info","msg":"Success","time":"2025-04-14T18:34:53+08:00"}
{"event":"get a article by id","level":"info","msg":"Success","time":"2025-04-14T18:34:53+08:00"}
{"event":"get all categories","level":"info","msg":"Success to get all categories","time":"2025-04-14T18:34:59+08:00"}
{"event":"get all categories","level":"info","msg":"Success to get all categories","time":"2025-04-14T18:34:59+08:00"}
{"event":"get get articleCategoryList by categoryId","level":"info","msg":"Success to get articleCategoryList by categoryId","time":"2025-04-14T18:34:59+08:00"}
{"event":"get get articleCategoryList by categoryId","level":"info","msg":"Success to get articleCategoryList by categoryId","time":"2025-04-14T18:34:59+08:00"}
{"event":"get a articleDTO by id","level":"info","msg":"Success","time":"2025-04-14T18:34:59+08:00"}
{"event":"get a articleDTO by id","level":"info","msg":"Success","time":"2025-04-14T18:34:59+08:00"}
{"event":"get a articleDTO by id","level":"info","msg":"Success","time":"2025-04-14T18:34:59+08:00"}
{"event":"get a articleDTO by id","level":"info","msg":"Success","time":"2025-04-14T18:34:59+08:00"}
{"event":"get a articleDTO by id","level":"info","msg":"Success","time":"2025-04-14T18:34:59+08:00"}
{"event":"get a articleDTO by id","level":"info","msg":"Success","time":"2025-04-14T18:34:59+08:00"}
{"event":"get get articleCategoryList by categoryId","level":"info","msg":"Success to get articleCategoryList by categoryId","time":"2025-04-14T18:34:59+08:00"}
{"event":"get a articleDTO by id","level":"info","msg":"Success","time":"2025-04-14T18:34:59+08:00"}
{"event":"get get articleCategoryList by categoryId","level":"info","msg":"Success to get articleCategoryList by categoryId","time":"2025-04-14T18:34:59+08:00"}
{"event":"get a articleDTO by id","level":"info","msg":"Success","time":"2025-04-14T18:34:59+08:00"}
{"event":"get a articleDTO by id","level":"info","msg":"Success","time":"2025-04-14T18:34:59+08:00"}
{"event":"get a articleDTO by id","level":"info","msg":"Success","time":"2025-04-14T18:34:59+08:00"}
{"event":"get a articleDTO by id","level":"info","msg":"Success","time":"2025-04-14T18:34:59+08:00"}
{"event":"get a articleDTO by id","level":"info","msg":"Success","time":"2025-04-14T18:34:59+08:00"}
{"event":"get a article by id","level":"info","msg":"Success","time":"2025-04-14T18:35:00+08:00"}
{"event":"get a article by id","level":"info","msg":"Success","time":"2025-04-14T18:35:00+08:00"}
{"event":"get a article by id","level":"info","msg":"Success","time":"2025-04-14T18:35:34+08:00"}
{"event":"get a article by id","level":"info","msg":"Success","time":"2025-04-14T18:35:34+08:00"}
{"event":"get all categories","level":"info","msg":"Success to get all categories","time":"2025-04-14T18:35:49+08:00"}
{"event":"get all categories","level":"info","msg":"Success to get all categories","time":"2025-04-14T18:35:49+08:00"}
{"event":"get get articleCategoryList by categoryId","level":"info","msg":"Success to get articleCategoryList by categoryId","time":"2025-04-14T18:35:49+08:00"}
{"event":"get get articleCategoryList by categoryId","level":"info","msg":"Success to get articleCategoryList by categoryId","time":"2025-04-14T18:35:49+08:00"}
{"event":"get a articleDTO by id","level":"info","msg":"Success","time":"2025-04-14T18:35:49+08:00"}
{"event":"get a articleDTO by id","level":"info","msg":"Success","time":"2025-04-14T18:35:49+08:00"}
{"event":"get a articleDTO by id","level":"info","msg":"Success","time":"2025-04-14T18:35:49+08:00"}
{"event":"get a articleDTO by id","level":"info","msg":"Success","time":"2025-04-14T18:35:49+08:00"}
{"event":"get a articleDTO by id","level":"info","msg":"Success","time":"2025-04-14T18:35:49+08:00"}
{"event":"get a articleDTO by id","level":"info","msg":"Success","time":"2025-04-14T18:35:49+08:00"}
{"event":"get get articleCategoryList by categoryId","level":"info","msg":"Success to get articleCategoryList by categoryId","time":"2025-04-14T18:35:49+08:00"}
{"event":"get a articleDTO by id","level":"info","msg":"Success","time":"2025-04-14T18:35:49+08:00"}
{"event":"get get articleCategoryList by categoryId","level":"info","msg":"Success to get articleCategoryList by categoryId","time":"2025-04-14T18:35:49+08:00"}
{"event":"get a articleDTO by id","level":"info","msg":"Success","time":"2025-04-14T18:35:49+08:00"}
{"event":"get a articleDTO by id","level":"info","msg":"Success","time":"2025-04-14T18:35:49+08:00"}
{"event":"get a articleDTO by id","level":"info","msg":"Success","time":"2025-04-14T18:35:49+08:00"}
{"event":"get get articleCategoryList by categoryId","level":"info","msg":"Success to get articleCategoryList by categoryId","time":"2025-04-14T18:35:49+08:00"}
{"event":"get a articleDTO by id","level":"info","msg":"Success","time":"2025-04-14T18:35:49+08:00"}
{"event":"get a articleDTO by id","level":"info","msg":"Success","time":"2025-04-14T18:35:49+08:00"}
{"event":"get a articleDTO by id","level":"info","msg":"Success","time":"2025-04-14T18:35:49+08:00"}
{"event":"get a articleDTO by id","level":"info","msg":"Success","time":"2025-04-14T18:35:49+08:00"}
{"event":"get get articleCategoryList by categoryId","level":"info","msg":"Success to get articleCategoryList by categoryId","time":"2025-04-14T18:35:49+08:00"}
{"event":"get a articleDTO by id","level":"info","msg":"Success","time":"2025-04-14T18:35:49+08:00"}
{"event":"get a articleDTO by id","level":"info","msg":"Success","time":"2025-04-14T18:35:49+08:00"}
{"event":"get a articleDTO by id","level":"info","msg":"Success","time":"2025-04-14T18:35:49+08:00"}
{"event":"get a articleDTO by id","level":"info","msg":"Success","time":"2025-04-14T18:35:49+08:00"}
{"event":"get a article by id","level":"info","msg":"Success","time":"2025-04-14T18:35:50+08:00"}
{"event":"get a article by id","level":"info","msg":"Success","time":"2025-04-14T18:35:50+08:00"}
{"event":"get a articleDTOs by userId","level":"info","msg":"Success","time":"2025-04-14T18:36:12+08:00"}
{"event":"get a articleDTOs by userId","level":"info","msg":"Success","time":"2025-04-14T18:36:12+08:00"}
{"event":"get a articleDTOs by userId","level":"info","msg":"Success","time":"2025-04-14T18:36:26+08:00"}
{"event":"get a articleDTOs by userId","level":"info","msg":"Success","time":"2025-04-14T18:36:26+08:00"}
{"event":"get a articleDTOs by userId","level":"info","msg":"Success","time":"2025-04-14T18:37:09+08:00"}
{"event":"get a articleDTOs by userId","level":"info","msg":"Success","time":"2025-04-14T18:37:09+08:00"}
{"event":"get all categories","level":"info","msg":"Success to get all categories","time":"2025-04-14T18:37:14+08:00"}
{"event":"get all categories","level":"info","msg":"Success to get all categories","time":"2025-04-14T18:37:14+08:00"}
{"event":"get get articleCategoryList by categoryId","level":"info","msg":"Success to get articleCategoryList by categoryId","time":"2025-04-14T18:37:14+08:00"}
{"event":"get get articleCategoryList by categoryId","level":"info","msg":"Success to get articleCategoryList by categoryId","time":"2025-04-14T18:37:14+08:00"}
{"event":"get a articleDTO by id","level":"info","msg":"Success","time":"2025-04-14T18:37:14+08:00"}
{"event":"get a articleDTO by id","level":"info","msg":"Success","time":"2025-04-14T18:37:14+08:00"}
{"event":"get a articleDTO by id","level":"info","msg":"Success","time":"2025-04-14T18:37:14+08:00"}
{"event":"get a articleDTO by id","level":"info","msg":"Success","time":"2025-04-14T18:37:14+08:00"}
{"event":"get a articleDTO by id","level":"info","msg":"Success","time":"2025-04-14T18:37:14+08:00"}
{"event":"get a articleDTO by id","level":"info","msg":"Success","time":"2025-04-14T18:37:14+08:00"}
{"event":"get get articleCategoryList by categoryId","level":"info","msg":"Success to get articleCategoryList by categoryId","time":"2025-04-14T18:37:14+08:00"}
{"event":"get a articleDTO by id","level":"info","msg":"Success","time":"2025-04-14T18:37:14+08:00"}
{"event":"get a articleDTO by id","level":"info","msg":"Success","time":"2025-04-14T18:37:14+08:00"}
{"event":"get get articleCategoryList by categoryId","level":"info","msg":"Success to get articleCategoryList by categoryId","time":"2025-04-14T18:37:14+08:00"}
{"event":"get a articleDTO by id","level":"info","msg":"Success","time":"2025-04-14T18:37:14+08:00"}
{"event":"get get articleCategoryList by categoryId","level":"info","msg":"Success to get articleCategoryList by categoryId","time":"2025-04-14T18:37:14+08:00"}
{"event":"get a articleDTO by id","level":"info","msg":"Success","time":"2025-04-14T18:37:14+08:00"}
{"event":"get a articleDTO by id","level":"info","msg":"Success","time":"2025-04-14T18:37:14+08:00"}
{"event":"get a articleDTO by id","level":"info","msg":"Success","time":"2025-04-14T18:37:14+08:00"}
{"event":"get a articleDTO by id","level":"info","msg":"Success","time":"2025-04-14T18:37:14+08:00"}
{"event":"get a articleDTO by id","level":"info","msg":"Success","time":"2025-04-14T18:37:14+08:00"}
{"event":"get get articleCategoryList by categoryId","level":"info","msg":"Success to get articleCategoryList by categoryId","time":"2025-04-14T18:37:14+08:00"}
{"event":"get a articleDTO by id","level":"info","msg":"Success","time":"2025-04-14T18:37:14+08:00"}
{"event":"get a articleDTO by id","level":"info","msg":"Success","time":"2025-04-14T18:37:14+08:00"}
{"event":"get a articleDTO by id","level":"info","msg":"Success","time":"2025-04-14T18:37:14+08:00"}
{"event":"get a articleDTO by id","level":"info","msg":"Success","time":"2025-04-14T18:37:14+08:00"}
{"event":"get a articleDTOs by userId","level":"info","msg":"Success","time":"2025-04-14T18:37:15+08:00"}
{"event":"get a articleDTOs by userId","level":"info","msg":"Success","time":"2025-04-14T18:37:15+08:00"}
{"event":"get a article by id","level":"info","msg":"Success","time":"2025-04-14T18:37:16+08:00"}
{"event":"get a article by id","level":"info","msg":"Success","time":"2025-04-14T18:37:16+08:00"}
{"event":"get a articleDTOs by userId","level":"info","msg":"Success","time":"2025-04-14T18:37:28+08:00"}
{"event":"get a articleDTOs by userId","level":"info","msg":"Success","time":"2025-04-14T18:37:28+08:00"}
{"event":"get a article by id","level":"info","msg":"Success","time":"2025-04-14T18:37:29+08:00"}
{"event":"get a article by id","level":"info","msg":"Success","time":"2025-04-14T18:37:29+08:00"}
{"event":"get a articleDTOs by userId","level":"info","msg":"Success","time":"2025-04-14T18:37:32+08:00"}
{"event":"get a articleDTOs by userId","level":"info","msg":"Success","time":"2025-04-14T18:37:32+08:00"}
{"event":"get a articleDTOs by userId","level":"info","msg":"Success","time":"2025-04-14T18:37:34+08:00"}
{"event":"get a article by id","level":"info","msg":"Success","time":"2025-04-14T18:37:36+08:00"}
{"event":"get all categories","level":"info","msg":"Success to get all categories","time":"2025-04-14T18:37:36+08:00"}
{"event":"get all categories","level":"info","msg":"Success to get all categories","time":"2025-04-14T18:37:36+08:00"}
{"event":"get a article by id","level":"info","msg":"Success","time":"2025-04-14T18:37:36+08:00"}
{"event":"get all categories","level":"info","msg":"Success to get all categories","time":"2025-04-14T18:52:33+08:00"}
{"event":"get all categories","level":"info","msg":"Success to get all categories","time":"2025-04-14T18:52:33+08:00"}
{"event":"get a article by id","level":"info","msg":"Success","time":"2025-04-14T18:52:33+08:00"}
{"event":"get a article by id","level":"info","msg":"Success","time":"2025-04-14T18:52:33+08:00"}
{"event":"get all categories","level":"info","msg":"Success to get all categories","time":"2025-04-14T19:28:58+08:00"}
{"event":"get a article by id","level":"info","msg":"Success","time":"2025-04-14T19:28:58+08:00"}
{"event":"get a article by id","level":"info","msg":"Success","time":"2025-04-14T19:29:58+08:00"}
{"event":"get all categories","level":"info","msg":"Success to get all categories","time":"2025-04-14T19:29:58+08:00"}
{"event":"get all categories","level":"info","msg":"Success to get all categories","time":"2025-04-14T19:33:55+08:00"}
{"event":"get a article by id","level":"info","msg":"Success","time":"2025-04-14T19:33:55+08:00"}
{"event":"get all categories","level":"info","msg":"Success to get all categories","time":"2025-04-14T19:33:55+08:00"}
{"event":"get a article by id","level":"info","msg":"Success","time":"2025-04-14T19:33:55+08:00"}
{"event":"get a article by id","level":"info","msg":"Success","time":"2025-04-14T19:57:42+08:00"}
{"event":"get all categories","level":"info","msg":"Success to get all categories","time":"2025-04-14T19:57:42+08:00"}
{"event":"get a article by id","level":"info","msg":"Success","time":"2025-04-14T19:57:42+08:00"}
{"event":"get all categories","level":"info","msg":"Success to get all categories","time":"2025-04-14T19:57:42+08:00"}
{"event":"get all categories","level":"info","msg":"Success to get all categories","time":"2025-04-14T19:57:45+08:00"}
{"event":"get all categories","level":"info","msg":"Success to get all categories","time":"2025-04-14T19:57:45+08:00"}
{"event":"get a article by id","level":"info","msg":"Success","time":"2025-04-14T19:57:45+08:00"}
{"event":"get a article by id","level":"info","msg":"Success","time":"2025-04-14T19:57:45+08:00"}
{"event":"get a articleDTOs by userId","level":"info","msg":"Success","time":"2025-04-14T19:57:50+08:00"}
{"event":"get a articleDTOs by userId","level":"info","msg":"Success","time":"2025-04-14T19:57:50+08:00"}
{"event":"get all categories","level":"info","msg":"Success to get all categories","time":"2025-04-14T19:57:52+08:00"}
{"event":"get a article by id","level":"info","msg":"Success","time":"2025-04-14T19:57:52+08:00"}
{"event":"get all categories","level":"info","msg":"Success to get all categories","time":"2025-04-14T19:57:52+08:00"}
{"event":"get a article by id","level":"info","msg":"Success","time":"2025-04-14T19:57:52+08:00"}
{"event":"get all categories","level":"info","msg":"Success to get all categories","time":"2025-04-14T19:58:52+08:00"}
{"event":"get a article by id","level":"info","msg":"Success","time":"2025-04-14T19:58:52+08:00"}
{"event":"get all categories","level":"info","msg":"Success to get all categories","time":"2025-04-14T19:59:16+08:00"}
{"event":"get a article by id","level":"info","msg":"Success","time":"2025-04-14T19:59:16+08:00"}
{"event":"get all categories","level":"info","msg":"Success to get all categories","time":"2025-04-14T19:59:16+08:00"}
{"event":"get a article by id","level":"info","msg":"Success","time":"2025-04-14T19:59:16+08:00"}
{"event":"get a article by id","level":"info","msg":"Success","time":"2025-04-14T19:59:50+08:00"}
{"event":"get all categories","level":"info","msg":"Success to get all categories","time":"2025-04-14T19:59:50+08:00"}
{"event":"get all categories","level":"info","msg":"Success to get all categories","time":"2025-04-14T20:01:26+08:00"}
{"event":"get a article by id","level":"info","msg":"Success","time":"2025-04-14T20:01:26+08:00"}
{"event":"get a article by id","level":"info","msg":"Success","time":"2025-04-14T20:02:40+08:00"}
{"event":"get all categories","level":"info","msg":"Success to get all categories","time":"2025-04-14T20:02:40+08:00"}
{"event":"get all categories","level":"info","msg":"Success to get all categories","time":"2025-04-14T20:04:46+08:00"}
{"event":"get a article by id","level":"info","msg":"Success","time":"2025-04-14T20:04:46+08:00"}
{"event":"get a article by id","level":"info","msg":"Success","time":"2025-04-14T20:04:46+08:00"}
{"event":"get all categories","level":"info","msg":"Success to get all categories","time":"2025-04-14T20:04:46+08:00"}
{"event":"get a article by id","level":"info","msg":"Success","time":"2025-04-14T20:05:16+08:00"}
{"event":"get all categories","level":"info","msg":"Success to get all categories","time":"2025-04-14T20:05:16+08:00"}
{"event":"get all categories","level":"info","msg":"Success to get all categories","time":"2025-04-14T20:05:16+08:00"}
{"event":"get a article by id","level":"info","msg":"Success","time":"2025-04-14T20:05:16+08:00"}
{"event":"get all categories","level":"info","msg":"Success to get all categories","time":"2025-04-14T20:05:43+08:00"}
{"event":"get a article by id","level":"info","msg":"Success","time":"2025-04-14T20:05:43+08:00"}
{"event":"get a article by id","level":"info","msg":"Success","time":"2025-04-14T20:05:43+08:00"}
{"event":"get all categories","level":"info","msg":"Success to get all categories","time":"2025-04-14T20:05:43+08:00"}
{"event":"get all categories","level":"info","msg":"Success to get all categories","time":"2025-04-14T20:06:12+08:00"}
{"event":"get all categories","level":"info","msg":"Success to get all categories","time":"2025-04-14T20:06:12+08:00"}
{"event":"get a article by id","level":"info","msg":"Success","time":"2025-04-14T20:06:12+08:00"}
{"event":"get a article by id","level":"info","msg":"Success","time":"2025-04-14T20:06:12+08:00"}
{"event":"get all categories","level":"info","msg":"Success to get all categories","time":"2025-04-14T20:07:00+08:00"}
{"event":"get a article by id","level":"info","msg":"Success","time":"2025-04-14T20:07:00+08:00"}
{"event":"get all categories","level":"info","msg":"Success to get all categories","time":"2025-04-14T20:07:00+08:00"}
{"event":"get a article by id","level":"info","msg":"Success","time":"2025-04-14T20:07:00+08:00"}
{"event":"get all categories","level":"info","msg":"Success to get all categories","time":"2025-04-14T20:07:39+08:00"}
{"event":"get a article by id","level":"info","msg":"Success","time":"2025-04-14T20:07:39+08:00"}
{"event":"get all categories","level":"info","msg":"Success to get all categories","time":"2025-04-14T20:07:39+08:00"}
{"event":"get a article by id","level":"info","msg":"Success","time":"2025-04-14T20:07:39+08:00"}
{"event":"get all categories","level":"info","msg":"Success to get all categories","time":"2025-04-14T20:10:09+08:00"}
{"event":"get all categories","level":"info","msg":"Success to get all categories","time":"2025-04-14T20:10:09+08:00"}
{"event":"get a article by id","level":"info","msg":"Success","time":"2025-04-14T20:10:09+08:00"}
{"event":"get a article by id","level":"info","msg":"Success","time":"2025-04-14T20:10:09+08:00"}
{"event":"get all categories","level":"info","msg":"Success to get all categories","time":"2025-04-14T20:11:22+08:00"}
{"event":"get all categories","level":"info","msg":"Success to get all categories","time":"2025-04-14T20:11:22+08:00"}
{"event":"get a article by id","level":"info","msg":"Success","time":"2025-04-14T20:11:22+08:00"}
{"event":"get a article by id","level":"info","msg":"Success","time":"2025-04-14T20:11:22+08:00"}
{"event":"get all categories","level":"info","msg":"Success to get all categories","time":"2025-04-14T20:12:40+08:00"}
{"event":"get all categories","level":"info","msg":"Success to get all categories","time":"2025-04-14T20:12:40+08:00"}
{"event":"get a article by id","level":"info","msg":"Success","time":"2025-04-14T20:12:40+08:00"}
{"event":"get a article by id","level":"info","msg":"Success","time":"2025-04-14T20:12:40+08:00"}
{"event":"get a article by id","level":"info","msg":"Success","time":"2025-04-14T20:15:04+08:00"}
{"event":"get a article by id","level":"info","msg":"Success","time":"2025-04-14T20:15:04+08:00"}
{"event":"get all categories","level":"info","msg":"Success to get all categories","time":"2025-04-14T20:15:04+08:00"}
{"event":"get all categories","level":"info","msg":"Success to get all categories","time":"2025-04-14T20:15:04+08:00"}
{"event":"get all categories","level":"info","msg":"Success to get all categories","time":"2025-04-14T20:16:10+08:00"}
{"event":"get a article by id","level":"info","msg":"Success","time":"2025-04-14T20:16:10+08:00"}
{"event":"get all categories","level":"info","msg":"Success to get all categories","time":"2025-04-14T20:16:10+08:00"}
{"event":"get a article by id","level":"info","msg":"Success","time":"2025-04-14T20:16:10+08:00"}
{"event":"get all categories","level":"info","msg":"Success to get all categories","time":"2025-04-14T20:21:13+08:00"}
{"event":"get all categories","level":"info","msg":"Success to get all categories","time":"2025-04-14T20:21:13+08:00"}
{"event":"get a article by id","level":"info","msg":"Success","time":"2025-04-14T20:21:13+08:00"}
{"event":"get a article by id","level":"info","msg":"Success","time":"2025-04-14T20:21:13+08:00"}
{"event":"get all categories","level":"info","msg":"Success to get all categories","time":"2025-04-14T20:22:08+08:00"}
{"event":"get a article by id","level":"info","msg":"Success","time":"2025-04-14T20:22:08+08:00"}
{"event":"get a article by id","level":"info","msg":"Success","time":"2025-04-14T20:22:49+08:00"}
{"event":"get all categories","level":"info","msg":"Success to get all categories","time":"2025-04-14T20:22:49+08:00"}
{"event":"get a article by id","level":"info","msg":"Success","time":"2025-04-14T20:22:49+08:00"}
{"event":"get all categories","level":"info","msg":"Success to get all categories","time":"2025-04-14T20:22:49+08:00"}
{"event":"get a article by id","level":"info","msg":"Success","time":"2025-04-14T20:23:26+08:00"}
{"event":"get a article by id","level":"info","msg":"Success","time":"2025-04-14T20:23:26+08:00"}
{"event":"get all categories","level":"info","msg":"Success to get all categories","time":"2025-04-14T20:23:26+08:00"}
{"event":"get all categories","level":"info","msg":"Success to get all categories","time":"2025-04-14T20:23:26+08:00"}
{"event":"get a article by id","level":"info","msg":"Success","time":"2025-04-14T20:24:28+08:00"}
{"event":"get all categories","level":"info","msg":"Success to get all categories","time":"2025-04-14T20:24:28+08:00"}
{"event":"get all categories","level":"info","msg":"Success to get all categories","time":"2025-04-14T20:24:28+08:00"}
{"event":"get a article by id","level":"info","msg":"Success","time":"2025-04-14T20:24:28+08:00"}
{"event":"get a article by id","level":"info","msg":"Success","time":"2025-04-14T20:25:39+08:00"}
{"event":"get all categories","level":"info","msg":"Success to get all categories","time":"2025-04-14T20:25:39+08:00"}
{"event":"get a article by id","level":"info","msg":"Success","time":"2025-04-14T20:25:39+08:00"}
{"event":"get all categories","level":"info","msg":"Success to get all categories","time":"2025-04-14T20:25:39+08:00"}
{"event":"get all categories","level":"info","msg":"Success to get all categories","time":"2025-04-14T20:27:40+08:00"}
{"event":"get a article by id","level":"info","msg":"Success","time":"2025-04-14T20:27:40+08:00"}
{"event":"get all categories","level":"info","msg":"Success to get all categories","time":"2025-04-14T20:27:43+08:00"}
{"event":"get all categories","level":"info","msg":"Success to get all categories","time":"2025-04-14T20:27:43+08:00"}
{"event":"get a article by id","level":"info","msg":"Success","time":"2025-04-14T20:27:43+08:00"}
{"event":"get a article by id","level":"info","msg":"Success","time":"2025-04-14T20:27:43+08:00"}
{"event":"get a article by id","level":"info","msg":"Success","time":"2025-04-14T20:31:46+08:00"}
{"event":"get all categories","level":"info","msg":"Success to get all categories","time":"2025-04-14T20:31:46+08:00"}
{"event":"get all categories","level":"info","msg":"Success to get all categories","time":"2025-04-14T20:31:46+08:00"}
{"event":"get a article by id","level":"info","msg":"Success","time":"2025-04-14T20:31:46+08:00"}
{"event":"get all categories","level":"info","msg":"Success to get all categories","time":"2025-04-14T20:32:42+08:00"}
{"event":"get a article by id","level":"info","msg":"Success","time":"2025-04-14T20:32:42+08:00"}
{"event":"get all categories","level":"info","msg":"Success to get all categories","time":"2025-04-14T20:32:45+08:00"}
{"event":"get a article by id","level":"info","msg":"Success","time":"2025-04-14T20:32:45+08:00"}
{"event":"get all categories","level":"info","msg":"Success to get all categories","time":"2025-04-14T20:32:45+08:00"}
{"event":"get a article by id","level":"info","msg":"Success","time":"2025-04-14T20:32:45+08:00"}
{"event":"get all categories","level":"info","msg":"Success to get all categories","time":"2025-04-14T20:34:54+08:00"}
{"event":"get a article by id","level":"info","msg":"Success","time":"2025-04-14T20:34:54+08:00"}
{"event":"get all categories","level":"info","msg":"Success to get all categories","time":"2025-04-14T20:35:17+08:00"}
{"event":"get a article by id","level":"info","msg":"Success","time":"2025-04-14T20:35:17+08:00"}
{"event":"get all categories","level":"info","msg":"Success to get all categories","time":"2025-04-14T20:35:34+08:00"}
{"event":"get a article by id","level":"info","msg":"Success","time":"2025-04-14T20:35:34+08:00"}
{"event":"get all categories","level":"info","msg":"Success to get all categories","time":"2025-04-14T20:35:44+08:00"}
{"event":"get all categories","level":"info","msg":"Success to get all categories","time":"2025-04-14T20:35:44+08:00"}
{"event":"get a article by id","level":"info","msg":"Success","time":"2025-04-14T20:35:44+08:00"}
{"event":"get a article by id","level":"info","msg":"Success","time":"2025-04-14T20:35:44+08:00"}
{"event":"get all categories","level":"info","msg":"Success to get all categories","time":"2025-04-14T20:37:12+08:00"}
{"event":"get a article by id","level":"info","msg":"Success","time":"2025-04-14T20:37:12+08:00"}
{"event":"get all categories","level":"info","msg":"Success to get all categories","time":"2025-04-14T20:37:12+08:00"}
{"event":"get a article by id","level":"info","msg":"Success","time":"2025-04-14T20:37:12+08:00"}
{"event":"get all categories","level":"info","msg":"Success to get all categories","time":"2025-04-14T20:37:38+08:00"}
{"event":"get a article by id","level":"info","msg":"Success","time":"2025-04-14T20:37:38+08:00"}
{"event":"get all categories","level":"info","msg":"Success to get all categories","time":"2025-04-14T20:37:38+08:00"}
{"event":"get a article by id","level":"info","msg":"Success","time":"2025-04-14T20:37:38+08:00"}
{"event":"get all categories","level":"info","msg":"Success to get all categories","time":"2025-04-15T18:38:23+08:00"}
{"event":"get all categories","level":"info","msg":"Success to get all categories","time":"2025-04-15T18:38:23+08:00"}
{"event":"get all categories","level":"info","msg":"Success to get all categories","time":"2025-04-15T18:38:23+08:00"}
{"event":"get a article by id","level":"info","msg":"Success","time":"2025-04-15T18:38:23+08:00"}
{"event":"get a article by id","level":"info","msg":"Success","time":"2025-04-15T18:38:23+08:00"}
{"event":"get all categories","level":"info","msg":"Success to get all categories","time":"2025-04-15T18:38:23+08:00"}
{"event":"get get articleCategoryList by categoryId","level":"info","msg":"Success to get articleCategoryList by categoryId","time":"2025-04-15T18:38:23+08:00"}
{"event":"get get articleCategoryList by categoryId","level":"info","msg":"Success to get articleCategoryList by categoryId","time":"2025-04-15T18:38:23+08:00"}
{"event":"get a articleDTO by id","level":"info","msg":"Success","time":"2025-04-15T18:38:23+08:00"}
{"event":"get a articleDTO by id","level":"info","msg":"Success","time":"2025-04-15T18:38:23+08:00"}
{"event":"get a articleDTO by id","level":"info","msg":"Success","time":"2025-04-15T18:38:23+08:00"}
{"event":"get a articleDTO by id","level":"info","msg":"Success","time":"2025-04-15T18:38:23+08:00"}
{"event":"get a articleDTO by id","level":"info","msg":"Success","time":"2025-04-15T18:38:23+08:00"}
{"event":"get a articleDTO by id","level":"info","msg":"Success","time":"2025-04-15T18:38:23+08:00"}
{"event":"get get articleCategoryList by categoryId","level":"info","msg":"Success to get articleCategoryList by categoryId","time":"2025-04-15T18:38:23+08:00"}
{"event":"get get articleCategoryList by categoryId","level":"info","msg":"Success to get articleCategoryList by categoryId","time":"2025-04-15T18:38:23+08:00"}
{"event":"get a articleDTO by id","level":"info","msg":"Success","time":"2025-04-15T18:38:23+08:00"}
{"event":"get a articleDTO by id","level":"info","msg":"Success","time":"2025-04-15T18:38:23+08:00"}
{"event":"get a articleDTO by id","level":"info","msg":"Success","time":"2025-04-15T18:38:23+08:00"}
{"event":"get a articleDTO by id","level":"info","msg":"Success","time":"2025-04-15T18:38:23+08:00"}
{"event":"get a articleDTO by id","level":"info","msg":"Success","time":"2025-04-15T18:38:23+08:00"}
{"event":"get a articleDTO by id","level":"info","msg":"Success","time":"2025-04-15T18:38:23+08:00"}
{"event":"get get articleCategoryList by categoryId","level":"info","msg":"Success to get articleCategoryList by categoryId","time":"2025-04-15T18:38:23+08:00"}
{"event":"get a articleDTO by id","level":"info","msg":"Success","time":"2025-04-15T18:38:23+08:00"}
{"event":"get get articleCategoryList by categoryId","level":"info","msg":"Success to get articleCategoryList by categoryId","time":"2025-04-15T18:38:23+08:00"}
{"event":"get a articleDTO by id","level":"info","msg":"Success","time":"2025-04-15T18:38:23+08:00"}
{"event":"get a articleDTO by id","level":"info","msg":"Success","time":"2025-04-15T18:38:23+08:00"}
{"event":"get a articleDTO by id","level":"info","msg":"Success","time":"2025-04-15T18:38:23+08:00"}
{"event":"get a articleDTO by id","level":"info","msg":"Success","time":"2025-04-15T18:38:23+08:00"}
{"event":"get a articleDTO by id","level":"info","msg":"Success","time":"2025-04-15T18:38:23+08:00"}
{"event":"get a articleDTOs by userId","level":"info","msg":"Success","time":"2025-04-15T18:38:29+08:00"}
{"event":"get a articleDTOs by userId","level":"info","msg":"Success","time":"2025-04-15T18:38:29+08:00"}
{"event":"get all categories","level":"info","msg":"Success to get all categories","time":"2025-04-15T18:38:31+08:00"}
{"event":"get a article by id","level":"info","msg":"Success","time":"2025-04-15T18:38:31+08:00"}
{"event":"get all categories","level":"info","msg":"Success to get all categories","time":"2025-04-15T18:38:31+08:00"}
{"event":"get a article by id","level":"info","msg":"Success","time":"2025-04-15T18:38:31+08:00"}
{"event":"get all categories","level":"info","msg":"Success to get all categories","time":"2025-04-15T18:39:09+08:00"}
{"event":"get a article by id","level":"info","msg":"Success","time":"2025-04-15T18:39:09+08:00"}
{"event":"get all categories","level":"info","msg":"Success to get all categories","time":"2025-04-15T18:39:09+08:00"}
{"event":"get a article by id","level":"info","msg":"Success","time":"2025-04-15T18:39:09+08:00"}
{"event":"get a article by id","level":"info","msg":"Success","time":"2025-04-15T18:40:09+08:00"}
{"event":"get all categories","level":"info","msg":"Success to get all categories","time":"2025-04-15T18:40:09+08:00"}
{"event":"get all categories","level":"info","msg":"Success to get all categories","time":"2025-04-15T18:40:09+08:00"}
{"event":"get a article by id","level":"info","msg":"Success","time":"2025-04-15T18:40:09+08:00"}
{"event":"get all categories","level":"info","msg":"Success to get all categories","time":"2025-04-15T18:42:17+08:00"}
{"event":"get a article by id","level":"info","msg":"Success","time":"2025-04-15T18:42:17+08:00"}
{"event":"get all categories","level":"info","msg":"Success to get all categories","time":"2025-04-15T18:42:20+08:00"}
{"event":"get a article by id","level":"info","msg":"Success","time":"2025-04-15T18:42:20+08:00"}
{"event":"get all categories","level":"info","msg":"Success to get all categories","time":"2025-04-15T18:42:24+08:00"}
{"event":"get all categories","level":"info","msg":"Success to get all categories","time":"2025-04-15T18:42:24+08:00"}
{"event":"get a article by id","level":"info","msg":"Success","time":"2025-04-15T18:42:24+08:00"}
{"event":"get a article by id","level":"info","msg":"Success","time":"2025-04-15T18:42:24+08:00"}
{"event":"get a article by id","level":"info","msg":"Success","time":"2025-04-15T18:44:32+08:00"}
{"event":"get all categories","level":"info","msg":"Success to get all categories","time":"2025-04-15T18:44:32+08:00"}
{"event":"get all categories","level":"info","msg":"Success to get all categories","time":"2025-04-15T18:44:32+08:00"}
{"event":"get a article by id","level":"info","msg":"Success","time":"2025-04-15T18:44:32+08:00"}
{"event":"get all categories","level":"info","msg":"Success to get all categories","time":"2025-04-15T18:46:39+08:00"}
{"event":"get a article by id","level":"info","msg":"Success","time":"2025-04-15T18:46:39+08:00"}
{"event":"get all categories","level":"info","msg":"Success to get all categories","time":"2025-04-15T18:46:43+08:00"}
{"event":"get a article by id","level":"info","msg":"Success","time":"2025-04-15T18:46:43+08:00"}
{"event":"get a article by id","level":"info","msg":"Success","time":"2025-04-15T18:46:43+08:00"}
{"event":"get all categories","level":"info","msg":"Success to get all categories","time":"2025-04-15T18:46:43+08:00"}
{"event":"get all categories","level":"info","msg":"Success to get all categories","time":"2025-04-15T18:54:12+08:00"}
{"event":"get a article by id","level":"info","msg":"Success","time":"2025-04-15T18:54:12+08:00"}
{"event":"get all categories","level":"info","msg":"Success to get all categories","time":"2025-04-15T18:54:32+08:00"}
{"event":"get all categories","level":"info","msg":"Success to get all categories","time":"2025-04-15T18:54:32+08:00"}
{"event":"get a article by id","level":"info","msg":"Success","time":"2025-04-15T18:54:32+08:00"}
{"event":"get a article by id","level":"info","msg":"Success","time":"2025-04-15T18:54:32+08:00"}
{"event":"get all categories","level":"info","msg":"Success to get all categories","time":"2025-04-15T18:55:34+08:00"}
{"event":"get a article by id","level":"info","msg":"Success","time":"2025-04-15T18:55:34+08:00"}
{"event":"get all categories","level":"info","msg":"Success to get all categories","time":"2025-04-15T18:55:34+08:00"}
{"event":"get a article by id","level":"info","msg":"Success","time":"2025-04-15T18:55:34+08:00"}
{"event":"get all categories","level":"info","msg":"Success to get all categories","time":"2025-04-15T18:57:13+08:00"}
{"event":"get a article by id","level":"info","msg":"Success","time":"2025-04-15T18:57:13+08:00"}
{"event":"get all categories","level":"info","msg":"Success to get all categories","time":"2025-04-15T18:57:29+08:00"}
{"event":"get a article by id","level":"info","msg":"Success","time":"2025-04-15T18:57:29+08:00"}
{"event":"get all categories","level":"info","msg":"Success to get all categories","time":"2025-04-15T19:50:23+08:00"}
{"event":"get a article by id","level":"info","msg":"Success","time":"2025-04-15T19:50:23+08:00"}
{"event":"get a article by id","level":"info","msg":"Success","time":"2025-04-15T19:50:24+08:00"}
{"event":"get all categories","level":"info","msg":"Success to get all categories","time":"2025-04-15T19:50:24+08:00"}
{"event":"get all categories","level":"info","msg":"Success to get all categories","time":"2025-04-15T19:51:44+08:00"}
{"event":"get a article by id","level":"info","msg":"Success","time":"2025-04-15T19:51:44+08:00"}
{"event":"get all categories","level":"info","msg":"Success to get all categories","time":"2025-04-15T19:51:44+08:00"}
{"event":"get a article by id","level":"info","msg":"Success","time":"2025-04-15T19:51:44+08:00"}
{"event":"get all categories","level":"info","msg":"Success to get all categories","time":"2025-04-15T19:52:01+08:00"}
{"event":"get a article by id","level":"info","msg":"Success","time":"2025-04-15T19:52:01+08:00"}
{"event":"get all categories","level":"info","msg":"Success to get all categories","time":"2025-04-15T19:52:01+08:00"}
{"event":"get a article by id","level":"info","msg":"Success","time":"2025-04-15T19:52:01+08:00"}
{"event":"get all categories","level":"info","msg":"Success to get all categories","time":"2025-04-15T19:52:36+08:00"}
{"event":"get a article by id","level":"info","msg":"Success","time":"2025-04-15T19:52:36+08:00"}
{"event":"get all categories","level":"info","msg":"Success to get all categories","time":"2025-04-15T19:52:50+08:00"}
{"event":"get a article by id","level":"info","msg":"Success","time":"2025-04-15T19:52:50+08:00"}
{"event":"get all categories","level":"info","msg":"Success to get all categories","time":"2025-04-15T19:52:50+08:00"}
{"event":"get a article by id","level":"info","msg":"Success","time":"2025-04-15T19:52:50+08:00"}
{"event":"get all categories","level":"info","msg":"Success to get all categories","time":"2025-04-15T19:53:03+08:00"}
{"event":"get a article by id","level":"info","msg":"Success","time":"2025-04-15T19:53:03+08:00"}
{"event":"get all categories","level":"info","msg":"Success to get all categories","time":"2025-04-15T19:53:03+08:00"}
{"event":"get a article by id","level":"info","msg":"Success","time":"2025-04-15T19:53:03+08:00"}
{"event":"get a article by id","level":"info","msg":"Success","time":"2025-04-15T20:00:33+08:00"}
{"event":"get all categories","level":"info","msg":"Success to get all categories","time":"2025-04-15T20:00:33+08:00"}
{"event":"get a article by id","level":"info","msg":"Success","time":"2025-04-15T20:00:43+08:00"}
{"event":"get all categories","level":"info","msg":"Success to get all categories","time":"2025-04-15T20:00:43+08:00"}
{"event":"get a articleDTOs by userId","level":"info","msg":"Success","time":"2025-04-15T20:13:25+08:00"}
{"event":"get a articleDTOs by userId","level":"info","msg":"Success","time":"2025-04-15T20:13:25+08:00"}
{"event":"get all categories","level":"info","msg":"Success to get all categories","time":"2025-04-15T20:13:27+08:00"}
{"event":"get a article by id","level":"info","msg":"Success","time":"2025-04-15T20:13:27+08:00"}
{"event":"get all categories","level":"info","msg":"Success to get all categories","time":"2025-04-15T20:13:27+08:00"}
{"event":"get a article by id","level":"info","msg":"Success","time":"2025-04-15T20:13:27+08:00"}
{"event":"get all categories","level":"info","msg":"Success to get all categories","time":"2025-04-15T20:14:30+08:00"}
{"event":"get all categories","level":"info","msg":"Success to get all categories","time":"2025-04-15T20:14:30+08:00"}
{"event":"get a article by id","level":"info","msg":"Success","time":"2025-04-15T20:14:30+08:00"}
{"event":"get a article by id","level":"info","msg":"Success","time":"2025-04-15T20:14:30+08:00"}
{"event":"get a articleDTOs by userId","level":"info","msg":"Success","time":"2025-04-15T20:14:31+08:00"}
{"event":"get a articleDTOs by userId","level":"info","msg":"Success","time":"2025-04-15T20:14:31+08:00"}
{"event":"get all categories","level":"info","msg":"Success to get all categories","time":"2025-04-15T20:14:33+08:00"}
{"event":"get a article by id","level":"info","msg":"Success","time":"2025-04-15T20:14:33+08:00"}
{"event":"get a article by id","level":"info","msg":"Success","time":"2025-04-15T20:14:33+08:00"}
{"event":"get all categories","level":"info","msg":"Success to get all categories","time":"2025-04-15T20:14:33+08:00"}
{"event":"get a articleDTOs by userId","level":"info","msg":"Success","time":"2025-04-15T20:14:35+08:00"}
{"event":"get a articleDTOs by userId","level":"info","msg":"Success","time":"2025-04-15T20:14:35+08:00"}
{"event":"get all categories","level":"info","msg":"Success to get all categories","time":"2025-04-15T20:14:37+08:00"}
{"event":"get all categories","level":"info","msg":"Success to get all categories","time":"2025-04-15T20:14:37+08:00"}
{"event":"get a article by id","level":"info","msg":"Success","time":"2025-04-15T20:14:37+08:00"}
{"event":"get a article by id","level":"info","msg":"Success","time":"2025-04-15T20:14:37+08:00"}
{"event":"get all categories","level":"info","msg":"Success to get all categories","time":"2025-04-16T19:03:03+08:00"}
{"event":"get a article by id","level":"info","msg":"Success","time":"2025-04-16T19:03:03+08:00"}
{"event":"get all categories","level":"info","msg":"Success to get all categories","time":"2025-04-16T19:03:03+08:00"}
{"event":"get all categories","level":"info","msg":"Success to get all categories","time":"2025-04-16T19:03:03+08:00"}
{"event":"get all categories","level":"info","msg":"Success to get all categories","time":"2025-04-16T19:03:03+08:00"}
{"event":"get get articleCategoryList by categoryId","level":"info","msg":"Success to get articleCategoryList by categoryId","time":"2025-04-16T19:03:03+08:00"}
{"event":"get get articleCategoryList by categoryId","level":"info","msg":"Success to get articleCategoryList by categoryId","time":"2025-04-16T19:03:03+08:00"}
{"event":"get a articleDTO by id","level":"info","msg":"Success","time":"2025-04-16T19:03:03+08:00"}
{"event":"get a articleDTO by id","level":"info","msg":"Success","time":"2025-04-16T19:03:03+08:00"}
{"event":"get a articleDTO by id","level":"info","msg":"Success","time":"2025-04-16T19:03:03+08:00"}
{"event":"get a articleDTO by id","level":"info","msg":"Success","time":"2025-04-16T19:03:03+08:00"}
{"event":"get a articleDTO by id","level":"info","msg":"Success","time":"2025-04-16T19:03:03+08:00"}
{"event":"get get articleCategoryList by categoryId","level":"info","msg":"Success to get articleCategoryList by categoryId","time":"2025-04-16T19:03:03+08:00"}
{"event":"get a articleDTO by id","level":"info","msg":"Success","time":"2025-04-16T19:03:03+08:00"}
{"event":"get a articleDTO by id","level":"info","msg":"Success","time":"2025-04-16T19:03:03+08:00"}
{"event":"get a articleDTO by id","level":"info","msg":"Success","time":"2025-04-16T19:03:03+08:00"}
{"event":"get get articleCategoryList by categoryId","level":"info","msg":"Success to get articleCategoryList by categoryId","time":"2025-04-16T19:03:03+08:00"}
{"event":"get a articleDTO by id","level":"info","msg":"Success","time":"2025-04-16T19:03:03+08:00"}
{"event":"get get articleCategoryList by categoryId","level":"info","msg":"Success to get articleCategoryList by categoryId","time":"2025-04-16T19:03:03+08:00"}
{"event":"get a articleDTO by id","level":"info","msg":"Success","time":"2025-04-16T19:03:03+08:00"}
{"event":"get a articleDTO by id","level":"info","msg":"Success","time":"2025-04-16T19:03:03+08:00"}
{"event":"get a articleDTO by id","level":"info","msg":"Success","time":"2025-04-16T19:03:03+08:00"}
{"event":"get a articleDTO by id","level":"info","msg":"Success","time":"2025-04-16T19:03:03+08:00"}
{"event":"get a articleDTO by id","level":"info","msg":"Success","time":"2025-04-16T19:03:03+08:00"}
{"event":"get get articleCategoryList by categoryId","level":"info","msg":"Success to get articleCategoryList by categoryId","time":"2025-04-16T19:03:03+08:00"}
{"event":"get a articleDTO by id","level":"info","msg":"Success","time":"2025-04-16T19:03:03+08:00"}
{"event":"get a articleDTO by id","level":"info","msg":"Success","time":"2025-04-16T19:03:03+08:00"}
{"event":"get a articleDTO by id","level":"info","msg":"Success","time":"2025-04-16T19:03:03+08:00"}
{"event":"get a articleDTO by id","level":"info","msg":"Success","time":"2025-04-16T19:03:03+08:00"}
{"event":"get a articleDTOs by userId","level":"info","msg":"Success","time":"2025-04-16T19:03:08+08:00"}
{"event":"get a articleDTOs by userId","level":"info","msg":"Success","time":"2025-04-16T19:03:08+08:00"}
{"event":"get all categories","level":"info","msg":"Success to get all categories","time":"2025-04-16T19:03:12+08:00"}
{"event":"get a article by id","level":"info","msg":"Success","time":"2025-04-16T19:03:12+08:00"}
{"event":"get a article by id","level":"info","msg":"Success","time":"2025-04-16T19:03:12+08:00"}
{"event":"get all categories","level":"info","msg":"Success to get all categories","time":"2025-04-16T19:03:12+08:00"}
{"event":"get a article by id","level":"info","msg":"Success","time":"2025-04-16T19:42:23+08:00"}
{"event":"get all categories","level":"info","msg":"Success to get all categories","time":"2025-04-16T19:42:23+08:00"}
{"event":"get a article by id","level":"info","msg":"Success","time":"2025-04-16T19:42:23+08:00"}
{"event":"get all categories","level":"info","msg":"Success to get all categories","time":"2025-04-16T19:42:23+08:00"}
{"event":"get all categories","level":"info","msg":"Success to get all categories","time":"2025-04-16T19:42:25+08:00"}
{"event":"get a article by id","level":"info","msg":"Success","time":"2025-04-16T19:42:25+08:00"}
{"event":"get all categories","level":"info","msg":"Success to get all categories","time":"2025-04-16T19:42:25+08:00"}
{"event":"get a article by id","level":"info","msg":"Success","time":"2025-04-16T19:42:25+08:00"}
{"event":"get all categories","level":"info","msg":"Success to get all categories","time":"2025-04-16T19:43:08+08:00"}
{"event":"get a article by id","level":"info","msg":"Success","time":"2025-04-16T19:43:08+08:00"}
{"event":"get all categories","level":"info","msg":"Success to get all categories","time":"2025-04-16T19:43:08+08:00"}
{"event":"get a article by id","level":"info","msg":"Success","time":"2025-04-16T19:43:08+08:00"}
{"event":"get all categories","level":"info","msg":"Success to get all categories","time":"2025-04-16T19:45:03+08:00"}
{"event":"get a article by id","level":"info","msg":"Success","time":"2025-04-16T19:45:03+08:00"}
{"event":"get all categories","level":"info","msg":"Success to get all categories","time":"2025-04-16T19:45:03+08:00"}
{"event":"get a article by id","level":"info","msg":"Success","time":"2025-04-16T19:45:03+08:00"}
{"event":"get all categories","level":"info","msg":"Success to get all categories","time":"2025-04-16T19:45:49+08:00"}
{"event":"get all categories","level":"info","msg":"Success to get all categories","time":"2025-04-16T19:45:49+08:00"}
{"event":"get a article by id","level":"info","msg":"Success","time":"2025-04-16T19:45:49+08:00"}
{"event":"get a article by id","level":"info","msg":"Success","time":"2025-04-16T19:45:49+08:00"}
{"event":"get a article by id","level":"info","msg":"Success","time":"2025-04-16T19:49:19+08:00"}
{"event":"get all categories","level":"info","msg":"Success to get all categories","time":"2025-04-16T19:49:19+08:00"}
{"event":"get all categories","level":"info","msg":"Success to get all categories","time":"2025-04-16T19:49:19+08:00"}
{"event":"get a article by id","level":"info","msg":"Success","time":"2025-04-16T19:49:19+08:00"}
{"event":"get all categories","level":"info","msg":"Success to get all categories","time":"2025-04-16T19:52:49+08:00"}
{"event":"get a article by id","level":"info","msg":"Success","time":"2025-04-16T19:52:49+08:00"}
{"event":"get all categories","level":"info","msg":"Success to get all categories","time":"2025-04-16T19:52:49+08:00"}
{"event":"get a article by id","level":"info","msg":"Success","time":"2025-04-16T19:52:49+08:00"}
{"event":"get a article by id","level":"info","msg":"Success","time":"2025-04-16T19:53:39+08:00"}
{"event":"get a article by id","level":"info","msg":"Success","time":"2025-04-16T19:53:39+08:00"}
{"event":"get all categories","level":"info","msg":"Success to get all categories","time":"2025-04-16T19:53:39+08:00"}
{"event":"get all categories","level":"info","msg":"Success to get all categories","time":"2025-04-16T19:53:39+08:00"}
{"event":"get all categories","level":"info","msg":"Success to get all categories","time":"2025-04-16T19:54:50+08:00"}
{"event":"get a article by id","level":"info","msg":"Success","time":"2025-04-16T19:54:50+08:00"}
{"event":"get a article by id","level":"info","msg":"Success","time":"2025-04-16T19:54:50+08:00"}
{"event":"get all categories","level":"info","msg":"Success to get all categories","time":"2025-04-16T19:54:50+08:00"}
{"event":"get all categories","level":"info","msg":"Success to get all categories","time":"2025-04-16T20:00:01+08:00"}
{"event":"get a article by id","level":"info","msg":"Success","time":"2025-04-16T20:00:01+08:00"}
{"event":"get a article by id","level":"info","msg":"Success","time":"2025-04-16T20:00:01+08:00"}
{"event":"get all categories","level":"info","msg":"Success to get all categories","time":"2025-04-16T20:00:01+08:00"}
{"event":"get a article by id","level":"info","msg":"Success","time":"2025-04-16T20:03:40+08:00"}
{"event":"get all categories","level":"info","msg":"Success to get all categories","time":"2025-04-16T20:03:40+08:00"}
{"event":"get all categories","level":"info","msg":"Success to get all categories","time":"2025-04-16T20:03:40+08:00"}
{"event":"get a article by id","level":"info","msg":"Success","time":"2025-04-16T20:03:40+08:00"}
{"event":"get a article by id","level":"info","msg":"Success","time":"2025-04-16T20:05:24+08:00"}
{"event":"get all categories","level":"info","msg":"Success to get all categories","time":"2025-04-16T20:05:24+08:00"}
{"event":"get all categories","level":"info","msg":"Success to get all categories","time":"2025-04-16T20:05:24+08:00"}
{"event":"get a article by id","level":"info","msg":"Success","time":"2025-04-16T20:05:24+08:00"}
{"event":"get all categories","level":"info","msg":"Success to get all categories","time":"2025-04-16T20:08:06+08:00"}
{"event":"get a article by id","level":"info","msg":"Success","time":"2025-04-16T20:08:06+08:00"}
{"event":"get all categories","level":"info","msg":"Success to get all categories","time":"2025-04-16T20:08:43+08:00"}
{"event":"get all categories","level":"info","msg":"Success to get all categories","time":"2025-04-16T20:08:43+08:00"}
{"event":"get a article by id","level":"info","msg":"Success","time":"2025-04-16T20:08:43+08:00"}
{"event":"get a article by id","level":"info","msg":"Success","time":"2025-04-16T20:08:43+08:00"}
{"event":"get a articleDTOs by userId","level":"info","msg":"Success","time":"2025-04-16T20:08:49+08:00"}
{"event":"get a articleDTOs by userId","level":"info","msg":"Success","time":"2025-04-16T20:08:49+08:00"}
{"event":"get all categories","level":"info","msg":"Success to get all categories","time":"2025-04-16T20:08:52+08:00"}
{"event":"get all categories","level":"info","msg":"Success to get all categories","time":"2025-04-16T20:08:52+08:00"}
{"event":"get a article by id","level":"info","msg":"Success","time":"2025-04-16T20:08:52+08:00"}
{"event":"get a article by id","level":"info","msg":"Success","time":"2025-04-16T20:08:52+08:00"}
{"event":"get a article by id","level":"info","msg":"Success","time":"2025-04-16T20:09:09+08:00"}
{"event":"get all categories","level":"info","msg":"Success to get all categories","time":"2025-04-16T20:09:09+08:00"}
{"event":"get a article by id","level":"info","msg":"Success","time":"2025-04-16T20:09:09+08:00"}
{"event":"get all categories","level":"info","msg":"Success to get all categories","time":"2025-04-16T20:09:09+08:00"}
{"event":"get a articleDTOs by userId","level":"info","msg":"Success","time":"2025-04-16T20:09:11+08:00"}
{"event":"get a articleDTOs by userId","level":"info","msg":"Success","time":"2025-04-16T20:09:11+08:00"}
{"event":"get a articleDTOs by userId","level":"info","msg":"Success","time":"2025-04-16T20:11:11+08:00"}
{"event":"get a articleDTOs by userId","level":"info","msg":"Success","time":"2025-04-16T20:11:11+08:00"}
{"event":"get all categories","level":"info","msg":"Success to get all categories","time":"2025-04-16T20:11:12+08:00"}
{"event":"get all categories","level":"info","msg":"Success to get all categories","time":"2025-04-16T20:11:12+08:00"}
{"event":"get a article by id","level":"info","msg":"Success","time":"2025-04-16T20:11:12+08:00"}
{"event":"get a article by id","level":"info","msg":"Success","time":"2025-04-16T20:11:12+08:00"}
{"event":"get a articleDTOs by userId","level":"info","msg":"Success","time":"2025-04-16T20:11:15+08:00"}
{"event":"get a articleDTOs by userId","level":"info","msg":"Success","time":"2025-04-16T20:11:15+08:00"}
{"event":"get all categories","level":"info","msg":"Success to get all categories","time":"2025-04-16T20:11:17+08:00"}
{"event":"get a article by id","level":"info","msg":"Success","time":"2025-04-16T20:11:17+08:00"}
{"event":"get all categories","level":"info","msg":"Success to get all categories","time":"2025-04-16T20:11:17+08:00"}
{"event":"get a article by id","level":"info","msg":"Success","time":"2025-04-16T20:11:17+08:00"}
{"event":"get all categories","level":"info","msg":"Success to get all categories","time":"2025-04-16T20:11:19+08:00"}
{"event":"get a article by id","level":"info","msg":"Success","time":"2025-04-16T20:11:19+08:00"}
{"event":"get all categories","level":"info","msg":"Success to get all categories","time":"2025-04-16T20:11:19+08:00"}
{"event":"get a article by id","level":"info","msg":"Success","time":"2025-04-16T20:11:19+08:00"}
{"event":"get a articleDTOs by userId","level":"info","msg":"Success","time":"2025-04-16T20:11:20+08:00"}
{"event":"get a articleDTOs by userId","level":"info","msg":"Success","time":"2025-04-16T20:11:20+08:00"}
{"event":"get a articleDTOs by userId","level":"info","msg":"Success","time":"2025-04-16T20:11:22+08:00"}
{"event":"get a articleDTOs by userId","level":"info","msg":"Success","time":"2025-04-16T20:11:22+08:00"}
{"event":"get a articleDTOs by userId","level":"info","msg":"Success","time":"2025-04-16T20:12:39+08:00"}
{"event":"get a articleDTOs by userId","level":"info","msg":"Success","time":"2025-04-16T20:12:39+08:00"}
{"event":"get all categories","level":"info","msg":"Success to get all categories","time":"2025-04-16T20:12:42+08:00"}
{"event":"get all categories","level":"info","msg":"Success to get all categories","time":"2025-04-16T20:12:42+08:00"}
{"event":"get get articleCategoryList by categoryId","level":"info","msg":"Success to get articleCategoryList by categoryId","time":"2025-04-16T20:12:42+08:00"}
{"event":"get get articleCategoryList by categoryId","level":"info","msg":"Success to get articleCategoryList by categoryId","time":"2025-04-16T20:12:42+08:00"}
{"event":"get a articleDTO by id","level":"info","msg":"Success","time":"2025-04-16T20:12:42+08:00"}
{"event":"get a articleDTO by id","level":"info","msg":"Success","time":"2025-04-16T20:12:42+08:00"}
{"event":"get a articleDTO by id","level":"info","msg":"Success","time":"2025-04-16T20:12:42+08:00"}
{"event":"get a articleDTO by id","level":"info","msg":"Success","time":"2025-04-16T20:12:42+08:00"}
{"event":"get a articleDTO by id","level":"info","msg":"Success","time":"2025-04-16T20:12:42+08:00"}
{"event":"get get articleCategoryList by categoryId","level":"info","msg":"Success to get articleCategoryList by categoryId","time":"2025-04-16T20:12:42+08:00"}
{"event":"get a articleDTO by id","level":"info","msg":"Success","time":"2025-04-16T20:12:42+08:00"}
{"event":"get a articleDTO by id","level":"info","msg":"Success","time":"2025-04-16T20:12:42+08:00"}
{"event":"get a articleDTO by id","level":"info","msg":"Success","time":"2025-04-16T20:12:42+08:00"}
{"event":"get get articleCategoryList by categoryId","level":"info","msg":"Success to get articleCategoryList by categoryId","time":"2025-04-16T20:12:42+08:00"}
{"event":"get get articleCategoryList by categoryId","level":"info","msg":"Success to get articleCategoryList by categoryId","time":"2025-04-16T20:12:42+08:00"}
{"event":"get a articleDTO by id","level":"info","msg":"Success","time":"2025-04-16T20:12:42+08:00"}
{"event":"get a articleDTO by id","level":"info","msg":"Success","time":"2025-04-16T20:12:42+08:00"}
{"event":"get a articleDTO by id","level":"info","msg":"Success","time":"2025-04-16T20:12:42+08:00"}
{"event":"get a articleDTO by id","level":"info","msg":"Success","time":"2025-04-16T20:12:42+08:00"}
{"event":"get a articleDTO by id","level":"info","msg":"Success","time":"2025-04-16T20:12:42+08:00"}
{"event":"get a articleDTO by id","level":"info","msg":"Success","time":"2025-04-16T20:12:42+08:00"}
{"event":"get get articleCategoryList by categoryId","level":"info","msg":"Success to get articleCategoryList by categoryId","time":"2025-04-16T20:12:42+08:00"}
{"event":"get a articleDTO by id","level":"info","msg":"Success","time":"2025-04-16T20:12:42+08:00"}
{"event":"get a articleDTO by id","level":"info","msg":"Success","time":"2025-04-16T20:12:42+08:00"}
{"event":"get a articleDTO by id","level":"info","msg":"Success","time":"2025-04-16T20:12:42+08:00"}
{"event":"get a articleDTO by id","level":"info","msg":"Success","time":"2025-04-16T20:12:42+08:00"}
{"event":"get a articleDTOs by userId","level":"info","msg":"Success","time":"2025-04-16T20:12:43+08:00"}
{"event":"get a articleDTOs by userId","level":"info","msg":"Success","time":"2025-04-16T20:12:43+08:00"}
{"event":"get all categories","level":"info","msg":"Success to get all categories","time":"2025-04-16T20:12:45+08:00"}
{"event":"get all categories","level":"info","msg":"Success to get all categories","time":"2025-04-16T20:12:45+08:00"}
{"event":"get a article by id","level":"info","msg":"Success","time":"2025-04-16T20:12:45+08:00"}
{"event":"get a article by id","level":"info","msg":"Success","time":"2025-04-16T20:12:45+08:00"}
{"event":"get a articleDTOs by userId","level":"info","msg":"Success","time":"2025-04-16T20:12:46+08:00"}
{"event":"get a articleDTOs by userId","level":"info","msg":"Success","time":"2025-04-16T20:12:46+08:00"}
{"event":"get a articleDTOs by userId","level":"info","msg":"Success","time":"2025-04-16T20:12:47+08:00"}
{"event":"get all categories","level":"info","msg":"Success to get all categories","time":"2025-04-16T20:13:39+08:00"}
{"event":"get all categories","level":"info","msg":"Success to get all categories","time":"2025-04-16T20:13:39+08:00"}
{"event":"get get articleCategoryList by categoryId","level":"info","msg":"Success to get articleCategoryList by categoryId","time":"2025-04-16T20:13:39+08:00"}
{"event":"get get articleCategoryList by categoryId","level":"info","msg":"Success to get articleCategoryList by categoryId","time":"2025-04-16T20:13:39+08:00"}
{"event":"get a articleDTO by id","level":"info","msg":"Success","time":"2025-04-16T20:13:39+08:00"}
{"event":"get a articleDTO by id","level":"info","msg":"Success","time":"2025-04-16T20:13:39+08:00"}
{"event":"get a articleDTO by id","level":"info","msg":"Success","time":"2025-04-16T20:13:39+08:00"}
{"event":"get a articleDTO by id","level":"info","msg":"Success","time":"2025-04-16T20:13:39+08:00"}
{"event":"get a articleDTO by id","level":"info","msg":"Success","time":"2025-04-16T20:13:39+08:00"}
{"event":"get a articleDTO by id","level":"info","msg":"Success","time":"2025-04-16T20:13:39+08:00"}
{"event":"get get articleCategoryList by categoryId","level":"info","msg":"Success to get articleCategoryList by categoryId","time":"2025-04-16T20:13:39+08:00"}
{"event":"get a articleDTO by id","level":"info","msg":"Success","time":"2025-04-16T20:13:39+08:00"}
{"event":"get get articleCategoryList by categoryId","level":"info","msg":"Success to get articleCategoryList by categoryId","time":"2025-04-16T20:13:39+08:00"}
{"event":"get a articleDTO by id","level":"info","msg":"Success","time":"2025-04-16T20:13:39+08:00"}
{"event":"get a articleDTO by id","level":"info","msg":"Success","time":"2025-04-16T20:13:39+08:00"}
{"event":"get a articleDTO by id","level":"info","msg":"Success","time":"2025-04-16T20:13:39+08:00"}
{"event":"get a articleDTO by id","level":"info","msg":"Success","time":"2025-04-16T20:13:39+08:00"}
{"event":"get get articleCategoryList by categoryId","level":"info","msg":"Success to get articleCategoryList by categoryId","time":"2025-04-16T20:13:39+08:00"}
{"event":"get a articleDTO by id","level":"info","msg":"Success","time":"2025-04-16T20:13:39+08:00"}
{"event":"get a articleDTO by id","level":"info","msg":"Success","time":"2025-04-16T20:13:39+08:00"}
{"event":"get a articleDTO by id","level":"info","msg":"Success","time":"2025-04-16T20:13:39+08:00"}
{"event":"get get articleCategoryList by categoryId","level":"info","msg":"Success to get articleCategoryList by categoryId","time":"2025-04-16T20:13:39+08:00"}
{"event":"get a articleDTO by id","level":"info","msg":"Success","time":"2025-04-16T20:13:39+08:00"}
{"event":"get a articleDTO by id","level":"info","msg":"Success","time":"2025-04-16T20:13:39+08:00"}
{"event":"get a articleDTO by id","level":"info","msg":"Success","time":"2025-04-16T20:13:39+08:00"}
{"event":"get a articleDTO by id","level":"info","msg":"Success","time":"2025-04-16T20:13:39+08:00"}
{"event":"get a articleDTOs by userId","level":"info","msg":"Success","time":"2025-04-16T20:13:44+08:00"}
{"event":"get a articleDTOs by userId","level":"info","msg":"Success","time":"2025-04-16T20:13:44+08:00"}
{"event":"get all categories","level":"info","msg":"Success to get all categories","time":"2025-04-17T20:22:41+08:00"}
{"event":"get all categories","level":"info","msg":"Success to get all categories","time":"2025-04-17T20:22:41+08:00"}
{"event":"get get articleCategoryList by categoryId","level":"info","msg":"Success to get articleCategoryList by categoryId","time":"2025-04-17T20:22:41+08:00"}
{"event":"get get articleCategoryList by categoryId","level":"info","msg":"Success to get articleCategoryList by categoryId","time":"2025-04-17T20:22:41+08:00"}
{"event":"get a articleDTO by id","level":"info","msg":"Success","time":"2025-04-17T20:22:41+08:00"}
{"event":"get a articleDTO by id","level":"info","msg":"Success","time":"2025-04-17T20:22:41+08:00"}
{"event":"get a articleDTO by id","level":"info","msg":"Success","time":"2025-04-17T20:22:41+08:00"}
{"event":"get a articleDTO by id","level":"info","msg":"Success","time":"2025-04-17T20:22:41+08:00"}
{"event":"get a articleDTO by id","level":"info","msg":"Success","time":"2025-04-17T20:22:41+08:00"}
{"event":"get a articleDTO by id","level":"info","msg":"Success","time":"2025-04-17T20:22:41+08:00"}
{"event":"get get articleCategoryList by categoryId","level":"info","msg":"Success to get articleCategoryList by categoryId","time":"2025-04-17T20:22:41+08:00"}
{"event":"get get articleCategoryList by categoryId","level":"info","msg":"Success to get articleCategoryList by categoryId","time":"2025-04-17T20:22:41+08:00"}
{"event":"get a articleDTO by id","level":"info","msg":"Success","time":"2025-04-17T20:22:41+08:00"}
{"event":"get a articleDTO by id","level":"info","msg":"Success","time":"2025-04-17T20:22:41+08:00"}
{"event":"get a articleDTO by id","level":"info","msg":"Success","time":"2025-04-17T20:22:41+08:00"}
{"event":"get a articleDTO by id","level":"info","msg":"Success","time":"2025-04-17T20:22:41+08:00"}
{"event":"get get articleCategoryList by categoryId","level":"info","msg":"Success to get articleCategoryList by categoryId","time":"2025-04-17T20:22:41+08:00"}
{"event":"get a articleDTO by id","level":"info","msg":"Success","time":"2025-04-17T20:22:41+08:00"}
{"event":"get a articleDTO by id","level":"info","msg":"Success","time":"2025-04-17T20:22:41+08:00"}
{"event":"get a articleDTO by id","level":"info","msg":"Success","time":"2025-04-17T20:22:41+08:00"}
{"event":"get a articleDTO by id","level":"info","msg":"Success","time":"2025-04-17T20:22:41+08:00"}
{"event":"get get articleCategoryList by categoryId","level":"info","msg":"Success to get articleCategoryList by categoryId","time":"2025-04-17T20:22:41+08:00"}
{"event":"get a articleDTO by id","level":"info","msg":"Success","time":"2025-04-17T20:22:41+08:00"}
{"event":"get a articleDTO by id","level":"info","msg":"Success","time":"2025-04-17T20:22:41+08:00"}
{"event":"get a articleDTO by id","level":"info","msg":"Success","time":"2025-04-17T20:22:41+08:00"}
{"event":"get a articleDTO by id","level":"info","msg":"Success","time":"2025-04-17T20:22:41+08:00"}
{"event":"get a article by id","level":"info","msg":"Success","time":"2025-04-17T20:22:48+08:00"}
{"event":"get a article by id","level":"info","msg":"Success","time":"2025-04-17T20:22:48+08:00"}
{"event":"get all categories","level":"info","msg":"Success to get all categories","time":"2025-04-17T20:22:53+08:00"}
{"event":"get all categories","level":"info","msg":"Success to get all categories","time":"2025-04-17T20:22:53+08:00"}
{"event":"get get articleCategoryList by categoryId","level":"info","msg":"Success to get articleCategoryList by categoryId","time":"2025-04-17T20:22:53+08:00"}
{"event":"get get articleCategoryList by categoryId","level":"info","msg":"Success to get articleCategoryList by categoryId","time":"2025-04-17T20:22:53+08:00"}
{"event":"get a articleDTO by id","level":"info","msg":"Success","time":"2025-04-17T20:22:53+08:00"}
{"event":"get a articleDTO by id","level":"info","msg":"Success","time":"2025-04-17T20:22:53+08:00"}
{"event":"get a articleDTO by id","level":"info","msg":"Success","time":"2025-04-17T20:22:53+08:00"}
{"event":"get a articleDTO by id","level":"info","msg":"Success","time":"2025-04-17T20:22:53+08:00"}
{"event":"get a articleDTO by id","level":"info","msg":"Success","time":"2025-04-17T20:22:53+08:00"}
{"event":"get a articleDTO by id","level":"info","msg":"Success","time":"2025-04-17T20:22:53+08:00"}
{"event":"get get articleCategoryList by categoryId","level":"info","msg":"Success to get articleCategoryList by categoryId","time":"2025-04-17T20:22:53+08:00"}
{"event":"get a articleDTO by id","level":"info","msg":"Success","time":"2025-04-17T20:22:53+08:00"}
{"event":"get get articleCategoryList by categoryId","level":"info","msg":"Success to get articleCategoryList by categoryId","time":"2025-04-17T20:22:53+08:00"}
{"event":"get a articleDTO by id","level":"info","msg":"Success","time":"2025-04-17T20:22:53+08:00"}
{"event":"get a articleDTO by id","level":"info","msg":"Success","time":"2025-04-17T20:22:53+08:00"}
{"event":"get a articleDTO by id","level":"info","msg":"Success","time":"2025-04-17T20:22:53+08:00"}
{"event":"get get articleCategoryList by categoryId","level":"info","msg":"Success to get articleCategoryList by categoryId","time":"2025-04-17T20:22:53+08:00"}
{"event":"get a articleDTO by id","level":"info","msg":"Success","time":"2025-04-17T20:22:53+08:00"}
{"event":"get a articleDTO by id","level":"info","msg":"Success","time":"2025-04-17T20:22:53+08:00"}
{"event":"get a articleDTO by id","level":"info","msg":"Success","time":"2025-04-17T20:22:53+08:00"}
{"event":"get a articleDTO by id","level":"info","msg":"Success","time":"2025-04-17T20:22:53+08:00"}
{"event":"get get articleCategoryList by categoryId","level":"info","msg":"Success to get articleCategoryList by categoryId","time":"2025-04-17T20:22:53+08:00"}
{"event":"get a articleDTO by id","level":"info","msg":"Success","time":"2025-04-17T20:22:53+08:00"}
{"event":"get a articleDTO by id","level":"info","msg":"Success","time":"2025-04-17T20:22:53+08:00"}
{"event":"get a articleDTO by id","level":"info","msg":"Success","time":"2025-04-17T20:22:53+08:00"}
{"event":"get a articleDTO by id","level":"info","msg":"Success","time":"2025-04-17T20:22:53+08:00"}
{"event":"get a articleDTOs by keywords","level":"info","msg":"Success","time":"2025-04-17T20:23:26+08:00"}
{"event":"get a articleDTOs by keywords","level":"info","msg":"Success","time":"2025-04-17T20:23:26+08:00"}
{"event":"get a articleDTOs by keywords","level":"info","msg":"Success","time":"2025-04-17T20:23:26+08:00"}
{"event":"get a articleDTOs by keywords","level":"info","msg":"Success","time":"2025-04-17T20:23:28+08:00"}
{"event":"get a articleDTOs by keywords","level":"info","msg":"Success","time":"2025-04-17T20:23:29+08:00"}
{"event":"get a articleDTOs by keywords","level":"info","msg":"Success","time":"2025-04-17T20:23:29+08:00"}
{"event":"get a articleDTOs by keywords","level":"info","msg":"Success","time":"2025-04-17T20:23:29+08:00"}
{"event":"get a articleDTOs by keywords","level":"info","msg":"Success","time":"2025-04-17T20:23:29+08:00"}
{"event":"get a articleDTOs by keywords","level":"info","msg":"Success","time":"2025-04-17T20:23:30+08:00"}
{"event":"get a articleDTOs by keywords","level":"info","msg":"Success","time":"2025-04-17T20:23:30+08:00"}
{"event":"get all categories","level":"info","msg":"Success to get all categories","time":"2025-04-17T20:24:30+08:00"}
{"event":"get all categories","level":"info","msg":"Success to get all categories","time":"2025-04-17T20:24:30+08:00"}
{"event":"get get articleCategoryList by categoryId","level":"info","msg":"Success to get articleCategoryList by categoryId","time":"2025-04-17T20:24:30+08:00"}
{"event":"get get articleCategoryList by categoryId","level":"info","msg":"Success to get articleCategoryList by categoryId","time":"2025-04-17T20:24:30+08:00"}
{"event":"get a articleDTO by id","level":"info","msg":"Success","time":"2025-04-17T20:24:30+08:00"}
{"event":"get a articleDTO by id","level":"info","msg":"Success","time":"2025-04-17T20:24:30+08:00"}
{"event":"get a articleDTO by id","level":"info","msg":"Success","time":"2025-04-17T20:24:30+08:00"}
{"event":"get a articleDTO by id","level":"info","msg":"Success","time":"2025-04-17T20:24:30+08:00"}
{"event":"get a articleDTO by id","level":"info","msg":"Success","time":"2025-04-17T20:24:30+08:00"}
{"event":"get a articleDTO by id","level":"info","msg":"Success","time":"2025-04-17T20:24:30+08:00"}
{"event":"get get articleCategoryList by categoryId","level":"info","msg":"Success to get articleCategoryList by categoryId","time":"2025-04-17T20:24:30+08:00"}
{"event":"get get articleCategoryList by categoryId","level":"info","msg":"Success to get articleCategoryList by categoryId","time":"2025-04-17T20:24:30+08:00"}
{"event":"get a articleDTO by id","level":"info","msg":"Success","time":"2025-04-17T20:24:30+08:00"}
{"event":"get a articleDTO by id","level":"info","msg":"Success","time":"2025-04-17T20:24:30+08:00"}
{"event":"get a articleDTO by id","level":"info","msg":"Success","time":"2025-04-17T20:24:30+08:00"}
{"event":"get a articleDTO by id","level":"info","msg":"Success","time":"2025-04-17T20:24:30+08:00"}
{"event":"get a articleDTO by id","level":"info","msg":"Success","time":"2025-04-17T20:24:30+08:00"}
{"event":"get a articleDTO by id","level":"info","msg":"Success","time":"2025-04-17T20:24:30+08:00"}
{"event":"get get articleCategoryList by categoryId","level":"info","msg":"Success to get articleCategoryList by categoryId","time":"2025-04-17T20:24:30+08:00"}
{"event":"get a articleDTO by id","level":"info","msg":"Success","time":"2025-04-17T20:24:30+08:00"}
{"event":"get a articleDTO by id","level":"info","msg":"Success","time":"2025-04-17T20:24:30+08:00"}
{"event":"get get articleCategoryList by categoryId","level":"info","msg":"Success to get articleCategoryList by categoryId","time":"2025-04-17T20:24:30+08:00"}
{"event":"get a articleDTO by id","level":"info","msg":"Success","time":"2025-04-17T20:24:30+08:00"}
{"event":"get a articleDTO by id","level":"info","msg":"Success","time":"2025-04-17T20:24:30+08:00"}
{"event":"get a articleDTO by id","level":"info","msg":"Success","time":"2025-04-17T20:24:30+08:00"}
{"event":"get a articleDTO by id","level":"info","msg":"Success","time":"2025-04-17T20:24:30+08:00"}
{"event":"get all categories","level":"info","msg":"Success to get all categories","time":"2025-04-17T20:25:44+08:00"}
{"event":"get all categories","level":"info","msg":"Success to get all categories","time":"2025-04-17T20:25:44+08:00"}
{"event":"get get articleCategoryList by categoryId","level":"info","msg":"Success to get articleCategoryList by categoryId","time":"2025-04-17T20:25:44+08:00"}
{"event":"get get articleCategoryList by categoryId","level":"info","msg":"Success to get articleCategoryList by categoryId","time":"2025-04-17T20:25:44+08:00"}
{"event":"get a articleDTO by id","level":"info","msg":"Success","time":"2025-04-17T20:25:44+08:00"}
{"event":"get a articleDTO by id","level":"info","msg":"Success","time":"2025-04-17T20:25:44+08:00"}
{"event":"get a articleDTO by id","level":"info","msg":"Success","time":"2025-04-17T20:25:44+08:00"}
{"event":"get a articleDTO by id","level":"info","msg":"Success","time":"2025-04-17T20:25:44+08:00"}
{"event":"get a articleDTO by id","level":"info","msg":"Success","time":"2025-04-17T20:25:44+08:00"}
{"event":"get a articleDTO by id","level":"info","msg":"Success","time":"2025-04-17T20:25:44+08:00"}
{"event":"get get articleCategoryList by categoryId","level":"info","msg":"Success to get articleCategoryList by categoryId","time":"2025-04-17T20:25:44+08:00"}
{"event":"get get articleCategoryList by categoryId","level":"info","msg":"Success to get articleCategoryList by categoryId","time":"2025-04-17T20:25:44+08:00"}
{"event":"get a articleDTO by id","level":"info","msg":"Success","time":"2025-04-17T20:25:44+08:00"}
{"event":"get a articleDTO by id","level":"info","msg":"Success","time":"2025-04-17T20:25:44+08:00"}
{"event":"get a articleDTO by id","level":"info","msg":"Success","time":"2025-04-17T20:25:44+08:00"}
{"event":"get a articleDTO by id","level":"info","msg":"Success","time":"2025-04-17T20:25:44+08:00"}
{"event":"get a articleDTO by id","level":"info","msg":"Success","time":"2025-04-17T20:25:44+08:00"}
{"event":"get a articleDTO by id","level":"info","msg":"Success","time":"2025-04-17T20:25:44+08:00"}
{"event":"get get articleCategoryList by categoryId","level":"info","msg":"Success to get articleCategoryList by categoryId","time":"2025-04-17T20:25:44+08:00"}
{"event":"get a articleDTO by id","level":"info","msg":"Success","time":"2025-04-17T20:25:44+08:00"}
{"event":"get get articleCategoryList by categoryId","level":"info","msg":"Success to get articleCategoryList by categoryId","time":"2025-04-17T20:25:44+08:00"}
{"event":"get a articleDTO by id","level":"info","msg":"Success","time":"2025-04-17T20:25:44+08:00"}
{"event":"get a articleDTO by id","level":"info","msg":"Success","time":"2025-04-17T20:25:44+08:00"}
{"event":"get a articleDTO by id","level":"info","msg":"Success","time":"2025-04-17T20:25:44+08:00"}
{"event":"get a articleDTO by id","level":"info","msg":"Success","time":"2025-04-17T20:25:44+08:00"}
{"event":"get a articleDTO by id","level":"info","msg":"Success","time":"2025-04-17T20:25:44+08:00"}
{"event":"get all categories","level":"info","msg":"Success to get all categories","time":"2025-04-17T20:27:15+08:00"}
{"event":"get all categories","level":"info","msg":"Success to get all categories","time":"2025-04-17T20:27:15+08:00"}
{"event":"get get articleCategoryList by categoryId","level":"info","msg":"Success to get articleCategoryList by categoryId","time":"2025-04-17T20:27:15+08:00"}
{"event":"get get articleCategoryList by categoryId","level":"info","msg":"Success to get articleCategoryList by categoryId","time":"2025-04-17T20:27:15+08:00"}
{"event":"get a articleDTO by id","level":"info","msg":"Success","time":"2025-04-17T20:27:15+08:00"}
{"event":"get a articleDTO by id","level":"info","msg":"Success","time":"2025-04-17T20:27:15+08:00"}
{"event":"get a articleDTO by id","level":"info","msg":"Success","time":"2025-04-17T20:27:15+08:00"}
{"event":"get a articleDTO by id","level":"info","msg":"Success","time":"2025-04-17T20:27:15+08:00"}
{"event":"get a articleDTO by id","level":"info","msg":"Success","time":"2025-04-17T20:27:15+08:00"}
{"event":"get a articleDTO by id","level":"info","msg":"Success","time":"2025-04-17T20:27:15+08:00"}
{"event":"get get articleCategoryList by categoryId","level":"info","msg":"Success to get articleCategoryList by categoryId","time":"2025-04-17T20:27:15+08:00"}
{"event":"get a articleDTO by id","level":"info","msg":"Success","time":"2025-04-17T20:27:15+08:00"}
{"event":"get get articleCategoryList by categoryId","level":"info","msg":"Success to get articleCategoryList by categoryId","time":"2025-04-17T20:27:15+08:00"}
{"event":"get a articleDTO by id","level":"info","msg":"Success","time":"2025-04-17T20:27:15+08:00"}
{"event":"get a articleDTO by id","level":"info","msg":"Success","time":"2025-04-17T20:27:15+08:00"}
{"event":"get a articleDTO by id","level":"info","msg":"Success","time":"2025-04-17T20:27:15+08:00"}
{"event":"get a articleDTO by id","level":"info","msg":"Success","time":"2025-04-17T20:27:15+08:00"}
{"event":"get get articleCategoryList by categoryId","level":"info","msg":"Success to get articleCategoryList by categoryId","time":"2025-04-17T20:27:15+08:00"}
{"event":"get a articleDTO by id","level":"info","msg":"Success","time":"2025-04-17T20:27:15+08:00"}
{"event":"get a articleDTO by id","level":"info","msg":"Success","time":"2025-04-17T20:27:15+08:00"}
{"event":"get get articleCategoryList by categoryId","level":"info","msg":"Success to get articleCategoryList by categoryId","time":"2025-04-17T20:27:15+08:00"}
{"event":"get a articleDTO by id","level":"info","msg":"Success","time":"2025-04-17T20:27:15+08:00"}
{"event":"get a articleDTO by id","level":"info","msg":"Success","time":"2025-04-17T20:27:15+08:00"}
{"event":"get a articleDTO by id","level":"info","msg":"Success","time":"2025-04-17T20:27:15+08:00"}
{"event":"get a articleDTO by id","level":"info","msg":"Success","time":"2025-04-17T20:27:15+08:00"}
{"event":"get a articleDTO by id","level":"info","msg":"Success","time":"2025-04-17T20:27:15+08:00"}
{"event":"get all categories","level":"info","msg":"Success to get all categories","time":"2025-04-17T20:27:56+08:00"}
{"event":"get all categories","level":"info","msg":"Success to get all categories","time":"2025-04-17T20:28:00+08:00"}
{"event":"get all categories","level":"info","msg":"Success to get all categories","time":"2025-04-17T20:28:00+08:00"}
{"event":"get get articleCategoryList by categoryId","level":"info","msg":"Success to get articleCategoryList by categoryId","time":"2025-04-17T20:28:00+08:00"}
{"event":"get get articleCategoryList by categoryId","level":"info","msg":"Success to get articleCategoryList by categoryId","time":"2025-04-17T20:28:00+08:00"}
{"event":"get a articleDTO by id","level":"info","msg":"Success","time":"2025-04-17T20:28:00+08:00"}
{"event":"get a articleDTO by id","level":"info","msg":"Success","time":"2025-04-17T20:28:00+08:00"}
{"event":"get a articleDTO by id","level":"info","msg":"Success","time":"2025-04-17T20:28:00+08:00"}
{"event":"get a articleDTO by id","level":"info","msg":"Success","time":"2025-04-17T20:28:00+08:00"}
{"event":"get a articleDTO by id","level":"info","msg":"Success","time":"2025-04-17T20:28:00+08:00"}
{"event":"get a articleDTO by id","level":"info","msg":"Success","time":"2025-04-17T20:28:00+08:00"}
{"event":"get get articleCategoryList by categoryId","level":"info","msg":"Success to get articleCategoryList by categoryId","time":"2025-04-17T20:28:00+08:00"}
{"event":"get a articleDTO by id","level":"info","msg":"Success","time":"2025-04-17T20:28:00+08:00"}
{"event":"get get articleCategoryList by categoryId","level":"info","msg":"Success to get articleCategoryList by categoryId","time":"2025-04-17T20:28:00+08:00"}
{"event":"get a articleDTO by id","level":"info","msg":"Success","time":"2025-04-17T20:28:00+08:00"}
{"event":"get a articleDTO by id","level":"info","msg":"Success","time":"2025-04-17T20:28:00+08:00"}
{"event":"get a articleDTO by id","level":"info","msg":"Success","time":"2025-04-17T20:28:00+08:00"}
{"event":"get a articleDTO by id","level":"info","msg":"Success","time":"2025-04-17T20:28:00+08:00"}
{"event":"get a articleDTO by id","level":"info","msg":"Success","time":"2025-04-17T20:28:00+08:00"}
{"event":"get a articleDTOs by userId","level":"info","msg":"Success","time":"2025-04-17T20:28:07+08:00"}
{"event":"get a articleDTOs by userId","level":"info","msg":"Success","time":"2025-04-17T20:28:07+08:00"}
{"event":"get a article by id","level":"info","msg":"Success","time":"2025-04-17T20:28:08+08:00"}
{"event":"get a article by id","level":"info","msg":"Success","time":"2025-04-17T20:28:08+08:00"}
{"event":"get a articleDTOs by userId","level":"info","msg":"Success","time":"2025-04-17T20:29:48+08:00"}
{"event":"get a articleDTOs by userId","level":"info","msg":"Success","time":"2025-04-17T20:29:48+08:00"}
{"event":"get a articleDTOs by userId","level":"info","msg":"Success","time":"2025-04-17T20:32:07+08:00"}
{"event":"get a articleDTOs by userId","level":"info","msg":"Success","time":"2025-04-17T20:32:07+08:00"}
{"event":"get a articleDTOs by userId","level":"info","msg":"Success","time":"2025-04-17T20:33:10+08:00"}
{"event":"get a articleDTOs by userId","level":"info","msg":"Success","time":"2025-04-17T20:33:10+08:00"}
{"event":"get a articleDTOs by userId","level":"info","msg":"Success","time":"2025-04-17T20:33:12+08:00"}
{"event":"get a articleDTOs by userId","level":"info","msg":"Success","time":"2025-04-17T20:33:14+08:00"}
{"event":"get all categories","level":"info","msg":"Success to get all categories","time":"2025-04-17T20:33:21+08:00"}
{"event":"get all categories","level":"info","msg":"Success to get all categories","time":"2025-04-17T20:33:21+08:00"}
{"event":"get a article by id","level":"info","msg":"Success","time":"2025-04-17T20:33:21+08:00"}
{"event":"get a article by id","level":"info","msg":"Success","time":"2025-04-17T20:33:21+08:00"}
{"event":"get a articleDTOs by userId","level":"info","msg":"Success","time":"2025-04-17T20:33:34+08:00"}
{"event":"get a articleDTOs by userId","level":"info","msg":"Success","time":"2025-04-17T20:33:34+08:00"}
{"event":"get all categories","level":"info","msg":"Success to get all categories","time":"2025-04-17T20:33:35+08:00"}
{"event":"get a article by id","level":"info","msg":"Success","time":"2025-04-17T20:33:35+08:00"}
{"event":"get a article by id","level":"info","msg":"Success","time":"2025-04-17T20:33:35+08:00"}
{"event":"get all categories","level":"info","msg":"Success to get all categories","time":"2025-04-17T20:33:35+08:00"}
{"event":"get a articleDTOs by userId","level":"info","msg":"Success","time":"2025-04-17T20:33:40+08:00"}
{"event":"get a articleDTOs by userId","level":"info","msg":"Success","time":"2025-04-17T20:33:40+08:00"}
{"event":"get all categories","level":"info","msg":"Success to get all categories","time":"2025-04-17T20:36:15+08:00"}
{"event":"get a article by id","level":"info","msg":"Success","time":"2025-04-17T20:36:15+08:00"}
{"event":"get a articleDTOs by userId","level":"info","msg":"Success","time":"2025-04-17T20:40:28+08:00"}
{"event":"get a articleDTOs by userId","level":"info","msg":"Success","time":"2025-04-17T20:40:28+08:00"}
{"event":"get all categories","level":"info","msg":"Success to get all categories","time":"2025-04-17T20:40:31+08:00"}
{"event":"get all categories","level":"info","msg":"Success to get all categories","time":"2025-04-17T20:40:31+08:00"}
{"event":"get a article by id","level":"info","msg":"Success","time":"2025-04-17T20:40:31+08:00"}
{"event":"get a article by id","level":"info","msg":"Success","time":"2025-04-17T20:40:31+08:00"}
{"event":"get a articleDTOs by userId","level":"info","msg":"Success","time":"2025-04-17T20:43:18+08:00"}
{"event":"get a articleDTOs by userId","level":"info","msg":"Success","time":"2025-04-17T20:43:18+08:00"}
{"event":"get all categories","level":"info","msg":"Success to get all categories","time":"2025-04-17T20:43:23+08:00"}
{"event":"get all categories","level":"info","msg":"Success to get all categories","time":"2025-04-17T20:43:23+08:00"}
{"event":"get a article by id","level":"info","msg":"Success","time":"2025-04-17T20:43:23+08:00"}
{"event":"get a article by id","level":"info","msg":"Success","time":"2025-04-17T20:45:03+08:00"}
{"event":"get all categories","level":"info","msg":"Success to get all categories","time":"2025-04-17T20:45:03+08:00"}
{"event":"get a articleDTOs by userId","level":"info","msg":"Success","time":"2025-04-17T20:47:23+08:00"}
{"event":"get a articleDTOs by userId","level":"info","msg":"Success","time":"2025-04-17T20:47:23+08:00"}
{"event":"get a article by id","level":"info","msg":"Success","time":"2025-04-17T20:47:25+08:00"}
{"event":"get all categories","level":"info","msg":"Success to get all categories","time":"2025-04-17T20:47:25+08:00"}
{"event":"get all categories","level":"info","msg":"Success to get all categories","time":"2025-04-17T20:47:41+08:00"}
{"event":"get all categories","level":"info","msg":"Success to get all categories","time":"2025-04-17T20:47:41+08:00"}
{"event":"get a article by id","level":"info","msg":"Success","time":"2025-04-17T20:47:41+08:00"}
{"event":"get all categories","level":"info","msg":"Success to get all categories","time":"2025-04-17T20:49:16+08:00"}
{"event":"get all categories","level":"info","msg":"Success to get all categories","time":"2025-04-17T20:49:16+08:00"}
{"event":"get a article by id","level":"info","msg":"Success","time":"2025-04-17T20:49:16+08:00"}
{"event":"get a articleDTOs by userId","level":"info","msg":"Success","time":"2025-04-17T20:49:39+08:00"}
{"event":"get a articleDTOs by userId","level":"info","msg":"Success","time":"2025-04-17T20:49:39+08:00"}
{"event":"get all categories","level":"info","msg":"Success to get all categories","time":"2025-04-17T20:49:45+08:00"}
{"event":"get a article by id","level":"info","msg":"Success","time":"2025-04-17T20:49:45+08:00"}
{"event":"get all categories","level":"info","msg":"Success to get all categories","time":"2025-04-17T20:49:45+08:00"}
{"event":"get all categories","level":"info","msg":"Success to get all categories","time":"2025-04-17T20:50:15+08:00"}
{"event":"get all categories","level":"info","msg":"Success to get all categories","time":"2025-04-17T20:50:15+08:00"}
{"event":"get get articleCategoryList by categoryId","level":"info","msg":"Success to get articleCategoryList by categoryId","time":"2025-04-17T20:50:15+08:00"}
{"event":"get get articleCategoryList by categoryId","level":"info","msg":"Success to get articleCategoryList by categoryId","time":"2025-04-17T20:50:15+08:00"}
{"event":"get a articleDTO by id","level":"info","msg":"Success","time":"2025-04-17T20:50:15+08:00"}
{"event":"get a articleDTO by id","level":"info","msg":"Success","time":"2025-04-17T20:50:15+08:00"}
{"event":"get a articleDTO by id","level":"info","msg":"Success","time":"2025-04-17T20:50:15+08:00"}
{"event":"get a articleDTO by id","level":"info","msg":"Success","time":"2025-04-17T20:50:15+08:00"}
{"event":"get a articleDTO by id","level":"info","msg":"Success","time":"2025-04-17T20:50:15+08:00"}
{"event":"get a articleDTO by id","level":"info","msg":"Success","time":"2025-04-17T20:50:15+08:00"}
{"event":"get get articleCategoryList by categoryId","level":"info","msg":"Success to get articleCategoryList by categoryId","time":"2025-04-17T20:50:15+08:00"}
{"event":"get a articleDTO by id","level":"info","msg":"Success","time":"2025-04-17T20:50:15+08:00"}
{"event":"get get articleCategoryList by categoryId","level":"info","msg":"Success to get articleCategoryList by categoryId","time":"2025-04-17T20:50:15+08:00"}
{"event":"get a articleDTO by id","level":"info","msg":"Success","time":"2025-04-17T20:50:15+08:00"}
{"event":"get a articleDTO by id","level":"info","msg":"Success","time":"2025-04-17T20:50:15+08:00"}
{"event":"get a articleDTO by id","level":"info","msg":"Success","time":"2025-04-17T20:50:15+08:00"}
{"event":"get a articleDTO by id","level":"info","msg":"Success","time":"2025-04-17T20:50:15+08:00"}
{"event":"get get articleCategoryList by categoryId","level":"info","msg":"Success to get articleCategoryList by categoryId","time":"2025-04-17T20:50:15+08:00"}
{"event":"get a articleDTO by id","level":"info","msg":"Success","time":"2025-04-17T20:50:15+08:00"}
{"event":"get a articleDTO by id","level":"info","msg":"Success","time":"2025-04-17T20:50:15+08:00"}
{"event":"get a articleDTO by id","level":"info","msg":"Success","time":"2025-04-17T20:50:15+08:00"}
{"event":"get get articleCategoryList by categoryId","level":"info","msg":"Success to get articleCategoryList by categoryId","time":"2025-04-17T20:50:15+08:00"}
{"event":"get a articleDTO by id","level":"info","msg":"Success","time":"2025-04-17T20:50:15+08:00"}
{"event":"get a articleDTO by id","level":"info","msg":"Success","time":"2025-04-17T20:50:15+08:00"}
{"event":"get a articleDTO by id","level":"info","msg":"Success","time":"2025-04-17T20:50:15+08:00"}
{"event":"get a articleDTO by id","level":"info","msg":"Success","time":"2025-04-17T20:50:15+08:00"}
{"event":"get a articleDTOs by userId","level":"info","msg":"Success","time":"2025-04-17T20:50:16+08:00"}
{"event":"get a articleDTOs by userId","level":"info","msg":"Success","time":"2025-04-17T20:50:16+08:00"}
{"event":"get all categories","level":"info","msg":"Success to get all categories","time":"2025-04-17T20:50:19+08:00"}
{"event":"get all categories","level":"info","msg":"Success to get all categories","time":"2025-04-17T20:50:19+08:00"}
{"event":"get a article by id","level":"info","msg":"Success","time":"2025-04-17T20:50:19+08:00"}
{"event":"get all categories","level":"info","msg":"Success to get all categories","time":"2025-04-17T20:51:32+08:00"}
{"event":"get all categories","level":"info","msg":"Success to get all categories","time":"2025-04-17T20:51:32+08:00"}
{"event":"get a articleDTOs by userId","level":"info","msg":"Success","time":"2025-04-17T20:51:38+08:00"}
{"event":"get a articleDTOs by userId","level":"info","msg":"Success","time":"2025-04-17T20:51:38+08:00"}
{"event":"get all categories","level":"info","msg":"Success to get all categories","time":"2025-04-17T20:51:41+08:00"}
{"event":"get all categories","level":"info","msg":"Success to get all categories","time":"2025-04-17T20:51:41+08:00"}
{"event":"get all categories","level":"info","msg":"Success to get all categories","time":"2025-04-21T18:21:31+08:00"}
{"event":"get all categories","level":"info","msg":"Success to get all categories","time":"2025-04-21T18:21:31+08:00"}
{"event":"get all categories","level":"info","msg":"Success to get all categories","time":"2025-04-21T18:21:31+08:00"}
{"event":"get get articleCategoryList by categoryId","level":"info","msg":"Success to get articleCategoryList by categoryId","time":"2025-04-21T18:21:31+08:00"}
{"event":"get get articleCategoryList by categoryId","level":"info","msg":"Success to get articleCategoryList by categoryId","time":"2025-04-21T18:21:31+08:00"}
{"event":"get a articleDTO by id","level":"info","msg":"Success","time":"2025-04-21T18:21:31+08:00"}
{"event":"get a articleDTO by id","level":"info","msg":"Success","time":"2025-04-21T18:21:31+08:00"}
{"event":"get a articleDTO by id","level":"info","msg":"Success","time":"2025-04-21T18:21:31+08:00"}
{"event":"get a articleDTO by id","level":"info","msg":"Success","time":"2025-04-21T18:21:31+08:00"}
{"event":"get a articleDTO by id","level":"info","msg":"Success","time":"2025-04-21T18:21:31+08:00"}
{"event":"get a articleDTO by id","level":"info","msg":"Success","time":"2025-04-21T18:21:31+08:00"}
{"event":"get get articleCategoryList by categoryId","level":"info","msg":"Success to get articleCategoryList by categoryId","time":"2025-04-21T18:21:31+08:00"}
{"event":"get a articleDTO by id","level":"info","msg":"Success","time":"2025-04-21T18:21:31+08:00"}
{"event":"get get articleCategoryList by categoryId","level":"info","msg":"Success to get articleCategoryList by categoryId","time":"2025-04-21T18:21:31+08:00"}
{"event":"get a articleDTO by id","level":"info","msg":"Success","time":"2025-04-21T18:21:31+08:00"}
{"event":"get a articleDTO by id","level":"info","msg":"Success","time":"2025-04-21T18:21:31+08:00"}
{"event":"get get articleCategoryList by categoryId","level":"info","msg":"Success to get articleCategoryList by categoryId","time":"2025-04-21T18:21:31+08:00"}
{"event":"get a articleDTO by id","level":"info","msg":"Success","time":"2025-04-21T18:21:31+08:00"}
{"event":"get a articleDTO by id","level":"info","msg":"Success","time":"2025-04-21T18:21:31+08:00"}
{"event":"get a articleDTO by id","level":"info","msg":"Success","time":"2025-04-21T18:21:31+08:00"}
{"event":"get a articleDTO by id","level":"info","msg":"Success","time":"2025-04-21T18:21:31+08:00"}
{"event":"get a articleDTO by id","level":"info","msg":"Success","time":"2025-04-21T18:21:31+08:00"}
{"event":"get get articleCategoryList by categoryId","level":"info","msg":"Success to get articleCategoryList by categoryId","time":"2025-04-21T18:21:31+08:00"}
{"event":"get a articleDTO by id","level":"info","msg":"Success","time":"2025-04-21T18:21:31+08:00"}
{"event":"get a articleDTO by id","level":"info","msg":"Success","time":"2025-04-21T18:21:31+08:00"}
{"event":"get a articleDTO by id","level":"info","msg":"Success","time":"2025-04-21T18:21:31+08:00"}
{"event":"get a articleDTO by id","level":"info","msg":"Success","time":"2025-04-21T18:21:31+08:00"}
{"event":"get get articleCategoryList by categoryId","level":"info","msg":"Success to get articleCategoryList by categoryId","time":"2025-04-21T18:21:44+08:00"}
{"event":"get a articleDTO by id","level":"info","msg":"Success","time":"2025-04-21T18:21:44+08:00"}
{"event":"get a articleDTO by id","level":"info","msg":"Success","time":"2025-04-21T18:21:44+08:00"}
{"event":"get a articleDTO by id","level":"info","msg":"Success","time":"2025-04-21T18:21:44+08:00"}
{"event":"get a articleDTO by id","level":"info","msg":"Success","time":"2025-04-21T18:21:44+08:00"}
{"event":"get get articleCategoryList by categoryId","level":"info","msg":"Success to get articleCategoryList by categoryId","time":"2025-04-21T18:21:44+08:00"}
{"event":"get a articleDTO by id","level":"info","msg":"Success","time":"2025-04-21T18:21:44+08:00"}
{"event":"get a articleDTO by id","level":"info","msg":"Success","time":"2025-04-21T18:21:44+08:00"}
{"event":"get a articleDTO by id","level":"info","msg":"Success","time":"2025-04-21T18:21:44+08:00"}
{"event":"get a articleDTO by id","level":"info","msg":"Success","time":"2025-04-21T18:21:44+08:00"}
{"event":"get a articleDTOs by userId","level":"info","msg":"Success","time":"2025-04-21T18:21:49+08:00"}
{"event":"get a articleDTOs by userId","level":"info","msg":"Success","time":"2025-04-21T18:21:49+08:00"}
{"event":"get all categories","level":"info","msg":"Success to get all categories","time":"2025-04-21T18:21:55+08:00"}
{"event":"get all categories","level":"info","msg":"Success to get all categories","time":"2025-04-21T18:21:55+08:00"}
{"event":"get a article by id","level":"info","msg":"Success","time":"2025-04-21T18:21:55+08:00"}
{"event":"get a article by id","level":"info","msg":"Success","time":"2025-04-21T18:21:55+08:00"}
{"event":"get a articleDTOs by userId","level":"info","msg":"Success","time":"2025-04-21T18:22:01+08:00"}
{"event":"get a articleDTOs by userId","level":"info","msg":"Success","time":"2025-04-21T18:22:01+08:00"}
{"event":"get all categories","level":"info","msg":"Success to get all categories","time":"2025-04-21T18:22:02+08:00"}
{"event":"get all categories","level":"info","msg":"Success to get all categories","time":"2025-04-21T18:22:02+08:00"}
{"event":"get a articleDTOs by userId","level":"info","msg":"Success","time":"2025-04-21T18:54:48+08:00"}
{"event":"get a articleDTOs by userId","level":"info","msg":"Success","time":"2025-04-21T18:54:48+08:00"}
{"event":"get all categories","level":"info","msg":"Success to get all categories","time":"2025-04-21T18:54:50+08:00"}
{"event":"get all categories","level":"info","msg":"Success to get all categories","time":"2025-04-21T18:54:50+08:00"}
{"event":"get a article by id","level":"info","msg":"Success","time":"2025-04-21T18:54:50+08:00"}
{"event":"get a article by id","level":"info","msg":"Success","time":"2025-04-21T18:54:50+08:00"}
{"event":"get a articleDTOs by userId","level":"info","msg":"Success","time":"2025-04-21T19:02:11+08:00"}
{"event":"get a articleDTOs by userId","level":"info","msg":"Success","time":"2025-04-21T19:02:11+08:00"}
{"event":"get a articleDTOs by userId","level":"info","msg":"Success","time":"2025-04-21T19:02:16+08:00"}
{"event":"get all categories","level":"info","msg":"Success to get all categories","time":"2025-04-21T19:02:18+08:00"}
{"event":"get all categories","level":"info","msg":"Success to get all categories","time":"2025-04-21T19:02:18+08:00"}
{"event":"get a article by id","level":"info","msg":"Success","time":"2025-04-21T19:02:18+08:00"}
{"event":"get a article by id","level":"info","msg":"Success","time":"2025-04-21T19:02:18+08:00"}
{"event":"get a articleDTOs by userId","level":"info","msg":"Success","time":"2025-04-21T19:02:27+08:00"}
{"event":"get a articleDTOs by userId","level":"info","msg":"Success","time":"2025-04-21T19:02:27+08:00"}
{"event":"get all categories","level":"info","msg":"Success to get all categories","time":"2025-04-21T19:02:29+08:00"}
{"event":"get a article by id","level":"info","msg":"Success","time":"2025-04-21T19:02:29+08:00"}
{"event":"get all categories","level":"info","msg":"Success to get all categories","time":"2025-04-21T19:02:29+08:00"}
{"event":"get a article by id","level":"info","msg":"Success","time":"2025-04-21T19:02:29+08:00"}
{"event":"get a articleDTOs by userId","level":"info","msg":"Success","time":"2025-04-21T19:02:37+08:00"}
{"event":"get a articleDTOs by userId","level":"info","msg":"Success","time":"2025-04-21T19:02:37+08:00"}
{"event":"get a articleDTOs by userId","level":"info","msg":"Success","time":"2025-04-21T19:02:39+08:00"}
{"event":"get all categories","level":"info","msg":"Success to get all categories","time":"2025-04-21T19:02:46+08:00"}
{"event":"get all categories","level":"info","msg":"Success to get all categories","time":"2025-04-21T19:02:46+08:00"}
{"event":"get a article by id","level":"info","msg":"Success","time":"2025-04-21T19:02:46+08:00"}
{"event":"get a article by id","level":"info","msg":"Success","time":"2025-04-21T19:02:46+08:00"}
{"event":"get a articleDTOs by userId","level":"info","msg":"Success","time":"2025-04-21T19:03:13+08:00"}
{"event":"get a articleDTOs by userId","level":"info","msg":"Success","time":"2025-04-21T19:03:13+08:00"}
{"event":"get all categories","level":"info","msg":"Success to get all categories","time":"2025-04-21T19:03:16+08:00"}
{"event":"get a article by id","level":"info","msg":"Success","time":"2025-04-21T19:03:16+08:00"}
{"event":"get all categories","level":"info","msg":"Success to get all categories","time":"2025-04-21T19:03:16+08:00"}
{"event":"get a article by id","level":"info","msg":"Success","time":"2025-04-21T19:03:16+08:00"}
{"event":"get all categories","level":"info","msg":"Success to get all categories","time":"2025-04-21T19:03:32+08:00"}
{"event":"get all categories","level":"info","msg":"Success to get all categories","time":"2025-04-21T19:03:32+08:00"}
{"event":"get a article by id","level":"info","msg":"Success","time":"2025-04-21T19:03:32+08:00"}
{"event":"get a article by id","level":"info","msg":"Success","time":"2025-04-21T19:03:32+08:00"}
{"event":"get a articleDTOs by userId","level":"info","msg":"Success","time":"2025-04-21T19:03:35+08:00"}
{"event":"get a articleDTOs by userId","level":"info","msg":"Success","time":"2025-04-21T19:03:35+08:00"}
{"event":"get a articleDTOs by userId","level":"info","msg":"Success","time":"2025-04-21T19:03:37+08:00"}
{"event":"get a articleDTOs by userId","level":"info","msg":"Success","time":"2025-04-21T19:07:41+08:00"}
{"event":"get a articleDTOs by userId","level":"info","msg":"Success","time":"2025-04-21T19:07:41+08:00"}
{"event":"get a articleDTOs by userId","level":"info","msg":"Success","time":"2025-04-21T19:07:43+08:00"}
{"event":"get all categories","level":"info","msg":"Success to get all categories","time":"2025-04-21T19:07:49+08:00"}
{"event":"get all categories","level":"info","msg":"Success to get all categories","time":"2025-04-21T19:07:49+08:00"}
{"event":"get get articleCategoryList by categoryId","level":"info","msg":"Success to get articleCategoryList by categoryId","time":"2025-04-21T19:07:49+08:00"}
{"event":"get get articleCategoryList by categoryId","level":"info","msg":"Success to get articleCategoryList by categoryId","time":"2025-04-21T19:07:49+08:00"}
{"event":"get a articleDTO by id","level":"info","msg":"Success","time":"2025-04-21T19:07:49+08:00"}
{"event":"get get articleCategoryList by categoryId","level":"info","msg":"Success to get articleCategoryList by categoryId","time":"2025-04-21T19:07:49+08:00"}
{"event":"get a articleDTO by id","level":"info","msg":"Success","time":"2025-04-21T19:07:49+08:00"}
{"event":"get a articleDTO by id","level":"info","msg":"Success","time":"2025-04-21T19:07:49+08:00"}
{"event":"get get articleCategoryList by categoryId","level":"info","msg":"Success to get articleCategoryList by categoryId","time":"2025-04-21T19:07:49+08:00"}
{"event":"get a articleDTO by id","level":"info","msg":"Success","time":"2025-04-21T19:07:49+08:00"}
{"event":"get a articleDTO by id","level":"info","msg":"Success","time":"2025-04-21T19:07:49+08:00"}
{"event":"get a articleDTO by id","level":"info","msg":"Success","time":"2025-04-21T19:07:49+08:00"}
{"event":"get get articleCategoryList by categoryId","level":"info","msg":"Success to get articleCategoryList by categoryId","time":"2025-04-21T19:07:49+08:00"}
{"event":"get a articleDTO by id","level":"info","msg":"Success","time":"2025-04-21T19:07:49+08:00"}
{"event":"get a articleDTO by id","level":"info","msg":"Success","time":"2025-04-21T19:07:49+08:00"}
{"event":"get a articleDTO by id","level":"info","msg":"Success","time":"2025-04-21T19:07:49+08:00"}
{"event":"get a articleDTO by id","level":"info","msg":"Success","time":"2025-04-21T19:07:49+08:00"}
{"event":"get a articleDTO by id","level":"info","msg":"Success","time":"2025-04-21T19:07:49+08:00"}
{"event":"get a articleDTO by id","level":"info","msg":"Success","time":"2025-04-21T19:07:49+08:00"}
{"event":"get get articleCategoryList by categoryId","level":"info","msg":"Success to get articleCategoryList by categoryId","time":"2025-04-21T19:07:50+08:00"}
{"event":"get a articleDTO by id","level":"info","msg":"Success","time":"2025-04-21T19:07:50+08:00"}
{"event":"get a articleDTO by id","level":"info","msg":"Success","time":"2025-04-21T19:07:50+08:00"}
{"event":"get a articleDTO by id","level":"info","msg":"Success","time":"2025-04-21T19:07:50+08:00"}
{"event":"get a articleDTO by id","level":"info","msg":"Success","time":"2025-04-21T19:07:50+08:00"}
{"event":"get a articleDTO by id","level":"info","msg":"Success","time":"2025-04-21T19:07:50+08:00"}
{"event":"get a articleDTO by id","level":"info","msg":"Success","time":"2025-04-21T19:07:50+08:00"}
{"event":"get all categories","level":"info","msg":"Success to get all categories","time":"2025-04-21T19:08:20+08:00"}
{"event":"get all categories","level":"info","msg":"Success to get all categories","time":"2025-04-21T19:08:20+08:00"}
{"event":"get get articleCategoryList by categoryId","level":"info","msg":"Success to get articleCategoryList by categoryId","time":"2025-04-21T19:08:20+08:00"}
{"event":"get get articleCategoryList by categoryId","level":"info","msg":"Success to get articleCategoryList by categoryId","time":"2025-04-21T19:08:20+08:00"}
{"event":"get get articleCategoryList by categoryId","level":"info","msg":"Success to get articleCategoryList by categoryId","time":"2025-04-21T19:08:20+08:00"}
{"event":"get a articleDTO by id","level":"info","msg":"Success","time":"2025-04-21T19:08:20+08:00"}
{"event":"get a articleDTO by id","level":"info","msg":"Success","time":"2025-04-21T19:08:20+08:00"}
{"event":"get a articleDTO by id","level":"info","msg":"Success","time":"2025-04-21T19:08:20+08:00"}
{"event":"get a articleDTO by id","level":"info","msg":"Success","time":"2025-04-21T19:08:20+08:00"}
{"event":"get a articleDTO by id","level":"info","msg":"Success","time":"2025-04-21T19:08:20+08:00"}
{"event":"get a articleDTO by id","level":"info","msg":"Success","time":"2025-04-21T19:08:20+08:00"}
{"event":"get get articleCategoryList by categoryId","level":"info","msg":"Success to get articleCategoryList by categoryId","time":"2025-04-21T19:08:20+08:00"}
{"event":"get a articleDTO by id","level":"info","msg":"Success","time":"2025-04-21T19:08:20+08:00"}
{"event":"get get articleCategoryList by categoryId","level":"info","msg":"Success to get articleCategoryList by categoryId","time":"2025-04-21T19:08:20+08:00"}
{"event":"get a articleDTO by id","level":"info","msg":"Success","time":"2025-04-21T19:08:20+08:00"}
{"event":"get a articleDTO by id","level":"info","msg":"Success","time":"2025-04-21T19:08:20+08:00"}
{"event":"get a articleDTO by id","level":"info","msg":"Success","time":"2025-04-21T19:08:20+08:00"}
{"event":"get a articleDTO by id","level":"info","msg":"Success","time":"2025-04-21T19:08:20+08:00"}
{"event":"get a articleDTO by id","level":"info","msg":"Success","time":"2025-04-21T19:08:20+08:00"}
{"event":"get get articleCategoryList by categoryId","level":"info","msg":"Success to get articleCategoryList by categoryId","time":"2025-04-21T19:08:20+08:00"}
{"event":"get a articleDTO by id","level":"info","msg":"Success","time":"2025-04-21T19:08:20+08:00"}
{"event":"get a articleDTO by id","level":"info","msg":"Success","time":"2025-04-21T19:08:20+08:00"}
{"event":"get a articleDTO by id","level":"info","msg":"Success","time":"2025-04-21T19:08:20+08:00"}
{"event":"get a articleDTO by id","level":"info","msg":"Success","time":"2025-04-21T19:08:20+08:00"}
{"event":"get a articleDTO by id","level":"info","msg":"Success","time":"2025-04-21T19:08:20+08:00"}
{"event":"get a articleDTO by id","level":"info","msg":"Success","time":"2025-04-21T19:08:20+08:00"}
{"event":"get all categories","level":"info","msg":"Success to get all categories","time":"2025-04-21T19:09:37+08:00"}
{"event":"get all categories","level":"info","msg":"Success to get all categories","time":"2025-04-21T19:09:37+08:00"}
{"event":"get get articleCategoryList by categoryId","level":"info","msg":"Success to get articleCategoryList by categoryId","time":"2025-04-21T19:09:37+08:00"}
{"event":"get get articleCategoryList by categoryId","level":"info","msg":"Success to get articleCategoryList by categoryId","time":"2025-04-21T19:09:37+08:00"}
{"event":"get a articleDTO by id","level":"info","msg":"Success","time":"2025-04-21T19:09:37+08:00"}
{"event":"get get articleCategoryList by categoryId","level":"info","msg":"Success to get articleCategoryList by categoryId","time":"2025-04-21T19:09:37+08:00"}
{"event":"get a articleDTO by id","level":"info","msg":"Success","time":"2025-04-21T19:09:37+08:00"}
{"event":"get get articleCategoryList by categoryId","level":"info","msg":"Success to get articleCategoryList by categoryId","time":"2025-04-21T19:09:37+08:00"}
{"event":"get a articleDTO by id","level":"info","msg":"Success","time":"2025-04-21T19:09:37+08:00"}
{"event":"get a articleDTO by id","level":"info","msg":"Success","time":"2025-04-21T19:09:37+08:00"}
{"event":"get a articleDTO by id","level":"info","msg":"Success","time":"2025-04-21T19:09:37+08:00"}
{"event":"get a articleDTO by id","level":"info","msg":"Success","time":"2025-04-21T19:09:37+08:00"}
{"event":"get get articleCategoryList by categoryId","level":"info","msg":"Success to get articleCategoryList by categoryId","time":"2025-04-21T19:09:37+08:00"}
{"event":"get a articleDTO by id","level":"info","msg":"Success","time":"2025-04-21T19:09:37+08:00"}
{"event":"get a articleDTO by id","level":"info","msg":"Success","time":"2025-04-21T19:09:37+08:00"}
{"event":"get a articleDTO by id","level":"info","msg":"Success","time":"2025-04-21T19:09:37+08:00"}
{"event":"get a articleDTO by id","level":"info","msg":"Success","time":"2025-04-21T19:09:37+08:00"}
{"event":"get a articleDTO by id","level":"info","msg":"Success","time":"2025-04-21T19:09:37+08:00"}
{"event":"get a articleDTO by id","level":"info","msg":"Success","time":"2025-04-21T19:09:37+08:00"}
{"event":"get get articleCategoryList by categoryId","level":"info","msg":"Success to get articleCategoryList by categoryId","time":"2025-04-21T19:09:37+08:00"}
{"event":"get a articleDTO by id","level":"info","msg":"Success","time":"2025-04-21T19:09:37+08:00"}
{"event":"get a articleDTO by id","level":"info","msg":"Success","time":"2025-04-21T19:09:37+08:00"}
{"event":"get a articleDTO by id","level":"info","msg":"Success","time":"2025-04-21T19:09:37+08:00"}
{"event":"get a articleDTO by id","level":"info","msg":"Success","time":"2025-04-21T19:09:37+08:00"}
{"event":"get a articleDTO by id","level":"info","msg":"Success","time":"2025-04-21T19:09:37+08:00"}
{"event":"get a articleDTO by id","level":"info","msg":"Success","time":"2025-04-21T19:09:37+08:00"}
{"event":"get a articleDTOs by userId","level":"info","msg":"Success","time":"2025-04-21T19:09:45+08:00"}
{"event":"get a articleDTOs by userId","level":"info","msg":"Success","time":"2025-04-21T19:09:45+08:00"}
{"event":"get a articleDTOs by userId","level":"info","msg":"Success","time":"2025-04-21T19:09:48+08:00"}
{"event":"get a articleDTOs by userId","level":"info","msg":"Success","time":"2025-04-21T20:00:37+08:00"}
{"event":"get a articleDTOs by userId","level":"info","msg":"Success","time":"2025-04-21T20:00:37+08:00"}
{"event":"get a articleDTOs by userId","level":"info","msg":"Success","time":"2025-04-21T20:00:40+08:00"}
{"event":"get a articleDTOs by userId","level":"info","msg":"Success","time":"2025-04-21T20:00:42+08:00"}
{"event":"get a article by id","level":"info","msg":"Success","time":"2025-04-21T20:00:43+08:00"}
{"event":"get a articleDTOs by userId","level":"info","msg":"Success","time":"2025-04-21T20:01:50+08:00"}
{"event":"get a articleDTOs by userId","level":"info","msg":"Success","time":"2025-04-21T20:01:50+08:00"}
{"event":"get a article by id","level":"info","msg":"Success","time":"2025-04-21T20:01:52+08:00"}
{"event":"get a article by id","level":"info","msg":"Success","time":"2025-04-21T20:01:52+08:00"}
{"event":"get a articleDTOs by userId","level":"info","msg":"Success","time":"2025-04-21T20:01:59+08:00"}
{"event":"get a articleDTOs by userId","level":"info","msg":"Success","time":"2025-04-21T20:01:59+08:00"}
{"event":"get a article by id","level":"info","msg":"Success","time":"2025-04-21T20:02:04+08:00"}
{"event":"get a articleDTOs by userId","level":"info","msg":"Success","time":"2025-04-21T20:04:58+08:00"}
{"event":"get a articleDTOs by userId","level":"info","msg":"Success","time":"2025-04-21T20:04:58+08:00"}
{"event":"get a article by id","level":"info","msg":"Success","time":"2025-04-21T20:05:00+08:00"}
{"event":"get a article by id","level":"info","msg":"Success","time":"2025-04-21T20:05:44+08:00"}
{"event":"get a article by id","level":"info","msg":"Success","time":"2025-04-21T20:05:44+08:00"}
{"event":"get a articleDTOs by userId","level":"info","msg":"Success","time":"2025-04-21T20:05:47+08:00"}
{"event":"get a articleDTOs by userId","level":"info","msg":"Success","time":"2025-04-21T20:05:47+08:00"}
{"event":"get a article by id","level":"info","msg":"Success","time":"2025-04-21T20:05:49+08:00"}
{"event":"get a article by id","level":"info","msg":"Success","time":"2025-04-21T20:05:49+08:00"}
{"event":"get a articleDTOs by userId","level":"info","msg":"Success","time":"2025-04-21T20:06:00+08:00"}
{"event":"get a articleDTOs by userId","level":"info","msg":"Success","time":"2025-04-21T20:06:00+08:00"}
{"event":"get a article by id","level":"info","msg":"Success","time":"2025-04-21T20:06:01+08:00"}
{"event":"get a article by id","level":"info","msg":"Success","time":"2025-04-21T20:06:01+08:00"}
{"event":"get all categories","level":"info","msg":"Success to get all categories","time":"2025-04-21T20:06:01+08:00"}
{"event":"get all categories","level":"info","msg":"Success to get all categories","time":"2025-04-21T20:06:01+08:00"}
{"event":"get a articleDTOs by userId","level":"info","msg":"Success","time":"2025-04-21T20:08:53+08:00"}
{"event":"get a articleDTOs by userId","level":"info","msg":"Success","time":"2025-04-21T20:08:53+08:00"}
{"event":"get a article by id","level":"info","msg":"Success","time":"2025-04-21T20:08:54+08:00"}
{"event":"get a article by id","level":"info","msg":"Success","time":"2025-04-21T20:08:54+08:00"}
{"event":"get a articleDTOs by userId","level":"info","msg":"Success","time":"2025-04-21T20:08:55+08:00"}
{"event":"get a articleDTOs by userId","level":"info","msg":"Success","time":"2025-04-21T20:08:55+08:00"}
{"event":"get all categories","level":"info","msg":"Success to get all categories","time":"2025-04-21T20:08:56+08:00"}
{"event":"get all categories","level":"info","msg":"Success to get all categories","time":"2025-04-21T20:08:56+08:00"}
{"event":"get a article by id","level":"info","msg":"Success","time":"2025-04-21T20:08:56+08:00"}
{"event":"get a article by id","level":"info","msg":"Success","time":"2025-04-21T20:08:56+08:00"}
{"event":"get all categories","level":"info","msg":"Success to get all categories","time":"2025-04-21T20:10:56+08:00"}
{"event":"get a article by id","level":"info","msg":"Success","time":"2025-04-21T20:10:56+08:00"}
{"event":"get all categories","level":"info","msg":"Success to get all categories","time":"2025-04-21T20:10:56+08:00"}
{"event":"get a article by id","level":"info","msg":"Success","time":"2025-04-21T20:10:56+08:00"}
{"event":"get all categories","level":"info","msg":"Success to get all categories","time":"2025-04-21T20:14:22+08:00"}
{"event":"get a article by id","level":"info","msg":"Success","time":"2025-04-21T20:14:22+08:00"}
{"event":"get all categories","level":"info","msg":"Success to get all categories","time":"2025-04-21T20:14:22+08:00"}
{"event":"get a article by id","level":"info","msg":"Success","time":"2025-04-21T20:14:22+08:00"}
{"event":"get all categories","level":"info","msg":"Success to get all categories","time":"2025-04-21T20:15:36+08:00"}
{"event":"get a article by id","level":"info","msg":"Success","time":"2025-04-21T20:15:36+08:00"}
{"event":"get a article by id","level":"info","msg":"Success","time":"2025-04-21T20:15:36+08:00"}
{"event":"get all categories","level":"info","msg":"Success to get all categories","time":"2025-04-21T20:15:36+08:00"}
{"event":"get a article by id","level":"info","msg":"Success","time":"2025-04-21T20:15:44+08:00"}
{"event":"get all categories","level":"info","msg":"Success to get all categories","time":"2025-04-21T20:15:44+08:00"}
{"event":"get a article by id","level":"info","msg":"Success","time":"2025-04-21T20:15:44+08:00"}
{"event":"get all categories","level":"info","msg":"Success to get all categories","time":"2025-04-21T20:15:44+08:00"}
{"event":"get a article by id","level":"info","msg":"Success","time":"2025-04-21T20:16:33+08:00"}
{"event":"get a article by id","level":"info","msg":"Success","time":"2025-04-21T20:16:33+08:00"}
{"event":"get all categories","level":"info","msg":"Success to get all categories","time":"2025-04-21T20:16:33+08:00"}
{"event":"get all categories","level":"info","msg":"Success to get all categories","time":"2025-04-21T20:16:33+08:00"}
{"event":"get all categories","level":"info","msg":"Success to get all categories","time":"2025-04-21T20:17:36+08:00"}
{"event":"get a article by id","level":"info","msg":"Success","time":"2025-04-21T20:17:36+08:00"}
{"event":"get all categories","level":"info","msg":"Success to get all categories","time":"2025-04-21T20:17:36+08:00"}
{"event":"get a article by id","level":"info","msg":"Success","time":"2025-04-21T20:17:36+08:00"}
{"event":"get a article by id","level":"info","msg":"Success","time":"2025-04-21T20:19:50+08:00"}
{"event":"get all categories","level":"info","msg":"Success to get all categories","time":"2025-04-21T20:19:50+08:00"}
{"event":"get all categories","level":"info","msg":"Success to get all categories","time":"2025-04-21T20:19:50+08:00"}
{"event":"get a article by id","level":"info","msg":"Success","time":"2025-04-21T20:19:50+08:00"}
{"event":"get a articleDTOs by userId","level":"info","msg":"Success","time":"2025-04-21T20:21:53+08:00"}
{"event":"get a articleDTOs by userId","level":"info","msg":"Success","time":"2025-04-21T20:21:53+08:00"}
{"event":"get all categories","level":"info","msg":"Success to get all categories","time":"2025-04-21T20:21:55+08:00"}
{"event":"get all categories","level":"info","msg":"Success to get all categories","time":"2025-04-21T20:21:55+08:00"}
{"event":"get all categories","level":"info","msg":"Success to get all categories","time":"2025-04-21T20:23:37+08:00"}
{"event":"get all categories","level":"info","msg":"Success to get all categories","time":"2025-04-21T20:23:37+08:00"}
{"event":"get a articleDTOs by userId","level":"info","msg":"Success","time":"2025-04-21T20:23:39+08:00"}
{"event":"get a articleDTOs by userId","level":"info","msg":"Success","time":"2025-04-21T20:23:39+08:00"}
{"event":"get a articleDTOs by userId","level":"info","msg":"Success","time":"2025-04-21T20:23:41+08:00"}
{"event":"get a article by id","level":"info","msg":"Success","time":"2025-04-21T20:23:43+08:00"}
{"event":"get a article by id","level":"info","msg":"Success","time":"2025-04-21T20:23:43+08:00"}
{"event":"get a articleDTOs by userId","level":"info","msg":"Success","time":"2025-04-21T20:23:46+08:00"}
{"event":"get a articleDTOs by userId","level":"info","msg":"Success","time":"2025-04-21T20:23:46+08:00"}
{"event":"get a articleDTOs by userId","level":"info","msg":"Success","time":"2025-04-21T20:23:47+08:00"}
{"event":"get a articleDTOs by userId","level":"info","msg":"Success","time":"2025-04-21T20:23:48+08:00"}
{"event":"get a articleDTOs by userId","level":"info","msg":"Success","time":"2025-04-21T20:23:52+08:00"}
{"event":"get all categories","level":"info","msg":"Success to get all categories","time":"2025-04-21T20:23:54+08:00"}
{"event":"get a article by id","level":"info","msg":"Success","time":"2025-04-21T20:23:54+08:00"}
{"event":"get all categories","level":"info","msg":"Success to get all categories","time":"2025-04-21T20:23:54+08:00"}
{"event":"get a article by id","level":"info","msg":"Success","time":"2025-04-21T20:23:54+08:00"}
{"event":"get a articleDTOs by userId","level":"info","msg":"Success","time":"2025-04-21T20:26:52+08:00"}
{"event":"get a articleDTOs by userId","level":"info","msg":"Success","time":"2025-04-21T20:26:52+08:00"}
{"event":"get a articleDTOs by userId","level":"info","msg":"Success","time":"2025-04-21T20:26:54+08:00"}
{"event":"get a articleDTOs by userId","level":"info","msg":"Success","time":"2025-04-21T20:26:55+08:00"}
{"event":"get a articleDTOs by userId","level":"info","msg":"Success","time":"2025-04-21T20:26:57+08:00"}
{"event":"get a article by id","level":"info","msg":"Success","time":"2025-04-21T20:26:57+08:00"}
{"event":"get a article by id","level":"info","msg":"Success","time":"2025-04-21T20:26:57+08:00"}
{"event":"get all categories","level":"info","msg":"Success to get all categories","time":"2025-04-23T19:35:23+08:00"}
{"event":"get all categories","level":"info","msg":"Success to get all categories","time":"2025-04-23T19:35:25+08:00"}
{"event":"get all categories","level":"info","msg":"Success to get all categories","time":"2025-04-23T19:35:25+08:00"}
{"event":"get get articleCategoryList by categoryId","level":"info","msg":"Success to get articleCategoryList by categoryId","time":"2025-04-23T19:35:25+08:00"}
{"event":"get get articleCategoryList by categoryId","level":"info","msg":"Success to get articleCategoryList by categoryId","time":"2025-04-23T19:35:25+08:00"}
{"event":"get a articleDTO by id","level":"info","msg":"Success","time":"2025-04-23T19:35:25+08:00"}
{"event":"get a articleDTO by id","level":"info","msg":"Success","time":"2025-04-23T19:35:25+08:00"}
{"event":"get a articleDTO by id","level":"info","msg":"Success","time":"2025-04-23T19:35:25+08:00"}
{"event":"get a articleDTO by id","level":"info","msg":"Success","time":"2025-04-23T19:35:25+08:00"}
{"event":"get a articleDTO by id","level":"info","msg":"Success","time":"2025-04-23T19:35:25+08:00"}
{"event":"get get articleCategoryList by categoryId","level":"info","msg":"Success to get articleCategoryList by categoryId","time":"2025-04-23T19:35:25+08:00"}
{"event":"get a articleDTO by id","level":"info","msg":"Success","time":"2025-04-23T19:35:25+08:00"}
{"event":"get a articleDTO by id","level":"info","msg":"Success","time":"2025-04-23T19:35:25+08:00"}
{"event":"get a articleDTO by id","level":"info","msg":"Success","time":"2025-04-23T19:35:25+08:00"}
{"event":"get get articleCategoryList by categoryId","level":"info","msg":"Success to get articleCategoryList by categoryId","time":"2025-04-23T19:35:25+08:00"}
{"event":"get get articleCategoryList by categoryId","level":"info","msg":"Success to get articleCategoryList by categoryId","time":"2025-04-23T19:35:25+08:00"}
{"event":"get a articleDTO by id","level":"info","msg":"Success","time":"2025-04-23T19:35:25+08:00"}
{"event":"get a articleDTO by id","level":"info","msg":"Success","time":"2025-04-23T19:35:25+08:00"}
{"event":"get a articleDTO by id","level":"info","msg":"Success","time":"2025-04-23T19:35:25+08:00"}
{"event":"get a articleDTO by id","level":"info","msg":"Success","time":"2025-04-23T19:35:25+08:00"}
{"event":"get a articleDTO by id","level":"info","msg":"Success","time":"2025-04-23T19:35:25+08:00"}
{"event":"get a articleDTO by id","level":"info","msg":"Success","time":"2025-04-23T19:35:25+08:00"}
{"event":"get a articleDTO by id","level":"info","msg":"Success","time":"2025-04-23T19:35:25+08:00"}
{"event":"get get articleCategoryList by categoryId","level":"info","msg":"Success to get articleCategoryList by categoryId","time":"2025-04-23T19:35:25+08:00"}
{"event":"get a articleDTO by id","level":"info","msg":"Success","time":"2025-04-23T19:35:25+08:00"}
{"event":"get a articleDTO by id","level":"info","msg":"Success","time":"2025-04-23T19:35:25+08:00"}
{"event":"get a articleDTO by id","level":"info","msg":"Success","time":"2025-04-23T19:35:25+08:00"}
{"event":"get a articleDTO by id","level":"info","msg":"Success","time":"2025-04-23T19:35:25+08:00"}
{"event":"get a articleDTO by id","level":"info","msg":"Success","time":"2025-04-23T19:35:25+08:00"}
{"event":"get a articleDTO by id","level":"info","msg":"Success","time":"2025-04-23T19:35:25+08:00"}
{"event":"get a articleDTOs by userId","level":"info","msg":"Success","time":"2025-04-23T19:35:29+08:00"}
{"event":"get a articleDTOs by userId","level":"info","msg":"Success","time":"2025-04-23T19:35:29+08:00"}
{"event":"get all categories","level":"info","msg":"Success to get all categories","time":"2025-04-23T19:35:36+08:00"}
{"event":"get all categories","level":"info","msg":"Success to get all categories","time":"2025-04-23T19:35:36+08:00"}
{"event":"get a article by id","level":"info","msg":"Success","time":"2025-04-23T19:35:36+08:00"}
{"event":"get a article by id","level":"info","msg":"Success","time":"2025-04-23T19:35:36+08:00"}
{"event":"get a articleDTOs by userId","level":"info","msg":"Success","time":"2025-04-23T19:35:41+08:00"}
{"event":"get a articleDTOs by userId","level":"info","msg":"Success","time":"2025-04-23T19:35:41+08:00"}
{"event":"get all categories","level":"info","msg":"Success to get all categories","time":"2025-04-23T19:35:41+08:00"}
{"event":"get all categories","level":"info","msg":"Success to get all categories","time":"2025-04-23T19:35:41+08:00"}
{"event":"get get articleCategoryList by categoryId","level":"info","msg":"Success to get articleCategoryList by categoryId","time":"2025-04-23T19:35:41+08:00"}
{"event":"get get articleCategoryList by categoryId","level":"info","msg":"Success to get articleCategoryList by categoryId","time":"2025-04-23T19:35:41+08:00"}
{"event":"get a articleDTO by id","level":"info","msg":"Success","time":"2025-04-23T19:35:41+08:00"}
{"event":"get a articleDTO by id","level":"info","msg":"Success","time":"2025-04-23T19:35:41+08:00"}
{"event":"get a articleDTO by id","level":"info","msg":"Success","time":"2025-04-23T19:35:41+08:00"}
{"event":"get get articleCategoryList by categoryId","level":"info","msg":"Success to get articleCategoryList by categoryId","time":"2025-04-23T19:35:41+08:00"}
{"event":"get a articleDTO by id","level":"info","msg":"Success","time":"2025-04-23T19:35:41+08:00"}
{"event":"get a articleDTO by id","level":"info","msg":"Success","time":"2025-04-23T19:35:41+08:00"}
{"event":"get a articleDTO by id","level":"info","msg":"Success","time":"2025-04-23T19:35:41+08:00"}
{"event":"get get articleCategoryList by categoryId","level":"info","msg":"Success to get articleCategoryList by categoryId","time":"2025-04-23T19:35:41+08:00"}
{"event":"get a articleDTO by id","level":"info","msg":"Success","time":"2025-04-23T19:35:41+08:00"}
{"event":"get a articleDTO by id","level":"info","msg":"Success","time":"2025-04-23T19:35:41+08:00"}
{"event":"get a articleDTO by id","level":"info","msg":"Success","time":"2025-04-23T19:35:41+08:00"}
{"event":"get get articleCategoryList by categoryId","level":"info","msg":"Success to get articleCategoryList by categoryId","time":"2025-04-23T19:35:41+08:00"}
{"event":"get a articleDTO by id","level":"info","msg":"Success","time":"2025-04-23T19:35:41+08:00"}
{"event":"get a articleDTO by id","level":"info","msg":"Success","time":"2025-04-23T19:35:41+08:00"}
{"event":"get a articleDTO by id","level":"info","msg":"Success","time":"2025-04-23T19:35:41+08:00"}
{"event":"get a articleDTO by id","level":"info","msg":"Success","time":"2025-04-23T19:35:41+08:00"}
{"event":"get a articleDTO by id","level":"info","msg":"Success","time":"2025-04-23T19:35:41+08:00"}
{"event":"get a articleDTO by id","level":"info","msg":"Success","time":"2025-04-23T19:35:41+08:00"}
{"event":"get get articleCategoryList by categoryId","level":"info","msg":"Success to get articleCategoryList by categoryId","time":"2025-04-23T19:35:41+08:00"}
{"event":"get a articleDTO by id","level":"info","msg":"Success","time":"2025-04-23T19:35:41+08:00"}
{"event":"get a articleDTO by id","level":"info","msg":"Success","time":"2025-04-23T19:35:41+08:00"}
{"event":"get a articleDTO by id","level":"info","msg":"Success","time":"2025-04-23T19:35:41+08:00"}
{"event":"get a articleDTO by id","level":"info","msg":"Success","time":"2025-04-23T19:35:41+08:00"}
{"event":"get a articleDTO by id","level":"info","msg":"Success","time":"2025-04-23T19:35:41+08:00"}
{"event":"get a articleDTO by id","level":"info","msg":"Success","time":"2025-04-23T19:35:41+08:00"}
{"event":"get a articleDTOs by userId","level":"info","msg":"Success","time":"2025-04-23T19:35:44+08:00"}
{"event":"get a articleDTOs by userId","level":"info","msg":"Success","time":"2025-04-23T19:35:44+08:00"}
{"event":"get a article by id","level":"info","msg":"Success","time":"2025-04-23T19:36:01+08:00"}
{"event":"get a article by id","level":"info","msg":"Success","time":"2025-04-23T19:36:01+08:00"}
{"event":"get a article by id","level":"info","msg":"Success","time":"2025-04-23T19:51:25+08:00"}
{"event":"get a article by id","level":"info","msg":"Success","time":"2025-04-23T19:54:10+08:00"}
{"event":"get a article by id","level":"info","msg":"Success","time":"2025-04-23T19:55:56+08:00"}
{"event":"get a article by id","level":"info","msg":"Success","time":"2025-04-23T19:55:56+08:00"}
{"event":"get a article by id","level":"info","msg":"Success","time":"2025-04-24T16:59:08+08:00"}
{"event":"get a article by id","level":"info","msg":"Success","time":"2025-04-24T16:59:08+08:00"}
{"event":"get all categories","level":"info","msg":"Success to get all categories","time":"2025-04-28T18:17:46+08:00"}
{"event":"get all categories","level":"info","msg":"Success to get all categories","time":"2025-04-28T18:17:46+08:00"}
{"event":"get a article by id","level":"info","msg":"Success","time":"2025-04-28T18:17:46+08:00"}
{"event":"get a article by id","level":"info","msg":"Success","time":"2025-04-28T18:17:46+08:00"}
{"event":"get get articleCategoryList by categoryId","level":"info","msg":"Success to get articleCategoryList by categoryId","time":"2025-04-28T18:17:46+08:00"}
{"event":"get get articleCategoryList by categoryId","level":"info","msg":"Success to get articleCategoryList by categoryId","time":"2025-04-28T18:17:46+08:00"}
{"event":"get a articleDTO by id","level":"info","msg":"Success","time":"2025-04-28T18:17:46+08:00"}
{"event":"get a articleDTO by id","level":"info","msg":"Success","time":"2025-04-28T18:17:46+08:00"}
{"event":"get a articleDTO by id","level":"info","msg":"Success","time":"2025-04-28T18:17:46+08:00"}
{"event":"get get articleCategoryList by categoryId","level":"info","msg":"Success to get articleCategoryList by categoryId","time":"2025-04-28T18:17:46+08:00"}
{"event":"get a articleDTO by id","level":"info","msg":"Success","time":"2025-04-28T18:17:46+08:00"}
{"event":"get a articleDTO by id","level":"info","msg":"Success","time":"2025-04-28T18:17:46+08:00"}
{"event":"get a articleDTO by id","level":"info","msg":"Success","time":"2025-04-28T18:17:46+08:00"}
{"event":"get a articleDTO by id","level":"info","msg":"Success","time":"2025-04-28T18:17:46+08:00"}
{"event":"get get articleCategoryList by categoryId","level":"info","msg":"Success to get articleCategoryList by categoryId","time":"2025-04-28T18:17:46+08:00"}
{"event":"get a articleDTO by id","level":"info","msg":"Success","time":"2025-04-28T18:17:46+08:00"}
{"event":"get a articleDTO by id","level":"info","msg":"Success","time":"2025-04-28T18:17:46+08:00"}
{"event":"get get articleCategoryList by categoryId","level":"info","msg":"Success to get articleCategoryList by categoryId","time":"2025-04-28T18:17:46+08:00"}
{"event":"get a articleDTO by id","level":"info","msg":"Success","time":"2025-04-28T18:17:46+08:00"}
{"event":"get a articleDTO by id","level":"info","msg":"Success","time":"2025-04-28T18:17:46+08:00"}
{"event":"get a articleDTO by id","level":"info","msg":"Success","time":"2025-04-28T18:17:46+08:00"}
{"event":"get a articleDTO by id","level":"info","msg":"Success","time":"2025-04-28T18:17:46+08:00"}
{"event":"get a articleDTO by id","level":"info","msg":"Success","time":"2025-04-28T18:17:46+08:00"}
{"event":"get a articleDTO by id","level":"info","msg":"Success","time":"2025-04-28T18:17:46+08:00"}
{"event":"get get articleCategoryList by categoryId","level":"info","msg":"Success to get articleCategoryList by categoryId","time":"2025-04-28T18:17:46+08:00"}
{"event":"get a articleDTO by id","level":"info","msg":"Success","time":"2025-04-28T18:17:46+08:00"}
{"event":"get a articleDTO by id","level":"info","msg":"Success","time":"2025-04-28T18:17:46+08:00"}
{"event":"get a articleDTO by id","level":"info","msg":"Success","time":"2025-04-28T18:17:46+08:00"}
{"event":"get a articleDTO by id","level":"info","msg":"Success","time":"2025-04-28T18:17:46+08:00"}
{"event":"get a articleDTO by id","level":"info","msg":"Success","time":"2025-04-28T18:17:46+08:00"}
{"event":"get a articleDTO by id","level":"info","msg":"Success","time":"2025-04-28T18:17:46+08:00"}
{"event":"get a articleDTOs by userId","level":"info","msg":"Success","time":"2025-04-28T18:18:03+08:00"}
{"event":"get a articleDTOs by userId","level":"info","msg":"Success","time":"2025-04-28T18:18:03+08:00"}
{"event":"get a article by id","level":"info","msg":"Success","time":"2025-04-28T18:18:10+08:00"}
{"event":"get a article by id","level":"info","msg":"Success","time":"2025-04-28T18:18:10+08:00"}
{"event":"get a article by id","level":"info","msg":"Success","time":"2025-04-28T18:31:38+08:00"}
{"event":"get a article by id","level":"info","msg":"Success","time":"2025-04-28T18:31:38+08:00"}
{"event":"get a article by id","level":"info","msg":"Success","time":"2025-04-28T18:31:38+08:00"}
{"event":"get a article by id","level":"info","msg":"Success","time":"2025-04-28T18:31:46+08:00"}
{"event":"get a article by id","level":"info","msg":"Success","time":"2025-04-28T18:31:46+08:00"}
{"event":"get a article by id","level":"info","msg":"Success","time":"2025-04-28T18:41:33+08:00"}
{"event":"get a article by id","level":"info","msg":"Success","time":"2025-04-28T18:41:33+08:00"}
{"event":"get a article by id","level":"info","msg":"Success","time":"2025-04-28T18:42:16+08:00"}
{"event":"get a article by id","level":"info","msg":"Success","time":"2025-04-28T18:42:34+08:00"}
{"event":"get a article by id","level":"info","msg":"Success","time":"2025-04-28T18:44:32+08:00"}
{"event":"get a article by id","level":"info","msg":"Success","time":"2025-04-28T18:44:32+08:00"}
{"event":"get a article by id","level":"info","msg":"Success","time":"2025-04-28T18:45:13+08:00"}
{"event":"get a article by id","level":"info","msg":"Success","time":"2025-04-28T18:45:30+08:00"}
{"event":"get a article by id","level":"info","msg":"Success","time":"2025-04-28T18:45:48+08:00"}
{"event":"get all categories","level":"info","msg":"Success to get all categories","time":"2025-04-28T18:46:05+08:00"}
{"event":"get all categories","level":"info","msg":"Success to get all categories","time":"2025-04-28T18:46:05+08:00"}
{"event":"get all categories","level":"info","msg":"Success to get all categories","time":"2025-04-28T18:46:05+08:00"}
{"event":"get get articleCategoryList by categoryId","level":"info","msg":"Success to get articleCategoryList by categoryId","time":"2025-04-28T18:46:05+08:00"}
{"event":"get get articleCategoryList by categoryId","level":"info","msg":"Success to get articleCategoryList by categoryId","time":"2025-04-28T18:46:05+08:00"}
{"event":"get a articleDTO by id","level":"info","msg":"Success","time":"2025-04-28T18:46:05+08:00"}
{"event":"get a articleDTO by id","level":"info","msg":"Success","time":"2025-04-28T18:46:05+08:00"}
{"event":"get a articleDTO by id","level":"info","msg":"Success","time":"2025-04-28T18:46:05+08:00"}
{"event":"get a articleDTO by id","level":"info","msg":"Success","time":"2025-04-28T18:46:05+08:00"}
{"event":"get get articleCategoryList by categoryId","level":"info","msg":"Success to get articleCategoryList by categoryId","time":"2025-04-28T18:46:05+08:00"}
{"event":"get a articleDTO by id","level":"info","msg":"Success","time":"2025-04-28T18:46:05+08:00"}
{"event":"get a articleDTO by id","level":"info","msg":"Success","time":"2025-04-28T18:46:05+08:00"}
{"event":"get a articleDTO by id","level":"info","msg":"Success","time":"2025-04-28T18:46:05+08:00"}
{"event":"get a articleDTO by id","level":"info","msg":"Success","time":"2025-04-28T18:46:05+08:00"}
{"event":"get get articleCategoryList by categoryId","level":"info","msg":"Success to get articleCategoryList by categoryId","time":"2025-04-28T18:46:05+08:00"}
{"event":"get a articleDTO by id","level":"info","msg":"Success","time":"2025-04-28T18:46:05+08:00"}
{"event":"get a articleDTO by id","level":"info","msg":"Success","time":"2025-04-28T18:46:05+08:00"}
{"event":"get a articleDTO by id","level":"info","msg":"Success","time":"2025-04-28T18:46:05+08:00"}
{"event":"get a articleDTO by id","level":"info","msg":"Success","time":"2025-04-28T18:46:05+08:00"}
{"event":"get a articleDTO by id","level":"info","msg":"Success","time":"2025-04-28T18:46:05+08:00"}
{"event":"get a articleDTO by id","level":"info","msg":"Success","time":"2025-04-28T18:46:05+08:00"}
{"event":"get a article by id","level":"info","msg":"Success","time":"2025-04-28T18:46:07+08:00"}
{"event":"get a article by id","level":"info","msg":"Success","time":"2025-04-28T18:46:07+08:00"}
{"event":"get a article by id","level":"info","msg":"Success","time":"2025-04-28T18:46:14+08:00"}
{"event":"get a article by id","level":"info","msg":"Success","time":"2025-04-28T18:47:33+08:00"}
{"event":"get all categories","level":"info","msg":"Success to get all categories","time":"2025-04-28T18:47:44+08:00"}
{"event":"get all categories","level":"info","msg":"Success to get all categories","time":"2025-04-28T18:47:44+08:00"}
{"event":"get get articleCategoryList by categoryId","level":"info","msg":"Success to get articleCategoryList by categoryId","time":"2025-04-28T18:47:44+08:00"}
{"event":"get get articleCategoryList by categoryId","level":"info","msg":"Success to get articleCategoryList by categoryId","time":"2025-04-28T18:47:44+08:00"}
{"event":"get a articleDTO by id","level":"info","msg":"Success","time":"2025-04-28T18:47:44+08:00"}
{"event":"get a articleDTO by id","level":"info","msg":"Success","time":"2025-04-28T18:47:44+08:00"}
{"event":"get a articleDTO by id","level":"info","msg":"Success","time":"2025-04-28T18:47:44+08:00"}
{"event":"get get articleCategoryList by categoryId","level":"info","msg":"Success to get articleCategoryList by categoryId","time":"2025-04-28T18:47:44+08:00"}
{"event":"get a articleDTO by id","level":"info","msg":"Success","time":"2025-04-28T18:47:44+08:00"}
{"event":"get a articleDTO by id","level":"info","msg":"Success","time":"2025-04-28T18:47:44+08:00"}
{"event":"get a articleDTO by id","level":"info","msg":"Success","time":"2025-04-28T18:47:44+08:00"}
{"event":"get a articleDTO by id","level":"info","msg":"Success","time":"2025-04-28T18:47:44+08:00"}
{"event":"get a articleDTO by id","level":"info","msg":"Success","time":"2025-04-28T18:47:44+08:00"}
{"event":"get get articleCategoryList by categoryId","level":"info","msg":"Success to get articleCategoryList by categoryId","time":"2025-04-28T18:47:44+08:00"}
{"event":"get a articleDTO by id","level":"info","msg":"Success","time":"2025-04-28T18:47:44+08:00"}
{"event":"get get articleCategoryList by categoryId","level":"info","msg":"Success to get articleCategoryList by categoryId","time":"2025-04-28T18:47:44+08:00"}
{"event":"get a articleDTO by id","level":"info","msg":"Success","time":"2025-04-28T18:47:44+08:00"}
{"event":"get a articleDTO by id","level":"info","msg":"Success","time":"2025-04-28T18:47:44+08:00"}
{"event":"get a articleDTO by id","level":"info","msg":"Success","time":"2025-04-28T18:47:44+08:00"}
{"event":"get a articleDTO by id","level":"info","msg":"Success","time":"2025-04-28T18:47:44+08:00"}
{"event":"get a articleDTO by id","level":"info","msg":"Success","time":"2025-04-28T18:47:44+08:00"}
{"event":"get a articleDTO by id","level":"info","msg":"Success","time":"2025-04-28T18:47:44+08:00"}
{"event":"get get articleCategoryList by categoryId","level":"info","msg":"Success to get articleCategoryList by categoryId","time":"2025-04-28T18:47:44+08:00"}
{"event":"get a articleDTO by id","level":"info","msg":"Success","time":"2025-04-28T18:47:44+08:00"}
{"event":"get a articleDTO by id","level":"info","msg":"Success","time":"2025-04-28T18:47:44+08:00"}
{"event":"get a articleDTO by id","level":"info","msg":"Success","time":"2025-04-28T18:47:44+08:00"}
{"event":"get a articleDTO by id","level":"info","msg":"Success","time":"2025-04-28T18:47:44+08:00"}
{"event":"get a articleDTO by id","level":"info","msg":"Success","time":"2025-04-28T18:47:44+08:00"}
{"event":"get a articleDTO by id","level":"info","msg":"Success","time":"2025-04-28T18:47:44+08:00"}
{"event":"get a article by id","level":"info","msg":"Success","time":"2025-04-28T18:47:45+08:00"}
{"event":"get a article by id","level":"info","msg":"Success","time":"2025-04-28T18:47:45+08:00"}
{"event":"get a article by id","level":"info","msg":"Success","time":"2025-04-28T18:48:05+08:00"}
{"event":"get a article by id","level":"info","msg":"Success","time":"2025-04-28T18:48:05+08:00"}
{"event":"get a article by id","level":"info","msg":"Success","time":"2025-04-28T18:55:46+08:00"}
{"event":"get a article by id","level":"info","msg":"Success","time":"2025-04-28T18:55:48+08:00"}
{"event":"get a article by id","level":"info","msg":"Success","time":"2025-04-28T18:55:48+08:00"}
{"event":"get a article by id","level":"info","msg":"Success","time":"2025-04-28T18:58:47+08:00"}
{"event":"get a article by id","level":"info","msg":"Success","time":"2025-04-28T18:58:47+08:00"}
{"event":"get a article by id","level":"info","msg":"Success","time":"2025-04-28T19:00:17+08:00"}
{"event":"get a article by id","level":"info","msg":"Success","time":"2025-04-28T19:01:49+08:00"}
{"event":"get a article by id","level":"info","msg":"Success","time":"2025-04-28T19:02:00+08:00"}
{"event":"get a article by id","level":"info","msg":"Success","time":"2025-04-28T19:02:03+08:00"}
{"event":"get a article by id","level":"info","msg":"Success","time":"2025-04-28T19:07:14+08:00"}
{"event":"get a article by id","level":"info","msg":"Success","time":"2025-04-28T19:09:37+08:00"}
{"event":"get a article by id","level":"info","msg":"Success","time":"2025-04-28T19:10:06+08:00"}
{"event":"get a article by id","level":"info","msg":"Success","time":"2025-04-28T19:16:54+08:00"}
{"event":"get a article by id","level":"info","msg":"Success","time":"2025-04-28T19:17:59+08:00"}
{"event":"get a article by id","level":"info","msg":"Success","time":"2025-04-28T19:18:01+08:00"}
{"event":"get a article by id","level":"info","msg":"Success","time":"2025-04-28T19:18:02+08:00"}
{"event":"get a article by id","level":"info","msg":"Success","time":"2025-04-28T19:18:07+08:00"}
{"event":"get a article by id","level":"info","msg":"Success","time":"2025-04-28T19:18:10+08:00"}
{"event":"get a article by id","level":"info","msg":"Success","time":"2025-04-28T19:18:14+08:00"}
{"event":"get a article by id","level":"info","msg":"Success","time":"2025-04-28T19:18:16+08:00"}
{"event":"get a article by id","level":"info","msg":"Success","time":"2025-04-28T19:18:29+08:00"}
{"event":"get a article by id","level":"info","msg":"Success","time":"2025-04-28T19:18:29+08:00"}
{"event":"get a article by id","level":"info","msg":"Success","time":"2025-04-28T19:18:33+08:00"}
{"event":"get a article by id","level":"info","msg":"Success","time":"2025-04-28T19:18:37+08:00"}
{"event":"get a article by id","level":"info","msg":"Success","time":"2025-04-28T19:18:43+08:00"}
{"event":"get a article by id","level":"info","msg":"Success","time":"2025-04-28T19:19:02+08:00"}
{"event":"get a article by id","level":"info","msg":"Success","time":"2025-04-28T19:19:05+08:00"}
{"event":"get a article by id","level":"info","msg":"Success","time":"2025-04-28T19:19:05+08:00"}
{"event":"get a article by id","level":"info","msg":"Success","time":"2025-04-28T19:36:29+08:00"}
{"event":"get a article by id","level":"info","msg":"Success","time":"2025-04-28T19:36:36+08:00"}
{"event":"get a article by id","level":"info","msg":"Success","time":"2025-04-28T19:45:07+08:00"}
{"event":"get a article by id","level":"info","msg":"Success","time":"2025-04-28T19:45:58+08:00"}
{"event":"get a article by id","level":"info","msg":"Success","time":"2025-04-28T19:46:03+08:00"}
{"event":"get a article by id","level":"info","msg":"Success","time":"2025-04-28T19:46:15+08:00"}
{"event":"get a article by id","level":"info","msg":"Success","time":"2025-04-28T19:46:19+08:00"}
{"event":"get a article by id","level":"info","msg":"Success","time":"2025-04-28T19:46:24+08:00"}
{"event":"get a article by id","level":"info","msg":"Success","time":"2025-04-28T19:46:29+08:00"}
{"event":"get a article by id","level":"info","msg":"Success","time":"2025-04-28T19:47:09+08:00"}
{"event":"get a article by id","level":"info","msg":"Success","time":"2025-04-28T19:47:29+08:00"}
{"event":"get a article by id","level":"info","msg":"Success","time":"2025-04-28T19:48:49+08:00"}
{"event":"get a article by id","level":"info","msg":"Success","time":"2025-04-28T19:49:31+08:00"}
{"event":"get a article by id","level":"info","msg":"Success","time":"2025-04-28T19:49:42+08:00"}
{"event":"get a article by id","level":"info","msg":"Success","time":"2025-04-28T19:49:48+08:00"}
{"event":"get a article by id","level":"info","msg":"Success","time":"2025-04-28T19:49:48+08:00"}
{"event":"get a article by id","level":"info","msg":"Success","time":"2025-04-28T19:51:07+08:00"}
{"event":"get a article by id","level":"info","msg":"Success","time":"2025-04-28T19:51:07+08:00"}
{"event":"get a article by id","level":"info","msg":"Success","time":"2025-04-28T19:53:56+08:00"}
{"event":"get a article by id","level":"info","msg":"Success","time":"2025-04-28T19:53:56+08:00"}
